stok_kodu,kategori_adi,urun_tipi,parent_stok_kodu,varyant_adi,olcu_mm,boy_ligne,aciklama,aktif_mi
100012,ALTTAN DİKME DÜĞME,ANA_URUN,,,12.0,19.0,,True
1000_108208,RİVET,ANA_URUN,,,8.0,13.0,,True
1000_108212,RİVET,ANA_URUN,,,12.0,19.0,,True
1000_108217,RİVET,ANA_URUN,,,17.0,27.0,,True
1001013,ALTTAN DİKME DÜĞME,ANA_URUN,,,13.0,21.0,,True
1001020,ALTTAN DİKME DÜĞME,ANA_URUN,,,20.0,32.0,,True
100112,RİVET,ANA_URUN,,,12.0,19.0,,True
1002909,ÜSTTEN DİKME DÜĞME,ANA_URUN,,,9.0,14.0,,True
1005910,ÜSTTEN DİKME DÜĞME,ANA_URUN,,,10.0,16.0,,True
1006911,ÜSTTEN DİKME DÜĞME,ANA_URUN,,,11.0,18.0,,True
1007_010,TOKA,ANA_URUN,,,10.0,16.0,,True
1008010,TOKA,ANA_URUN,,,10.0,16.0,,True
1010008,ALTTAN DİKME DÜĞME,ANA_URUN,,,8.0,13.0,,True
1011007,ALTTAN DİKME DÜĞME,ANA_URUN,,,7.0,11.0,,True
101105,RİVET,ANA_URUN,,,5.0,8.0,,True
101109,RİVET,ANA_URUN,,,9.0,14.0,,True
1012618,ÇAKMA DÜĞME,ANA_URUN,,,18.0,29.0,,True
1013917,ÜSTTEN DİKME DÜĞME,ANA_URUN,,,17.0,27.0,,True
1014809,SALLANTI,ANA_URUN,,,9.0,14.0,,True
10158012.5,BAĞ UCU,ANA_URUN,,,13.0,21.0,,True
1015808,BAĞ UCU,ANA_URUN,,,8.0,13.0,,True
1016809,SALLANTI,ANA_URUN,,,9.0,14.0,,True
1017809,SALLANTI,ANA_URUN,,,9.0,14.0,,True
1018808,SALLANTI,ANA_URUN,,,8.0,13.0,,True
1019207,RİVET,ANA_URUN,,,7.0,11.0,,True
102008,ALTTAN DİKME DÜĞME,ANA_URUN,,,8.0,13.0,,True
102010,ALTTAN DİKME DÜĞME,ANA_URUN,,,10.0,16.0,,True
102012,ALTTAN DİKME DÜĞME,ANA_URUN,,,12.0,19.0,,True
102014,ALTTAN DİKME DÜĞME,ANA_URUN,,,14.0,22.0,,True
102016,ALTTAN DİKME DÜĞME,ANA_URUN,,,16.0,26.0,,True
102018,ALTTAN DİKME DÜĞME,ANA_URUN,,,18.0,29.0,,True
102020:022,ALTTAN DİKME DÜĞME,ANA_URUN,,,20.0,32.0,,True
102025,ALTTAN DİKME DÜĞME,ANA_URUN,,,25.0,40.0,,True
1020920,ÜSTTEN DİKME DÜĞME,ANA_URUN,,,20.0,32.0,,True
1021112,RİVET,ANA_URUN,,,12.0,19.0,,True
1022011,TOKA,ANA_URUN,,,11.0,18.0,,True
1023009,TOKA,ANA_URUN,,,9.0,14.0,,True
1024035,TOKA,ANA_URUN,,,35.0,56.0,,True
1025019,TOKA,ANA_URUN,,,19.0,30.0,,True
1026033,TOKA,ANA_URUN,,,33.0,53.0,,True
1027007,ALTTAN DİKME DÜĞME,ANA_URUN,,,7.0,11.0,,True
1028028,TOKA,ANA_URUN,,,28.0,45.0,,True
1029033,TOKA,ANA_URUN,,,33.0,53.0,,True
1030013,ALTTAN DİKME DÜĞME,ANA_URUN,,,13.0,21.0,,True
1031017,TOKA,ANA_URUN,,,17.0,27.0,,True
103104,RİVET,ANA_URUN,,,4.0,6.0,,True
103106,RİVET,ANA_URUN,,,6.0,10.0,,True
103108,RİVET,ANA_URUN,,,8.0,13.0,,True
103110,RİVET,ANA_URUN,,,10.0,16.0,,True
103112,RİVET,ANA_URUN,,,12.0,19.0,,True
103114,RİVET,ANA_URUN,,,14.0,22.0,,True
1032011,ALTTAN DİKME DÜĞME,ANA_URUN,,,11.0,18.0,,True
103208,RİVET,ANA_URUN,,,8.0,13.0,,True
103210,RİVET,ANA_URUN,,,10.0,16.0,,True
103212,RİVET,ANA_URUN,,,12.0,19.0,,True
103214,RİVET,ANA_URUN,,,14.0,22.0,,True
1033207,RİVET,ANA_URUN,,,7.0,11.0,,True
1034010,ALTTAN DİKME DÜĞME,ANA_URUN,,,10.0,16.0,,True
1035030,TOKA,ANA_URUN,,,30.0,48.0,,True
1036017,TOKA,ANA_URUN,,,17.0,27.0,,True
1037010,TOKA,ANA_URUN,,,10.0,16.0,,True
1038053,TOKA,ANA_URUN,,,53.0,85.0,,True
1039024,TOKA,ANA_URUN,,,24.0,38.0,,True
1040025,TOKA,ANA_URUN,,,25.0,40.0,,True
1041030,TOKA,ANA_URUN,,,30.0,48.0,,True
104106:108,RİVET,ANA_URUN,,,6.0,10.0,,True
104110,RİVET,ANA_URUN,,,10.0,16.0,,True
104112,RİVET,ANA_URUN,,,12.0,19.0,,True
104114,RİVET,ANA_URUN,,,14.0,22.0,,True
1042014,TOKA,ANA_URUN,,,14.0,22.0,,True
104208,RİVET,ANA_URUN,,,8.0,13.0,,True
104210,RİVET,ANA_URUN,,,10.0,16.0,,True
104212,RİVET,ANA_URUN,,,12.0,19.0,,True
104214,RİVET,ANA_URUN,,,14.0,22.0,,True
1043010,ALTTAN DİKME DÜĞME,ANA_URUN,,,10.0,16.0,,True
1044009,ALTTAN DİKME DÜĞME,ANA_URUN,,,9.0,14.0,,True
1045025,TOKA,ANA_URUN,,,25.0,40.0,,True
1046046,ALTTAN DİKME DÜĞME,ANA_URUN,,,46.0,74.0,,True
104712,ÇIT ÇIT,ANA_URUN,,,12.0,19.0,,True
1047919,ÜSTTEN DİKME DÜĞME,ANA_URUN,,,19.0,30.0,,True
1048824,SALLANTI,ANA_URUN,,,24.0,38.0,,True
1049906,ÜSTTEN DİKME DÜĞME,ANA_URUN,,,6.0,10.0,,True
1050907.5,ÜSTTEN DİKME DÜĞME,ANA_URUN,,,8.0,13.0,,True
1051911,ÜSTTEN DİKME DÜĞME,ANA_URUN,,,11.0,18.0,,True
1052030,TOKA,ANA_URUN,,,30.0,48.0,,True
105211,RİVET,ANA_URUN,,,11.0,18.0,,True
1053804,SALLANTI,ANA_URUN,,,4.0,6.0,,True
1054908.5,ÜSTTEN DİKME DÜĞME,ANA_URUN,,,9.0,14.0,,True
1055007,TOKA,ANA_URUN,,,7.0,11.0,,True
105618,ÇAKMA DÜĞME,ANA_URUN,,,18.0,29.0,,True
105620,ÇAKMA DÜĞME,ANA_URUN,,,20.0,32.0,,True
1056911,ÜSTTEN DİKME DÜĞME,ANA_URUN,,,11.0,18.0,,True
1057810,SALLANTI,ANA_URUN,,,10.0,16.0,,True
1058922,ÜSTTEN DİKME DÜĞME,ANA_URUN,,,22.0,35.0,,True
1059014,TOKA,ANA_URUN,,,14.0,22.0,,True
1060020,TOKA,ANA_URUN,,,20.0,32.0,,True
1061020,TOKA,ANA_URUN,,,20.0,32.0,,True
106114,RİVET,ANA_URUN,,,14.0,22.0,,True
1062030,TOKA,ANA_URUN,,,30.0,48.0,,True
106214,RİVET,ANA_URUN,,,14.0,22.0,,True
1063063,TOKA,ANA_URUN,,,63.0,101.0,,True
1064-P,PUL,ANA_URUN,,,64.0,,,True
1065920,ÜSTTEN DİKME DÜĞME,ANA_URUN,,,20.0,32.0,,True
1066066,TOKA,ANA_URUN,,,66.0,106.0,,True
1067209.5,RİVET,ANA_URUN,,,10.0,16.0,,True
1068119,RİVET,ANA_URUN,,,19.0,30.0,,True
1069024,TOKA,ANA_URUN,,,24.0,28.0,,True
1069036,TOKA,ANA_URUN,,,36.0,58.0,,True
1070109,RİVET,ANA_URUN,,,9.0,14.0,,True
1070812,SALLANTI,ANA_URUN,,,12.0,19.0,,True
1071809,SALLANTI,ANA_URUN,,,9.0,14.0,,True
1072010,ALTTAN DİKME DÜĞME,ANA_URUN,,,10.0,16.0,,True
1073910,ÜSTTEN DİKME DÜĞME,ANA_URUN,,,10.0,16.0,,True
1074205,RİVET,ANA_URUN,,,5.0,8.0,,True
1075009,ALTTAN DİKME DÜĞME,ANA_URUN,,,9.0,14.0,,True
1076005.3,ALTTAN DİKME DÜĞME,ANA_URUN,,,6.0,10.0,,True
107618,ÇAKMA DÜĞME,ANA_URUN,,,18.0,29.0,,True
107624,ÇAKMA DÜĞME,ANA_URUN,,,24.0,38.0,,True
1077010,ALTTAN DİKME DÜĞME,ANA_URUN,,,10.0,,,True
1078110,TOKA,ANA_URUN,,,10.0,16.0,,True
1079,,ANA_URUN,,,,,,True
108006,SALLANTI,ANA_URUN,,,6.0,,,True
108015,ALTTAN DİKME DÜĞME,ANA_URUN,,,15.0,24.0,,True
108023,ALTTAN DİKME DÜĞME,ANA_URUN,,,23.0,37.0,,True
108034,SALLANTI,ANA_URUN,,,34.0,54.0,,True
1081065,SALLANTI,ANA_URUN,,,65.0,,,True
108109,RİVET,ANA_URUN,,,9.0,14.0,,True
108112,RİVET,ANA_URUN,,,12.0,19.0,,True
1082030,TOKA,ANA_URUN,,,30.0,48.0,,True
1083040,TOKA,ANA_URUN,,,40.0,,,True
1083050,TOKA,ANA_URUN,,,50.0,80.0,,True
1084_020,TOKA,ANA_URUN,,,20.0,32.0,,True
1085012,TOKA,ANA_URUN,,,12.0,19.0,,True
1086008,TOKA,ANA_URUN,,,8.0,13.0,,True
108617,ÇAKMA DÜĞME,ANA_URUN,,,17.0,27.0,,True
108620,ÇAKMA DÜĞME,ANA_URUN,,,20.0,32.0,,True
1087007,TOKA,ANA_URUN,,,7.0,11.0,,True
1088017,TOKA,ANA_URUN,,,17.0,27.0,,True
1089017,TOKA,ANA_URUN,,,17.0,,,True
1090010,AGRAF,ANA_URUN,,,10.0,,,True
109104,TOKA,ANA_URUN,,,40.0,,,True
109110,RİVET,ANA_URUN,,,10.0,16.0,,True
109209,RİVET,ANA_URUN,,,9.0,14.0,,True
10920911,ÜSTTEN DİKME DÜĞME,ANA_URUN,,,11.0,18.0,,True
109210,RİVET,ANA_URUN,,,10.0,16.0,,True
109214,RİVET,ANA_URUN,,,14.0,22.0,,True
1093050,TOKA,ANA_URUN,,,50.0,80.0,,True
1094040,TOKA,ANA_URUN,,,40.0,64.0,,True
109418,SABİT DÜĞME,ANA_URUN,,,18.0,29.0,,True
109420,SABİT DÜĞME,ANA_URUN,,,20.0,32.0,,True
1095212,RİVET,ANA_URUN,,,12.0,19.0,,True
1095214,RİVET,ANA_URUN,,,14.0,22.0,,True
109614,ÇAKMA DÜĞME,ANA_URUN,,,14.0,22.0,,True
109616,ÇAKMA DÜĞME,ANA_URUN,,,16.0,26.0,,True
109618,ÇAKMA DÜĞME,ANA_URUN,,,18.0,29.0,,True
109620T,ÇAKMA DÜĞME,ANA_URUN,,,20.0,32.0,,True
1096210,RİVET,ANA_URUN,,,10.0,16.0,,True
10970209,RİVET,ANA_URUN,,,9.0,14.0,,True
109714,ÇIT ÇIT,ANA_URUN,,,14.0,22.0,,True
1098020,ALTTAN DİKME DÜĞME,ANA_URUN,,,20.0,32.0,,True
1099050,ALTTAN DİKME DÜĞME,ANA_URUN,,,50.0,80.0,,True
1100017,ALTTAN DİKME DÜĞME,ANA_URUN,,,17.0,27.0,,True
1101017,ALTTAN DİKME DÜĞME,ANA_URUN,,,17.0,27.0,,True
110108,RİVET,ANA_URUN,,,8.0,13.0,,True
110112,RİVET,ANA_URUN,,,12.0,19.0,,True
1102011,ALTTAN DİKME DÜĞME,ANA_URUN,,,11.0,18.0,,True
1104207,RİVET,ANA_URUN,,,7.0,11.0,,True
1105020,TOKA,ANA_URUN,,,20.0,32.0,,True
110618,ÇAKMA DÜĞME,ANA_URUN,,,18.0,29.0,,True
110620,ÇAKMA DÜĞME,ANA_URUN,,,20.0,32.0,,True
1106910,ÜSTTEN DİKME DÜĞME,ANA_URUN,,,10.0,16.0,,True
1107909,ÜSTTEN DİKME DÜĞME,ANA_URUN,,,9.0,14.0,,True
1107910,ÜSTTEN DİKME DÜĞME,ANA_URUN,,,10.0,16.0,,True
1108_030,TOKA,ANA_URUN,,,30.0,48.0,,True
1110909.5,ÜSTTEN DİKME DÜĞME,ANA_URUN,,,10.0,16.0,,True
1111207.5,RİVET,ANA_URUN,,,8.0,13.0,,True
1112,SALLANTI,ANA_URUN,,,,,,True
1113011,TOKA,ANA_URUN,,,11.0,18.0,,True
1114908,ÜSTTEN DİKME DÜĞME,ANA_URUN,,,8.0,13.0,,True
1115915,ÜSTTEN DİKME DÜĞME,ANA_URUN,,,15.0,24.0,,True
1115917,ÜSTTEN DİKME DÜĞME,ANA_URUN,,,17.0,27.0,,True
1115920,ÜSTTEN DİKME DÜĞME,ANA_URUN,,,20.0,32.0,,True
1116913,ALTTAN DİKME DÜĞME,ANA_URUN,,,13.0,21.0,,True
1116915,ALTTAN DİKME DÜĞME,ANA_URUN,,,15.0,24.0,,True
1116917,ALTTAN DİKME DÜĞME,ANA_URUN,,,17.0,27.0,,True
1117011,TOKA,ANA_URUN,,,11.0,18.0,,True
1118023,TOKA,ANA_URUN,,,23.0,37.0,,True
111911,TOKA,ANA_URUN,,,11.0,18.0,,True
111913,TOKA,ANA_URUN,,,13.0,21.0,,True
111915,TOKA,ANA_URUN,,,15.0,24.0,,True
111917,TOKA,ANA_URUN,,,17.0,27.0,,True
111919,TOKA,ANA_URUN,,,19.0,30.0,,True
111921,TOKA,ANA_URUN,,,21.0,34.0,,True
111923,TOKA,ANA_URUN,,,23.0,37.0,,True
111925,TOKA,ANA_URUN,,,25.0,40.0,,True
111930,TOKA,ANA_URUN,,,30.0,48.0,,True
111935,TOKA,ANA_URUN,,,35.0,56.0,,True
1120208,RİVET,ANA_URUN,,,8.0,13.0,,True
1121025,TOKA,ANA_URUN,,,25.0,40.0,,True
112202,TOKA,ANA_URUN,,,20.0,,,True
1123035,TOKA,ANA_URUN,,,35.0,56.0,,True
1124020,TOKA,ANA_URUN,,,20.0,32.0,,True
1125822,SALLANTI,ANA_URUN,,,22.0,35.0,,True
1126812,SALLANTI,ANA_URUN,,,12.0,19.0,,True
1127620,ÇAKMA DÜĞME,ANA_URUN,,,20.0,32.0,,True
1128025,TOKA,ANA_URUN,,,25.0,40.0,,True
1129017,TOKA,ANA_URUN,,,17.0,,,True
1130030,TOKA,ANA_URUN,,,30.0,48.0,,True
1131023,TOKA,ANA_URUN,,,23.0,37.0,,True
1132030,TOKA,ANA_URUN,,,30.0,48.0,,True
1133015,ALTTAN DİKME DÜĞME,ANA_URUN,,,15.0,24.0,,True
1134207,RİVET,ANA_URUN,,,7.0,11.0,,True
1135 209,ÇAKMA DÜĞME,ANA_URUN,,,18.0,29.0,,True
1135618,RİVET,ANA_URUN,,,9.0,14.0,,True
113604,DİĞER AKSESUAR,ANA_URUN,,,40.0,,,True
113618,ÇAKMA DÜĞME,ANA_URUN,,,18.0,29.0,,True
113624,ÇAKMA DÜĞME,ANA_URUN,,,24.0,38.0,,True
113704,DİĞER AKSESUAR,ANA_URUN,,,40.0,,,True
1138013,ALTTAN DİKME DÜĞME,ANA_URUN,,,13.0,21.0,,True
113911,ÜSTTEN DİKME DÜĞME,ANA_URUN,,,11.0,18.0,,True
1139915,ÜSTTEN DİKME DÜĞME,ANA_URUN,,,15.0,24.0,,True
114043,TOKA,ANA_URUN,,,43.0,69.0,,True
1141820,SALLANTI,ANA_URUN,,,20.0,32.0,,True
1142717,ÇIT ÇIT,ANA_URUN,,,17.0,27.0,,True
1142720,ÇIT ÇIT,ANA_URUN,,,20.0,32.0,,True
1142725,ÇIT ÇIT,ANA_URUN,,,25.0,40.0,,True
1143023,TOKA,ANA_URUN,,,23.0,37.0,,True
1144015,TOKA,ANA_URUN,,,15.0,,,True
1145012,ALTTAN DİKME DÜĞME,ANA_URUN,,,12.0,19.0,,True
1145015,ALTTAN DİKME DÜĞME,ANA_URUN,,,15.0,,,True
1145020,ALTTAN DİKME DÜĞME,ANA_URUN,,,20.0,,,True
1146015,TOKA,ANA_URUN,,,15.0,24.0,,True
114620,ÇAKMA DÜĞME,ANA_URUN,,,20.0,32.0,,True
114624,ÇAKMA DÜĞME,ANA_URUN,,,24.0,38.0,,True
11471016,TOKA,ANA_URUN,,,16.0,26.0,,True
114820,TOKA,ANA_URUN,,,20.0,32.0,,True
1149010,ALTTAN DİKME DÜĞME,ANA_URUN,,,10.0,16.0,,True
1149010620012,ALTTAN DİKME DÜĞME,ANA_URUN,,,12.0,19.0,,True
1149010620017,ALTTAN DİKME DÜĞME,ANA_URUN,,,17.0,27.0,,True
1149010620020,ALTTAN DİKME DÜĞME,ANA_URUN,,,20.0,32.0,,True
1149010620212-t,ALTTAN DİKME DÜĞME,ANA_URUN,,,12.0,19.0,,True
1150050,TOKA,ANA_URUN,,,50.0,80.0,,True
115023,ALTTAN DİKME DÜĞME,ANA_URUN,,,23.0,37.0,,True
115024,ALTTAN DİKME DÜĞME,ANA_URUN,,,24.0,38.0,,True
1151048,TOKA,ANA_URUN,,,48.0,77.0,,True
1152025,TOKA,ANA_URUN,,,25.0,40.0,,True
115217,RİVET,ANA_URUN,,,17.0,27.0,,True
1153028,TOKA,ANA_URUN,,,28.0,45.0,,True
1153029,TOKA,ANA_URUN,,,29.0,46.0,,True
115405,TOKA,ANA_URUN,,,50.0,,,True
1155,TOKA,ANA_URUN,,,,,,True
115603,TOKA,ANA_URUN,,,30.0,,,True
115617,ÇAKMA DÜĞME,ANA_URUN,,,17.0,27.0,,True
115704,TOKA,ANA_URUN,,,40.0,,,True
115717,ÇIT ÇIT,ANA_URUN,,,17.0,27.0,,True
115805,PLAKA,ANA_URUN,,,50.0,,,True
1159025,TOKA,ANA_URUN,,,25.0,40.0,,True
1160020,TOKA,ANA_URUN,,,20.0,32.0,yok,True
1161010,TOKA,ANA_URUN,,,10.0,16.0,yok,True
1162,TOKA,ANA_URUN,,,,,yok,True
116212,RİVET,ANA_URUN,,,12.0,19.0,,True
1163025,TOKA,ANA_URUN,,,25.0,,yok,True
1164033,TOKA,ANA_URUN,,,33.0,,,True
1166 ZİNCİR,TOKA,ANA_URUN,,,,,,True
1167009,ALTTAN DİKME DÜĞME,ANA_URUN,,,9.0,14.0,yok,True
1169025,TOKA,ANA_URUN,,,25.0,40.0,,True
117023,ALTTAN DİKME DÜĞME,ANA_URUN,,,23.0,37.0,,True
117025,ALTTAN DİKME DÜĞME,ANA_URUN,,,25.0,40.0,,True
117028,ALTTAN DİKME DÜĞME,ANA_URUN,,,28.0,45.0,,True
1170912,ÜSTTEN DİKME DÜĞME,ANA_URUN,,,12.0,19.0,,True
1171,TOKA,ANA_URUN,,,,,,True
117115,RİVET,ANA_URUN,,,15.0,24.0,,True
1172029,TOKA,ANA_URUN,,,29.0,46.0,,True
1172034,TOKA,ANA_URUN,,,34.0,54.0,,True
1172052,TOKA,ANA_URUN,,,52.0,83.0,,True
117213,RİVET,ANA_URUN,,,13.0,21.0,,True
1173011,ALTTAN DİKME DÜĞME,ANA_URUN,,,11.0,18.0,,True
1174009,ALTTAN DİKME DÜĞME,ANA_URUN,,,9.0,14.0,,True
1175012,TOKA,ANA_URUN,,,12.0,19.0,,True
1176013,TOKA,ANA_URUN,,,13.0,21.0,,True
117620,ÇAKMA DÜĞME,ANA_URUN,,,20.0,32.0,,True
117624,ÇAKMA DÜĞME,ANA_URUN,,,24.0,38.0,,True
1177021,TOKA,ANA_URUN,,,21.0,34.0,,True
1178020,TOKA,ANA_URUN,,,20.0,32.0,,True
1179027,TOKA,ANA_URUN,,,27.0,43.0,,True
1180070,TOKA,ANA_URUN,,,70.0,112.0,,True
118012,ALTTAN DİKME DÜĞME,ANA_URUN,,,12.0,19.0,,True
118114,RİVET,ANA_URUN,,,14.0,22.0,,True
1181_050016,TOKA,ANA_URUN,,,16.0,,,True
1182014,SALLANTI,ANA_URUN,,,14.0,22.0,,True
1183011,ALTTAN DİKME DÜĞME,ANA_URUN,,,11.0,18.0,,True
1184016,ALTTAN DİKME DÜĞME,ANA_URUN,,,16.0,26.0,,True
1185010,TOKA,ANA_URUN,,,10.0,16.0,,True
1185014,TOKA,ANA_URUN,,,14.0,22.0,,True
1186018,ALTTAN DİKME DÜĞME,ANA_URUN,,,18.0,29.0,,True
118617,ÇAKMA DÜĞME,ANA_URUN,,,17.0,27.0,,True
118620,ÇAKMA DÜĞME,ANA_URUN,,,20.0,32.0,,True
118624,ÇAKMA DÜĞME,ANA_URUN,,,24.0,38.0,,True
1187035,ALTTAN DİKME DÜĞME,ANA_URUN,,,35.0,56.0,,True
118714,ÇIT ÇIT,ANA_URUN,,,14.0,22.0,,True
1188910,ÜSTTEN DİKME DÜĞME,ANA_URUN,,,10.0,16.0,,True
1189139,RİVET,ANA_URUN,,,39.0,62.0,,True
1190056,TOKA,ANA_URUN,,,56.0,90.0,yok,True
1191735,TOKA,ANA_URUN,,,35.0,56.0,,True
1192011,TOKA,ANA_URUN,,,11.0,18.0,,True
119209,RİVET,ANA_URUN,,,9.0,14.0,,True
119212,RİVET,ANA_URUN,,,12.0,19.0,,True
119218,RİVET,ANA_URUN,,,18.0,29.0,,True
1193 A,SALLANTI,ANA_URUN,,,,,,True
1195023,ALTTAN DİKME DÜĞME,ANA_URUN,,,23.0,37.0,,True
1196011,ALTTAN DİKME DÜĞME,ANA_URUN,,,11.0,18.0,,True
1197808,SALLANTI,ANA_URUN,,,8.0,13.0,,True
1198807,SALLANTI,ANA_URUN,,,7.0,11.0,,True
1199805,SALLANTI,ANA_URUN,,,5.0,8.0,,True
1200010,ALTTAN DİKME DÜĞME,ANA_URUN,,,10.0,16.0,,True
1201023,ALTTAN DİKME DÜĞME,ANA_URUN,,,23.0,37.0,,True
120214-T,RİVET,ANA_URUN,,,14.0,22.0,,True
1202715,ÇIT ÇIT,ANA_URUN,,,15.0,24.0,,True
1202718,ÇIT ÇIT,ANA_URUN,,,18.0,29.0,,True
1203020,,ANA_URUN,,,20.0,32.0,yok,True
1204012,BAĞ UCU,ANA_URUN,,,12.0,19.0,,True
1204014,BAĞ UCU,ANA_URUN,,,14.0,22.0,,True
1205036,TOKA,ANA_URUN,,,36.0,,,True
1206040,TOKA,ANA_URUN,,,40.0,,,True
1207003,TOKA,ANA_URUN,,,3.0,5.0,,True
1207004,TOKA,ANA_URUN,,,4.0,6.0,,True
1207005,TOKA,ANA_URUN,,,5.0,8.0,,True
1207006,TOKA,ANA_URUN,,,6.0,10.0,,True
1208720,ÇIT ÇIT,ANA_URUN,,,20.0,32.0,,True
1209009,ALTTAN DİKME DÜĞME,ANA_URUN,,,9.0,14.0,,True
1210041,TOKA,ANA_URUN,,,41.0,66.0,,True
1211040,TOKA,ANA_URUN,,,40.0,64.0,,True
121112,RİVET,ANA_URUN,,,12.0,19.0,,True
1212020,TOKA,ANA_URUN,,,20.0,32.0,,True
1213032,TOKA,ANA_URUN,,,32.0,,,True
1214910,ÜSTTEN DİKME DÜĞME,ANA_URUN,,,10.0,16.0,,True
1216008,TOKA,ANA_URUN,,,8.0,13.0,,True
121618,ÇAKMA DÜĞME,ANA_URUN,,,18.0,29.0,,True
121620,ÇAKMA DÜĞME,ANA_URUN,,,20.0,32.0,,True
1217020,TOKA,ANA_URUN,,,20.0,32.0,,True
1218020,,ANA_URUN,,,20.0,32.0,yok,True
1219007,ALTTAN DİKME DÜĞME,ANA_URUN,,,7.0,11.0,,True
1220009,,ANA_URUN,,,9.0,14.0,yok,True
122109,RİVET,ANA_URUN,,,9.0,14.0,,True
122114,RİVET,ANA_URUN,,,14.0,22.0,,True
1221809,TOKA,ANA_URUN,,,9.0,14.0,,True
1222020,TOKA,ANA_URUN,,,20.0,32.0,,True
1223018,TOKA,ANA_URUN,,,18.0,29.0,,True
1224018,TOKA,ANA_URUN,,,18.0,29.0,,True
1225006,ALTTAN DİKME DÜĞME,ANA_URUN,,,6.0,10.0,yok,True
1226030,TOKA,ANA_URUN,,,30.0,48.0,yok,True
1227028,TOKA,ANA_URUN,,,28.0,45.0,,True
1230052,TOKA,ANA_URUN,,,52.0,,yok,True
12311024,TOKA,ANA_URUN,,,24.0,38.0,,True
1232015,ALTTAN DİKME DÜĞME,ANA_URUN,,,15.0,24.0,,True
1232020,ALTTAN DİKME DÜĞME,ANA_URUN,,,20.0,32.0,,True
123212,RİVET,ANA_URUN,,,12.0,19.0,,True
123217,RİVET,ANA_URUN,,,17.0,27.0,,True
1233030,TOKA,ANA_URUN,,,30.0,48.0,,True
1233040,TOKA,ANA_URUN,,,40.0,64.0,,True
1233045,TOKA,ANA_URUN,,,45.0,72.0,,True
1234044,,ANA_URUN,,,44.0,70.0,yok,True
1235024,ALTTAN DİKME DÜĞME,ANA_URUN,,,24.0,38.0,,True
1236018,TOKA,ANA_URUN,,,18.0,29.0,,True
123617,ÇAKMA DÜĞME,ANA_URUN,,,17.0,27.0,,True
123620,ÇAKMA DÜĞME,ANA_URUN,,,20.0,32.0,,True
123624,ÇAKMA DÜĞME,ANA_URUN,,,24.0,38.0,,True
1237024,TOKA,ANA_URUN,,,24.0,38.0,,True
123717,ÇIT ÇIT,ANA_URUN,,,17.0,27.0,,True
1238109,RİVET,ANA_URUN,,,9.0,14.0,,True
1239205,RİVET,ANA_URUN,,,5.0,8.0,,True
1240008,TOKA,ANA_URUN,,,8.0,13.0,,True
124212,RİVET,ANA_URUN,,,12.0,19.0,,True
1242816,SALLANTI,ANA_URUN,,,16.0,26.0,,True
1243806,SALLANTI,ANA_URUN,,,6.0,10.0,,True
1244006,SALLANTI,ANA_URUN,,,6.0,,,True
1245015,TOKA,ANA_URUN,,,15.0,,,True
1246008,TOKA,ANA_URUN,,,8.0,13.0,,True
1247023,TOKA,ANA_URUN,,,23.0,37.0,yok,True
1248010,TOKA,ANA_URUN,,,10.0,16.0,,True
1249106,RİVET,ANA_URUN,,,6.0,10.0,,True
1251009,ALTTAN DİKME DÜĞME,ANA_URUN,,,9.0,14.0,,True
1251010,ALTTAN DİKME DÜĞME,ANA_URUN,,,10.0,16.0,,True
1251015,ALTTAN DİKME DÜĞME,ANA_URUN,,,15.0,24.0,,True
1251023,ALTTAN DİKME DÜĞME,ANA_URUN,,,23.0,37.0,,True
125114,RİVET,ANA_URUN,,,14.0,22.0,,True
125120,RİVET,ANA_URUN,,,20.0,32.0,,True
1252015,TOKA,ANA_URUN,,,15.0,24.0,,True
1253015,TOKA,ANA_URUN,,,15.0,24.0,yok,True
1254021-Y,TOKA,ANA_URUN,,,21.0,34.0,,True
1255010,ÜSTTEN DİKME DÜĞME,ANA_URUN,,,10.0,16.0,,True
1255011,ÜSTTEN DİKME DÜĞME,ANA_URUN,,,11.0,18.0,,True
1256014,ÇANTA TOKASI,ANA_URUN,,,14.0,22.0,yok,True
1257020,TOKA,ANA_URUN,,,20.0,32.0,,True
1257025,TOKA,ANA_URUN,,,25.0,40.0,,True
1258025,TOKA,ANA_URUN,,,25.0,40.0,yok,True
1259035,TOKA,ANA_URUN,,,35.0,56.0,yok,True
1261108,RİVET,ANA_URUN,,,8.0,13.0,,True
1262007,ALTTAN DİKME DÜĞME,ANA_URUN,,,7.0,11.0,,True
126211,RİVET,ANA_URUN,,,11.0,18.0,,True
1263020,TOKA,ANA_URUN,,,20.0,32.0,,True
126403.5,TOKA,ANA_URUN,,,35.0,,,True
1265013,YAKALIK,ANA_URUN,,,13.0,21.0,,True
1266006,TOKA,ANA_URUN,,,60.0,,,True
126618,ÇAKMA DÜĞME,ANA_URUN,,,18.0,29.0,,True
126620,ÇAKMA DÜĞME,ANA_URUN,,,20.0,32.0,,True
1267,,ANA_URUN,,,,,,True
1268020,TOKA,ANA_URUN,,,20.0,32.0,,True
1268030,TOKA,ANA_URUN,,,30.0,48.0,,True
1268050,TOKA,ANA_URUN,,,50.0,80.0,,True
1269019,TOKA,ANA_URUN,,,19.0,,,True
1270020,TOKA,ANA_URUN,,,20.0,32.0,yok,True
1271023,ÇIT ÇIT,ANA_URUN,,,23.0,37.0,,True
1272008,ALTTAN DİKME DÜĞME,ANA_URUN,,,8.0,13.0,,True
127211,RİVET,ANA_URUN,,,11.0,18.0,,True
1273011,TOKA,ANA_URUN,,,11.0,18.0,,True
1274107,RİVET,ANA_URUN,,,7.0,11.0,,True
1274109,RİVET,ANA_URUN,,,9.0,14.0,yok,True
1275105,RİVET,ANA_URUN,,,5.0,8.0,,True
1275106,RİVET,ANA_URUN,,,6.0,10.0,yok,True
1276020,TOKA,ANA_URUN,,,20.0,,yok,True
127711,ÇIT ÇIT,ANA_URUN,,,11.0,18.0,,True
1280805,TOKA,ANA_URUN,,,5.0,8.0,,True
128104.5,PİRSİNG,ANA_URUN,,,45.0,,,True
128204,ELCİK,ANA_URUN,,,40.0,,,True
128317,ÇAKMA DÜĞME,ANA_URUN,,,17.0,27.0,,True
1285020,TOKA,ANA_URUN,,,20.0,32.0,,True
1285025,TOKA,ANA_URUN,,,25.0,40.0,,True
128505,TOKA,ANA_URUN,,,5.0,,,True
128602.5,TOKA,ANA_URUN,,,25.0,,,True
128617,ÇAKMA DÜĞME,ANA_URUN,,,17.0,27.0,,True
1287030,PAPAĞAN,ANA_URUN,,,30.0,,yok,True
1289-PUL,PUL,ANA_URUN,,,36.8,,,True
1289025,KÖPRÜ,ANA_URUN,,,25.0,40.0,,True
1290722,ÇIT ÇIT,ANA_URUN,,,22.0,35.0,,True
1291024,KUŞGÖZÜ,ANA_URUN,,,24.0,38.0,,True
1292020,TOKA,ANA_URUN,,,20.0,32.0,,True
1292025,TOKA,ANA_URUN,,,25.0,40.0,,True
129211,RİVET,ANA_URUN,,,11.0,18.0,,True
1293036,ELCİK,ANA_URUN,,,36.0,,,True
1294107,TROP,ANA_URUN,,,7.0,11.0,,True
1295025,TOKA,ANA_URUN,,,25.0,40.0,,True
129603,ÇANTA TOKASI,ANA_URUN,,,30.0,,,True
1297025,TOKA,ANA_URUN,,,25.0,40.0,,True
129714,ÇIT ÇIT,ANA_URUN,,,14.0,22.0,,True
129717,ÇIT ÇIT,ANA_URUN,,,17.0,27.0,,True
1298020,TOKA,ANA_URUN,,,20.0,32.0,,True
1298025,TOKA,ANA_URUN,,,25.0,40.0,,True
1299020,TOKA,ANA_URUN,,,20.0,32.0,,True
1300034,ELCİK,ANA_URUN,,,34.0,,,True
130015,ALTTAN DİKME DÜĞME,ANA_URUN,,,15.0,24.0,,True
130017,ALTTAN DİKME DÜĞME,ANA_URUN,,,17.0,27.0,,True
130020,ALTTAN DİKME DÜĞME,ANA_URUN,,,20.0,32.0,,True
1301,TOKA,ANA_URUN,,,,,,True
1302106,TROP,ANA_URUN,,,6.0,10.0,,True
1314810,SALLANTI,ANA_URUN,,,10.0,16.0,,True
1315028,ÇANTA TOKASI,ANA_URUN,,,28.0,,,True
1316012,AGRAF,ANA_URUN,,,12.0,19.0,,True
131620,ÇAKMA DÜĞME,ANA_URUN,,,20.0,32.0,,True
131622,ÇAKMA DÜĞME,ANA_URUN,,,22.0,35.0,,True
1317032,PLAKA,ANA_URUN,,,32.0,,,True
1318049,PLAKA,ANA_URUN,,,49.0,,,True
1319080,ELCİK,ANA_URUN,,,8.0,,,True
1320,ELCİK,ANA_URUN,,,,,,True
132103,TOKA,ANA_URUN,,,30.0,,,True
132111,RİVET,ANA_URUN,,,11.0,18.0,,True
132114,RİVET,ANA_URUN,,,14.0,22.0,,True
132203,TOKA,ANA_URUN,,,30.0,,,True
132211,RİVET,ANA_URUN,,,11.0,18.0,,True
132302.5,ÇANTA TOKASI,ANA_URUN,,,25.0,,,True
1324019,ALTTAN DİKME DÜĞME,ANA_URUN,,,19.0,30.0,,True
1325910,ÜSTTEN DİKME DÜĞME,ANA_URUN,,,10.0,16.0,,True
1326027,TOKA,ANA_URUN,,,27.0,,,True
132614,ÇAKMA DÜĞME,ANA_URUN,,,14.0,22.0,,True
132617,ÇAKMA DÜĞME,ANA_URUN,,,17.0,27.0,,True
132620,ÇAKMA DÜĞME,ANA_URUN,,,20.0,32.0,,True
1327810,BAĞ UCU,ANA_URUN,,,10.0,16.0,,True
1328021,TOKA,ANA_URUN,,,21.0,,,True
1329,YAKALIK,ANA_URUN,,,,,,True
133003,PAPAĞAN,ANA_URUN,,,30.0,,,True
1331019,PAPAĞAN,ANA_URUN,,,19.0,,,True
133108,RİVET,ANA_URUN,,,8.0,13.0,,True
133114,RİVET,ANA_URUN,,,14.0,22.0,,True
1332,TOKA,ANA_URUN,,,,,,True
133208,RİVET,ANA_URUN,,,8.0,13.0,,True
133210,RİVET,ANA_URUN,,,10.0,16.0,,True
133212,RİVET,ANA_URUN,,,12.0,19.0,,True
133214,RİVET,ANA_URUN,,,14.0,22.0,,True
133301,TOKA,ANA_URUN,,,10.0,,,True
133402,TOKA,ANA_URUN,,,20.0,,,True
133502,KÖPRÜ,ANA_URUN,,,20.0,,,True
1336,ÇIT ÇIT,ANA_URUN,,,,,,True
133614,ÇAKMA DÜĞME,ANA_URUN,,,14.0,22.0,,True
133616,ÇAKMA DÜĞME,ANA_URUN,,,16.0,26.0,,True
133618,ÇAKMA DÜĞME,ANA_URUN,,,18.0,29.0,,True
133620,ÇAKMA DÜĞME,ANA_URUN,,,20.0,32.0,,True
1337032,PLAKA,ANA_URUN,,,32.0,,,True
1338025,TOKA,ANA_URUN,,,25.0,40.0,,True
133905,TOKA,ANA_URUN,,,50.0,,,True
1340745,ÇIT ÇIT,ANA_URUN,,,45.0,72.0,,True
1341720,ÇIT ÇIT,ANA_URUN,,,20.0,32.0,,True
1342018,TOKA,ANA_URUN,,,18.0,,,True
1343015,TOKA,ANA_URUN,,,15.0,24.0,,True
134401.5,TOKA,ANA_URUN,,,15.0,,,True
1345717,ÇIT ÇIT,ANA_URUN,,,17.0,27.0,,True
134605,KISTIRMA,ANA_URUN,,,5.0,,,True
134703,TOKA,ANA_URUN,,,30.0,,,True
134803,PLAKA,ANA_URUN,,,30.0,,,True
1349017,KİLİT,ANA_URUN,,,17.0,,,True
134915,ÜSTTEN DİKME DÜĞME,ANA_URUN,,,15.0,24.0,,True
134917,ÜSTTEN DİKME DÜĞME,ANA_URUN,,,17.0,27.0,,True
134920,ÜSTTEN DİKME DÜĞME,ANA_URUN,,,20.0,32.0,,True
135001.5,DİĞER AKSESUAR,ANA_URUN,,,15.0,,,True
1351011,TOKA,ANA_URUN,,,11.0,18.0,,True
1352020,TOKA,ANA_URUN,,,20.0,32.0,,True
135304,PLAKA,ANA_URUN,,,40.0,,,True
1354106,RİVET,ANA_URUN,,,6.0,10.0,,True
1355115,RİVET,ANA_URUN,,,15.0,24.0,,True
135605,TOKA,ANA_URUN,,,50.0,,,True
1357(KISTIRMA),KISTIRMA,ANA_URUN,,,20.0,,,True
1358815,PAPAĞAN,ANA_URUN,,,15.0,24.0,,True
13599010,ÜSTTEN DİKME DÜĞME,ANA_URUN,,,10.0,16.0,,True
1359909,ÜSTTEN DİKME DÜĞME,ANA_URUN,,,9.0,14.0,,True
1360020,TOKA,ANA_URUN,,,20.0,32.0,,True
136106,RİVET,ANA_URUN,,,6.0,10.0,,True
1361909,ÜSTTEN DİKME DÜĞME,ANA_URUN,,,9.0,14.0,,True
1362015,ALTTAN DİKME DÜĞME,ANA_URUN,,,15.0,24.0,,True
1362020,ALTTAN DİKME DÜĞME,ANA_URUN,,,20.0,32.0,,True
136206,RİVET,ANA_URUN,,,6.0,10.0,,True
136208,RİVET,ANA_URUN,,,8.0,13.0,,True
136210,RİVET,ANA_URUN,,,10.0,16.0,,True
136212,RİVET,ANA_URUN,,,12.0,19.0,,True
136214,RİVET,ANA_URUN,,,14.0,22.0,,True
136308,SALLANTI,ANA_URUN,,,8.0,,,True
1364911,ÜSTTEN DİKME DÜĞME,ANA_URUN,,,11.0,18.0,,True
136502.5,DİĞER AKSESUAR,ANA_URUN,,,25.0,,,True
1366020,TOKA,ANA_URUN,,,20.0,32.0,,True
136620,ÇAKMA DÜĞME,ANA_URUN,,,20.0,32.0,,True
136622,ÇAKMA DÜĞME,ANA_URUN,,,22.0,35.0,,True
136714,ÇIT ÇIT,ANA_URUN,,,14.0,22.0,,True
136716,ÇIT ÇIT,ANA_URUN,,,16.0,26.0,,True
136718,ÇIT ÇIT,ANA_URUN,,,18.0,29.0,,True
136720,ÇIT ÇIT,ANA_URUN,,,20.0,32.0,,True
1367209,RİVET,ANA_URUN,,,9.0,14.0,,True
1368,TOKA,ANA_URUN,,,22.0,,,True
136903,TOKA,ANA_URUN,,,30.0,,,True
1370014,TOKA,ANA_URUN,,,14.0,22.0,,True
1371021,SALLANTI,ANA_URUN,,,21.0,34.0,,True
1372012,SALLANTI,ANA_URUN,,,12.0,,,True
137214,RİVET,ANA_URUN,,,14.0,22.0,,True
1373015.5,TOKA,ANA_URUN,,,16.0,26.0,,True
1374911.3,ÜSTTEN DİKME DÜĞME,ANA_URUN,,,11.3,18.0,,True
1375,,ANA_URUN,,,,,,True
1376025,TOKA,ANA_URUN,,,25.0,40.0,,True
137618,ÇAKMA DÜĞME,ANA_URUN,,,18.0,29.0,,True
137620,ÇAKMA DÜĞME,ANA_URUN,,,20.0,32.0,,True
137624,ÇAKMA DÜĞME,ANA_URUN,,,24.0,38.0,,True
1377618,ÇIT ÇIT,ANA_URUN,,,18.0,,,True
1378207,ÇIT ÇIT,ANA_URUN,,,7.0,11.0,,True
1378620,ÇIT ÇIT,ANA_URUN,,,20.0,32.0,,True
1379030,AGRAF,ANA_URUN,,,30.0,48.0,,True
1380037,TOKA,ANA_URUN,,,37.0,59.0,,True
1381025,KÖPRÜ,ANA_URUN,,,25.0,40.0,,True
1382020,TOKA,ANA_URUN,,,20.0,32.0,,True
1384,PAPAĞAN,ANA_URUN,,,,,,True
1385020,PAPAĞAN,ANA_URUN,,,20.0,,,True
1386011.5,TOKA,ANA_URUN,,,12.0,19.0,,True
138702,DİĞER AKSESUAR,ANA_URUN,,,20.0,,,True
1388071,PİRSİNG,ANA_URUN,,,71.0,114.0,,True
1389032,TOKA,ANA_URUN,,,32.0,51.0,,True
138907,ÜSTTEN DİKME DÜĞME,ANA_URUN,,,7.0,11.0,,True
138924,ÜSTTEN DİKME DÜĞME,ANA_URUN,,,24.0,38.0,,True
139005.5,TOKA,ANA_URUN,,,6.0,10.0,,True
1391028,ELCİK,ANA_URUN,,,28.0,,,True
13920125,YAKALIK,ANA_URUN,,,120.0,,,True
139303.5,DİĞER AKSESUAR,ANA_URUN,,,3.5,,,True
1394040,DİĞER AKSESUAR,ANA_URUN,,,40.0,,,True
1395,TOKA,ANA_URUN,,,,,,True
1396009,DİĞER AKSESUAR,ANA_URUN,,,9.0,,,True
1397031.4,KANCA,ANA_URUN,,,1.4,,,True
1398009,PAPAĞAN,ANA_URUN,,,9.0,,,True
1399015,ALTTAN DİKME DÜĞME,ANA_URUN,,,15.0,24.0,,True
1399018,ALTTAN DİKME DÜĞME,ANA_URUN,,,18.0,29.0,,True
1399021,ALTTAN DİKME DÜĞME,ANA_URUN,,,21.0,34.0,,True
139924,ÜSTTEN DİKME DÜĞME,ANA_URUN,,,24.0,38.0,,True
1400802,SALLANTI,ANA_URUN,,,2.0,3.0,,True
1401019,PLAKA,ANA_URUN,,,19.0,30.0,,True
1402030,HALKA,ANA_URUN,,,30.0,48.0,,True
140212,RİVET,ANA_URUN,,,12.0,19.0,,True
1403040,HALKA,ANA_URUN,,,40.0,64.0,,True
140404,DİĞER AKSESUAR,ANA_URUN,,,4.0,6.0,,True
1405033,ÜSTTEN DİKME DÜĞME,ANA_URUN,,,33.0,53.0,,True
1406030,DİĞER AKSESUAR,ANA_URUN,,,30.0,,,True
1407030,DİĞER AKSESUAR,ANA_URUN,,,30.0,,,True
1408026,DİĞER AKSESUAR,ANA_URUN,,,26.0,,,True
1409014,AYAR,ANA_URUN,,,14.0,,,True
1410040,DİĞER AKSESUAR,ANA_URUN,,,40.0,,,True
1411030,SALLANTI,ANA_URUN,,,30.0,48.0,,True
141114,RİVET,ANA_URUN,,,14.0,22.0,,True
1412020,PLAKA,ANA_URUN,,,20.0,,,True
141214,RİVET,ANA_URUN,,,14.0,22.0,,True
141217,RİVET,ANA_URUN,,,17.0,27.0,,True
141302.5,PLAKA,ANA_URUN,,,25.0,,,True
1414050,PLAKA,ANA_URUN,,,50.0,,,True
1415820,BAĞ UCU,ANA_URUN,,,20.0,32.0,,True
141601.5,AGRAF,ANA_URUN,,,15.0,,,True
1417026,SALLANTI,ANA_URUN,,,26.0,,,True
141714,ÇIT ÇIT,ANA_URUN,,,14.0,22.0,,True
1418020,SALLANTI,ANA_URUN,,,20.0,,,True
1420,,ANA_URUN,,,,,,True
1421,,ANA_URUN,,,,,,True
1422027,TOKA,ANA_URUN,,,27.0,43.0,,True
142214,RİVET,ANA_URUN,,,14.0,22.0,,True
142217,RİVET,ANA_URUN,,,17.0,27.0,,True
1423016,HALKA,ANA_URUN,,,16.0,26.0,,True
1424021,AYAR,ANA_URUN,,,21.0,34.0,,True
1425024,TOKA,ANA_URUN,,,24.0,,,True
1426004,BAĞ UCU,ANA_URUN,,,4.0,,,True
142618,ÇAKMA DÜĞME,ANA_URUN,,,18.0,29.0,,True
142714,ÇIT ÇIT,ANA_URUN,,,14.0,22.0,,True
1427911,ÜSTTEN DİKME DÜĞME,ANA_URUN,,,12.0,19.0,,True
1428048,HALKA,ANA_URUN,,,48.0,77.0,,True
1428050,HALKA,ANA_URUN,,,50.0,80.0,,True
1429023,PLAKA,ANA_URUN,,,23.0,37.0,,True
1430030,D TOKA,ANA_URUN,,,30.0,48.0,,True
1431020,TOKA,ANA_URUN,,,20.0,32.0,,True
1432020,PAPAĞAN,ANA_URUN,,,20.0,,,True
1433,PAPAĞAN,ANA_URUN,,,,,,True
1434030,TOKA,ANA_URUN,,,30.0,48.0,,True
1435015,ALTTAN DİKME DÜĞME,ANA_URUN,,,15.0,24.0,,True
1436060,YAKALIK,ANA_URUN,,,60.0,,,True
143618,ÇAKMA DÜĞME,ANA_URUN,,,18.0,29.0,,True
143703.5,ALTTAN DİKME DÜĞME,ANA_URUN,,,35.0,,,True
1438014,YAKALIK,ANA_URUN,,,140.0,,,True
1439020,TOKA,ANA_URUN,,,20.0,,,True
1440010,ALTTAN DİKME DÜĞME,ANA_URUN,,,10.0,16.0,,True
1441008,TOKA,ANA_URUN,,,8.0,13.0,,True
1442,TOKA,ANA_URUN,,,25.0,,,True
1443,TOKA,ANA_URUN,,,25.0,,,True
1444,TOKA,ANA_URUN,,,40.0,,,True
144440,SABİT DÜĞME,ANA_URUN,,,40.0,64.0,,True
1445025,ÇIT ÇIT,ANA_URUN,,,25.0,40.0,,True
1446014,ÜSTTEN DİKME DÜĞME,ANA_URUN,,,14.0,22.0,,True
1447030,TOKA,ANA_URUN,,,30.0,48.0,,True
144740,ÇIT ÇIT,ANA_URUN,,,40.0,64.0,,True
1448040,ELCİK,ANA_URUN,,,40.0,64.0,,True
1449021,ELCİK,ANA_URUN,,,21.0,34.0,,True
1450012,ELCİK,ANA_URUN,,,12.0,19.0,,True
1451050,ELCİK,ANA_URUN,,,50.0,80.0,,True
1452035,HALKA,ANA_URUN,,,35.0,56.0,,True
145209,RİVET,ANA_URUN,,,9.0,14.0,,True
1453070,TOKA,ANA_URUN,,,70.0,112.0,,True
1454020,TOKA,ANA_URUN,,,20.0,32.0,,True
1455045,D TOKA,ANA_URUN,,,45.0,64.0,,True
1455050,D TOKA,ANA_URUN,,,50.0,8.0,,True
1456013,HALKA,ANA_URUN,,,13.0,21.0,,True
1456030,HALKA,ANA_URUN,,,30.0,,,True
1457020,TOKA,ANA_URUN,,,20.0,32.0,,True
1458020,TOKA,ANA_URUN,,,20.0,32.0,,True
1459016,TOKA,ANA_URUN,,,16.0,26.0,,True
1460,,ANA_URUN,,,,,,True
1461,,ANA_URUN,,,,,,True
1462,,ANA_URUN,,,,,,True
146212,RİVET,ANA_URUN,,,12.0,19.0,,True
146214,RİVET,ANA_URUN,,,14.0,22.0,,True
1463,,ANA_URUN,,,,,,True
1464,,ANA_URUN,,,,,,True
1465035,HALKA,ANA_URUN,,,35.0,56.0,,True
1465040,HALKA,ANA_URUN,,,40.0,64.0,,True
1465050,HALKA,ANA_URUN,,,50.0,,,True
1465070,HALKA,ANA_URUN,,,70.0,112.0,,True
1466013,SALLANTI,ANA_URUN,,,13.0,21.0,,True
146618,ÇAKMA DÜĞME,ANA_URUN,,,18.0,29.0,,True
1467010,RİVET,ANA_URUN,,,10.0,,,True
146714,ÇIT ÇIT,ANA_URUN,,,14.0,22.0,,True
1468015,TOKA,ANA_URUN,,,15.0,24.0,,True
1469015,TOKA,ANA_URUN,,,15.0,24.0,,True
147012,ALTTAN DİKME DÜĞME,ANA_URUN,,,12.0,19.0,,True
147015,ALTTAN DİKME DÜĞME,ANA_URUN,,,15.0,24.0,,True
147017,ALTTAN DİKME DÜĞME,ANA_URUN,,,17.0,27.0,,True
147020,ALTTAN DİKME DÜĞME,ANA_URUN,,,20.0,32.0,,True
1470720,ÇIT ÇIT,ANA_URUN,,,20.0,32.0,,True
1471025,TOKA,ANA_URUN,,,25.0,40.0,,True
1472015,ALTTAN DİKME DÜĞME,ANA_URUN,,,15.0,24.0,,True
1472018,ALTTAN DİKME DÜĞME,ANA_URUN,,,18.0,29.0,,True
1474815,BAĞ UCU,ANA_URUN,,,15.0,24.0,,True
1475818,BAĞ UCU,ANA_URUN,,,18.0,29.0,,True
1476013,ÇIT ÇIT,ANA_URUN,,,13.0,21.0,,True
1476015,ÇIT ÇIT,ANA_URUN,,,15.0,24.0,,True
1476017,ÇIT ÇIT,ANA_URUN,,,17.0,27.0,,True
1477025,HALKA,ANA_URUN,,,25.0,40.0,,True
1478016,TOKA,ANA_URUN,,,16.0,26.0,,True
1480012,,ANA_URUN,,,12.0,19.0,,True
14810065,TOKA,ANA_URUN,,,65.0,104.0,,True
1481025,D TOKA,ANA_URUN,,,25.0,40.0,,True
1481030,D TOKA,ANA_URUN,,,30.0,48.0,,True
1481035,D TOKA,ANA_URUN,,,35.0,56.0,,True
1481040,D TOKA,ANA_URUN,,,40.0,64.0,,True
1481045,D TOKA,ANA_URUN,,,45.0,72.0,,True
1481055,D TOKA,ANA_URUN,,,55.0,88.0,,True
1481060,D TOKA,ANA_URUN,,,60.0,96.0,,True
14820100,TOKA,ANA_URUN,,,100.0,160.0,,True
1482030,TOKA,ANA_URUN,,,30.0,48.0,,True
1482040,TOKA,ANA_URUN,,,40.0,64.0,,True
1482050,TOKA,ANA_URUN,,,50.0,80.0,,True
1482060,TOKA,ANA_URUN,,,60.0,96.0,,True
1482080,TOKA,ANA_URUN,,,80.0,128.0,,True
1483918,ÜSTTEN DİKME DÜĞME,ANA_URUN,,,18.0,29.0,,True
1484046,PLAKA,ANA_URUN,,,46.0,,,True
1486025,TOKA,ANA_URUN,,,25.0,40.0,,True
1487090,TOKA,ANA_URUN,,,80.0,144.0,,True
1488040,TOKA,ANA_URUN,,,40.0,64.0,,True
1489,SALLANTI,ANA_URUN,,,,,,True
148915,ÜSTTEN DİKME DÜĞME,ANA_URUN,,,15.0,24.0,,True
148917,ÜSTTEN DİKME DÜĞME,ANA_URUN,,,17.0,27.0,,True
148920,ÜSTTEN DİKME DÜĞME,ANA_URUN,,,20.0,32.0,,True
1490,PLAKA,ANA_URUN,,,,,,True
149024,ALTTAN DİKME DÜĞME,ANA_URUN,,,24.0,38.0,,True
149028,ALTTAN DİKME DÜĞME,ANA_URUN,,,28.0,45.0,,True
149032,ALTTAN DİKME DÜĞME,ANA_URUN,,,32.0,51.0,,True
1491,PLAKA,ANA_URUN,,,,,,True
149204.5,PLAKA,ANA_URUN,,,45.0,,,True
1493,,ANA_URUN,,,,,,True
1494020,PAPAĞAN,ANA_URUN,,,20.0,32.0,,True
1495011,ALTTAN DİKME DÜĞME,ANA_URUN,,,11.0,18.0,,True
1496,,ANA_URUN,,,,,,True
1497025,TOKA,ANA_URUN,,,25.0,40.0,,True
1498012.5,ÜSTTEN DİKME DÜĞME,ANA_URUN,,,13.0,21.0,,True
1499025,,ANA_URUN,,,25.0,40.0,,True
1500,TOKA,ANA_URUN,,,,,,True
150014,ALTTAN DİKME DÜĞME,ANA_URUN,,,14.0,,,True
1501,PAPAĞAN,ANA_URUN,,,,,,True
150110,RİVET,ANA_URUN,,,10.0,16.0,,True
150115,RİVET,ANA_URUN,,,15.0,24.0,,True
1502,,ANA_URUN,,,,,,True
150206,RİVET,ANA_URUN,,,6.0,10.0,,True
150208,RİVET,ANA_URUN,,,8.0,13.0,,True
1503,,ANA_URUN,,,,,,True
1504080,TOKA,ANA_URUN,,,80.0,128.0,,True
1505917,ÜSTTEN DİKME DÜĞME,ANA_URUN,,,17.0,27.0,,True
1505921,ÜSTTEN DİKME DÜĞME,ANA_URUN,,,21.0,34.0,,True
1506070,HALKA,ANA_URUN,,,70.0,112.0,,True
150617,ÇAKMA DÜĞME,ANA_URUN,,,17.0,27.0,,True
1507040,HALKA,ANA_URUN,,,40.0,64.0,,True
150715,ÇIT ÇIT,ANA_URUN,,,15.0,24.0,,True
1508025,RİVET,ANA_URUN,,,25.0,,,True
1509020,TOKA,ANA_URUN,,,20.0,,,True
1510015,HALKA,ANA_URUN,,,15.0,24.0,,True
1511010,,ANA_URUN,,,10.0,16.0,,True
1512011,ALTTAN DİKME DÜĞME,ANA_URUN,,,11.0,18.0,,True
1513045,HALKA,ANA_URUN,,,45.0,72.0,,True
1514025,,ANA_URUN,,,25.0,,,True
151417,SABİT DÜĞME,ANA_URUN,,,17.0,27.0,,True
1515010,AYAR,ANA_URUN,,,8.0,,,True
1517020,,ANA_URUN,,,,,,True
1518030,,ANA_URUN,,,30.0,,,True
1519,PİRSİNG,ANA_URUN,,,,,,True
1520,PİRSİNG,ANA_URUN,,,50.0,,,True
1521,PİRSİNG,ANA_URUN,,,,,,True
1522024,TOKA,ANA_URUN,,,24.0,38.0,,True
152214,RİVET,ANA_URUN,,,14.0,22.0,,True
15230036,,ANA_URUN,,,25.0,40.0,,True
1523025,,ANA_URUN,,,25.0,40.0,,True
1524034,ALTTAN DİKME DÜĞME,ANA_URUN,,,34.0,54.0,,True
1525039,TOKA,ANA_URUN,,,39.0,62.0,,True
1526008,PİRSİNG,ANA_URUN,,,8.0,13.0,,True
1527020,TOKA,ANA_URUN,,,20.0,32.0,,True
1528024,,ANA_URUN,,,,,,True
1529010,ALTTAN DİKME DÜĞME,ANA_URUN,,,10.0,16.0,,True
1530007,TOKA,ANA_URUN,,,7.0,11.0,,True
1531070,HALKA,ANA_URUN,,,70.0,112.0,,True
1532025,TOKA,ANA_URUN,,,25.0,40.0,,True
153213,RİVET,ANA_URUN,,,13.0,21.0,,True
1533012,TOKA,ANA_URUN,,,12.0,19.0,,True
1534006,ALTTAN DİKME DÜĞME,ANA_URUN,,,6.0,10.0,,True
1535020,,ANA_URUN,,,,,,True
1536039,PİRSİNG,ANA_URUN,,,39.0,,,True
1537210,RİVET,ANA_URUN,,,10.0,16.0,,True
1538210,RİVET,ANA_URUN,,,10.0,16.0,,True
1539025,TOKA,ANA_URUN,,,25.0,40.0,,True
1540020,TOKA,ANA_URUN,,,20.0,32.0,,True
154004,ALTTAN DİKME DÜĞME,ANA_URUN,,,4.0,6.0,,True
154024,ALTTAN DİKME DÜĞME,ANA_URUN,,,24.0,38.0,,True
1541,TOKA,ANA_URUN,,,,,,True
1542026,TOKA,ANA_URUN,,,26.0,,,True
1543,,ANA_URUN,,,,,,True
1544,,ANA_URUN,,,,,,True
1545045,TOKA,ANA_URUN,,,45.0,72.0,,True
1546030,PİERCİNG TOKA,ANA_URUN,,,30.0,48.0,,True
1547010,,ANA_URUN,,,10.0,16.0,,True
1548046,PİRSİNG,ANA_URUN,,,46.0,,,True
1549012,ALTTAN DİKME DÜĞME,ANA_URUN,,,12.0,20.0,,True
1550010013,TOKA,ANA_URUN,,,13.0,,,True
155012,ALTTAN DİKME DÜĞME,ANA_URUN,,,12.0,19.0,,True
155014,ALTTAN DİKME DÜĞME,ANA_URUN,,,14.0,22.0,,True
155016,ALTTAN DİKME DÜĞME,ANA_URUN,,,16.0,26.0,,True
155020,ALTTAN DİKME DÜĞME,ANA_URUN,,,20.0,32.0,,True
1551027,TOKA,ANA_URUN,,,27.0,43.0,,True
1552016,ALTTAN DİKME DÜĞME,ANA_URUN,,,16.0,26.0,,True
1552030,ALTTAN DİKME DÜĞME,ANA_URUN,,,16.0,26.0,,True
15533030,TOKA,ANA_URUN,,,30.0,48.0,,True
1554022,PLAKA,ANA_URUN,,,22.0,35.0,,True
1555,,ANA_URUN,,,,,,True
155607.81,ÇİVİ,ANA_URUN,,,7.81,,,True
1557012,ALTTAN DİKME DÜĞME,ANA_URUN,,,12.0,,,True
1558008,ALTTAN DİKME DÜĞME,ANA_URUN,,,8.0,14.0,,True
155801.7,ALTTAN DİKME DÜĞME,ANA_URUN,,,11.0,18.0,,True
1559036,TOKA,ANA_URUN,,,36.0,58.0,,True
1560720,ÇIT ÇIT,ANA_URUN,,,20.0,32.0,,True
156109,DİĞER AKSESUAR,ANA_URUN,,,90.0,14.0,,True
1562010,ALTTAN DİKME DÜĞME,ANA_URUN,,,10.0,16.0,,True
156212,RİVET,ANA_URUN,,,12.0,19.0,,True
1563022,ALTTAN DİKME DÜĞME,ANA_URUN,,,22.0,35.0,,True
1564724,ÇIT ÇIT,ANA_URUN,,,24.0,38.0,,True
1565040,TOKA,ANA_URUN,,,40.0,64.0,,True
1566,ÇİVİ,ANA_URUN,,,,,,True
156617,ÇAKMA DÜĞME,ANA_URUN,,,17.0,27.0,,True
156620,ÇAKMA DÜĞME,ANA_URUN,,,20.0,32.0,,True
156624,ÇAKMA DÜĞME,ANA_URUN,,,24.0,38.0,,True
1567049,TOKA,ANA_URUN,,,49.0,78.0,,True
1569010,TOKA,ANA_URUN,,,10.0,16.0,,True
1570020,SALLANTI,ANA_URUN,,,20.0,,,True
1571016.55,SALLANTI,ANA_URUN,,,16.55,,,True
1572023,SALLANTI,ANA_URUN,,,23.0,,,True
157214,RİVET,ANA_URUN,,,14.0,22.0,,True
1573031,TOKA,ANA_URUN,,,31.0,50.0,,True
1574920,ÜSTTEN DİKME DÜĞME,ANA_URUN,,,20.0,32.0,,True
1575920,ÜSTTEN DİKME DÜĞME,ANA_URUN,,,20.0,32.0,,True
1576060,HALKA,ANA_URUN,,,60.0,96.0,,True
1577040,TOKA,ANA_URUN,,,40.0,64.0,,True
157714,ÇIT ÇIT,ANA_URUN,,,14.0,22.0,,True
1578207,RİVET,ANA_URUN,,,7.0,11.0,,True
1579914,ÜSTTEN DİKME DÜĞME,ANA_URUN,,,14.0,22.0,,True
1580627,ÇAKMA DÜĞME,ANA_URUN,,,27.0,43.0,,True
1580728,ÇAKMA DÜĞME,ANA_URUN,,,27.0,43.0,,True
1581017,HALKA,ANA_URUN,,,17.0,27.0,,True
1582050,HALKA,ANA_URUN,,,50.0,80.0,,True
1583207,RİVET,ANA_URUN,,,7.0,11.0,,True
1584006,ALTTAN DİKME DÜĞME,ANA_URUN,,,6.0,10.0,,True
1586018,ALTTAN DİKME DÜĞME,ANA_URUN,,,18.0,29.0,,True
1587012,ALTTAN DİKME DÜĞME,ANA_URUN,,,12.0,19.0,,True
158712,ÇIT ÇIT,ANA_URUN,,,12.0,19.0,,True
1588007,ALTTAN DİKME DÜĞME,ANA_URUN,,,7.0,11.0,,True
1589910,ÜSTTEN DİKME DÜĞME,ANA_URUN,,,10.0,16.0,,True
1590015,ALTTAN DİKME DÜĞME,ANA_URUN,,,15.0,24.0,,True
1590020,ALTTAN DİKME DÜĞME,ANA_URUN,,,20.0,32.0,,True
159012,ALTTAN DİKME DÜĞME,ANA_URUN,,,12.0,19.0,,True
159017,ALTTAN DİKME DÜĞME,ANA_URUN,,,17.0,27.0,,True
159018,ALTTAN DİKME DÜĞME,ANA_URUN,,,18.0,29.0,,True
1591020,ÇIT ÇIT,ANA_URUN,,,20.0,32.0,,True
1592030,PLAKA,ANA_URUN,,,30.0,48.0,,True
1592030-P,PLAKA,ANA_URUN,,,28.0,45.0,,True
1593925,ÜSTTEN DİKME DÜĞME,ANA_URUN,,,25.0,40.0,,True
15940022.5,ALTTAN DİKME DÜĞME,ANA_URUN,,,22.5,36.0,,True
1594020,ALTTAN DİKME DÜĞME,ANA_URUN,,,20.0,32.0,,True
1595012.5,ALTTAN DİKME DÜĞME,ANA_URUN,,,12.5,20.0,,True
1595015,ALTTAN DİKME DÜĞME,ANA_URUN,,,15.0,24.0,,True
1595016.5,ALTTAN DİKME DÜĞME,ANA_URUN,,,16.5,26.0,,True
1595018,ALTTAN DİKME DÜĞME,ANA_URUN,,,18.0,29.0,,True
1595020,ALTTAN DİKME DÜĞME,ANA_URUN,,,20.0,32.0,,True
1595023,ALTTAN DİKME DÜĞME,ANA_URUN,,,23.0,37.0,,True
1595025,ALTTAN DİKME DÜĞME,ANA_URUN,,,25.0,40.0,,True
1596019,ALTTAN DİKME DÜĞME,ANA_URUN,,,19.0,30.0,,True
1597014,ÜSTTEN DİKME DÜĞME,ANA_URUN,,,14.0,22.0,,True
159715,ÇIT ÇIT,ANA_URUN,,,15.0,24.0,,True
159720,ÇIT ÇIT,ANA_URUN,,,20.0,32.0,,True
1598026,PLAKA,ANA_URUN,,,26.0,42.0,,True
1599008,ALTTAN DİKME DÜĞME,ANA_URUN,,,8.0,13.0,,True
1600049,ALTTAN DİKME DÜĞME,ANA_URUN,,,49.0,,,True
1601035,PLAKA,ANA_URUN,,,35.0,56.0,,True
1602030,PLAKA,ANA_URUN,,,30.0,48.0,,True
1603040,D TOKA,ANA_URUN,,,40.0,64.0,,True
1603050,D TOKA,ANA_URUN,,,50.0,80.0,,True
1603060,D TOKA,ANA_URUN,,,60.0,96.0,,True
1603912,ÜSTTEN DİKME DÜĞME,ANA_URUN,,,12.0,20.0,,True
16049013,ÜSTTEN DİKME DÜĞME,ANA_URUN,,,13.0,37.0,,True
1604923,ÜSTTEN DİKME DÜĞME,ANA_URUN,,,23.0,37.0,,True
1605020,TOKA,ANA_URUN,,,20.0,32.0,,True
1605025,D TOKA,ANA_URUN,,,25.0,40.0,,True
1605030,D TOKA,ANA_URUN,,,30.0,48.0,,True
1605035,D TOKA,ANA_URUN,,,35.0,56.0,,True
1605040,D TOKA,ANA_URUN,,,40.0,64.0,,True
1605045,D TOKA,ANA_URUN,,,45.0,72.0,,True
1605050,D TOKA,ANA_URUN,,,50.0,80.0,,True
1605055,D TOKA,ANA_URUN,,,55.0,88.0,,True
1605060,D TOKA,ANA_URUN,,,60.0,96.0,,True
1605065,D TOKA,ANA_URUN,,,65.0,104.0,,True
1605070,D TOKA,ANA_URUN,,,70.0,112.0,,True
1606915,ÜSTTEN DİKME DÜĞME,ANA_URUN,,,15.0,24.0,,True
1606923,ÜSTTEN DİKME DÜĞME,ANA_URUN,,,23.0,37.0,,True
1606925,ÜSTTEN DİKME DÜĞME,ANA_URUN,,,25.0,40.0,,True
1606927,ÜSTTEN DİKME DÜĞME,ANA_URUN,,,27.0,43.0,,True
1606934,ÜSTTEN DİKME DÜĞME,ANA_URUN,,,34.0,54.0,,True
1607015,ALTTAN DİKME DÜĞME,ANA_URUN,,,15.0,24.0,,True
1607017,ALTTAN DİKME DÜĞME,ANA_URUN,,,17.0,28.0,,True
1607020,ALTTAN DİKME DÜĞME,ANA_URUN,,,20.0,32.0,,True
1607023,ALTTAN DİKME DÜĞME,ANA_URUN,,,23.0,36.0,,True
1607025,ALTTAN DİKME DÜĞME,ANA_URUN,,,25.0,40.0,,True
1608010,ALTTAN DİKME DÜĞME,ANA_URUN,,,10.0,16.0,,True
1608012,ALTTAN DİKME DÜĞME,ANA_URUN,,,12.0,20.0,,True
1608015,ALTTAN DİKME DÜĞME,ANA_URUN,,,15.0,24.0,,True
1608017,ALTTAN DİKME DÜĞME,ANA_URUN,,,17.0,28.0,,True
1608023,ALTTAN DİKME DÜĞME,ANA_URUN,,,23.0,37.0,,True
1608025,ALTTAN DİKME DÜĞME,ANA_URUN,,,25.0,40.0,,True
1608030,ALTTAN DİKME DÜĞME,ANA_URUN,,,30.0,48.0,,True
1608036,ALTTAN DİKME DÜĞME,ANA_URUN,,,36.0,58.0,,True
1609020,ALTTAN DİKME DÜĞME,ANA_URUN,,,20.0,32.0,,True
1610022,ALTTAN DİKME DÜĞME,ANA_URUN,,,22.0,35.0,,True
1611045,ALTTAN DİKME DÜĞME,ANA_URUN,,,45.0,72.0,,True
16127016,ÇIT ÇIT,ANA_URUN,,,16.0,25.0,,True
16127028,ÇIT ÇIT,ANA_URUN,,,28.0,45.0,,True
1612726,ÇIT ÇIT,ANA_URUN,,,16.4,26.0,,True
1613617,ÇAKMA DÜĞME,ANA_URUN,,,17.0,27.0,,True
1614617,,ANA_URUN,,,17.0,27.0,,True
16158010,BAĞ UCU,ANA_URUN,,,10.0,21.0,,True
16158013,BAĞ UCU,ANA_URUN,,,13.0,16.0,,True
161615,ÇAKMA DÜĞME,ANA_URUN,,,15.0,24.0,,True
1616820,BAĞ UCU,ANA_URUN,,,20.0,32.0,,True
16170100,YAKALIK,ANA_URUN,,,100.0,,,True
1618923,ÜSTTEN DİKME DÜĞME,ANA_URUN,,,23.0,37.0,,True
1619015,TOKA,ANA_URUN,,,15.0,24.0,,True
1620023,ÜSTTEN DİKME DÜĞME,ANA_URUN,,,23.0,37.0,,True
1621080,TOKA,ANA_URUN,,,80.0,128.0,,True
1622090,TOKA,ANA_URUN,,,90.0,144.0,,True
162212,RİVET,ANA_URUN,,,12.0,19.0,,True
1623025.5,DİĞER AKSESUAR,ANA_URUN,,,25.5,,,True
162405.5,TOKA,ANA_URUN,,,6.0,10.0,,True
1625020,BAĞ UCU,ANA_URUN,,,20.0,32.0,,True
1626015,ALTTAN DİKME DÜĞME,ANA_URUN,,,15.0,24.0,,True
162618,ÇAKMA DÜĞME,ANA_URUN,,,18.0,29.0,,True
162620,ÇAKMA DÜĞME,ANA_URUN,,,20.0,32.0,,True
162622,ÇAKMA DÜĞME,ANA_URUN,,,22.0,35.0,,True
1626716.5,ALTTAN DİKME DÜĞME,ANA_URUN,,,17.0,27.0,,True
1627053,TOKA,ANA_URUN,,,53.0,85.0,,True
1629050,TOKA,ANA_URUN,,,50.0,80.0,,True
163009.7,TOKA,ANA_URUN,,,9.7,,,True
1631024,TOKA,ANA_URUN,,,24.0,38.0,,True
1632039,TOKA,ANA_URUN,,,39.0,62.0,,True
1633040,TOKA,ANA_URUN,,,40.0,64.0,,True
1634,PAPAĞAN,ANA_URUN,,,,,,True
1636049,TOKA,ANA_URUN,,,49.0,,,True
1637070,TOKA,ANA_URUN,,,70.0,,,True
163720,ÇIT ÇIT,ANA_URUN,,,20.0,32.0,,True
1638025.4,TOKA,ANA_URUN,,,25.4,,,True
1639015,TOKA,ANA_URUN,,,15.16,,,True
1640011,TOKA,ANA_URUN,,,11.0,,,True
1641010.5,,ANA_URUN,,,11.0,18.0,,True
1642015,ALTTAN DİKME DÜĞME,ANA_URUN,,,15.0,24.0,,True
164211,RİVET,ANA_URUN,,,11.0,18.0,,True
1643014,TOKA,ANA_URUN,,,14.0,22.0,,True
1643015,TOKA,ANA_URUN,,,15.0,24.0,,True
1643020,TOKA,ANA_URUN,,,20.0,32.0,,True
1644811,BAĞ UCU,ANA_URUN,,,11.0,18.0,,True
1645011.3,ALTTAN DİKME DÜĞME,ANA_URUN,,,12.0,19.0,,True
164618,ÇAKMA DÜĞME,ANA_URUN,,,18.0,29.0,,True
164620,ÇAKMA DÜĞME,ANA_URUN,,,20.0,32.0,,True
1646909,ÜSTTEN DİKME DÜĞME,ANA_URUN,,,9.0,14.0,,True
1647021-B,TOKA,ANA_URUN,,,21.0,34.0,,True
1647022-C,TOKA,ANA_URUN,,,22.0,35.0,,True
1647025-A,TOKA,ANA_URUN,,,25.0,40.0,,True
1648014,ALTTAN DİKME DÜĞME,ANA_URUN,,,14.0,22.0,,True
1648017,ALTTAN DİKME DÜĞME,ANA_URUN,,,17.0,28.0,,True
1648020,ALTTAN DİKME DÜĞME,ANA_URUN,,,20.0,32.0,,True
1648022,ALTTAN DİKME DÜĞME,ANA_URUN,,,22.0,36.0,,True
1648026,ALTTAN DİKME DÜĞME,ANA_URUN,,,26.0,42.0,,True
1649022,ALTTAN DİKME DÜĞME,ANA_URUN,,,22.0,35.0,,True
16500020,ALTTAN DİKME DÜĞME,ANA_URUN,,,20.0,32.0,,True
165012,ALTTAN DİKME DÜĞME,ANA_URUN,,,12.0,19.0,,True
165017,ALTTAN DİKME DÜĞME,ANA_URUN,,,17.0,27.0,,True
165022,ALTTAN DİKME DÜĞME,ANA_URUN,,,22.0,35.0,,True
1653048,ALTTAN DİKME DÜĞME,ANA_URUN,,,48.0,,,True
1654017,ALTTAN DİKME DÜĞME,ANA_URUN,,,17.0,28.0,,True
1654022,ALTTAN DİKME DÜĞME,ANA_URUN,,,22.0,34.0,,True
1655012,SALLANTI,ANA_URUN,,,12.0,,,True
1656015,ALTTAN DİKME DÜĞME,ANA_URUN,,,15.0,24.0,,True
1656019,ALTTAN DİKME DÜĞME,ANA_URUN,,,19.0,30.0,,True
1657023,ALTTAN DİKME DÜĞME,ANA_URUN,,,23.0,37.0,,True
1658909,ÜSTTEN DİKME DÜĞME,ANA_URUN,,,9.0,14.0,,True
1659048,TOKA,ANA_URUN,,,48.0,77.0,,True
166020,ALTTAN DİKME DÜĞME,ANA_URUN,,,20.0,32.0,,True
166022,ALTTAN DİKME DÜĞME,ANA_URUN,,,22.0,35.0,,True
1660918,ÜSTTEN DİKME DÜĞME,ANA_URUN,,,18.0,29.0,,True
1661015,TOKA,ANA_URUN,,,15.0,24.0,,True
1662010,ALTTAN DİKME DÜĞME,ANA_URUN,,,10.0,16.0,,True
166212,RİVET,ANA_URUN,,,12.0,19.0,,True
1663011.5,ALTTAN DİKME DÜĞME,ANA_URUN,,,12.0,19.0,,True
1664014,TOKA,ANA_URUN,,,14.0,22.0,,True
1665030,TOKA,ANA_URUN,,,30.0,48.0,,True
1666,TOKA,ANA_URUN,,,,,,True
166617,ÇAKMA DÜĞME,ANA_URUN,,,17.0,27.0,,True
1667010,TOKA,ANA_URUN,,,10.0,16.0,,True
1668014,TOKA,ANA_URUN,,,14.0,22.0,,True
1669012,ALTTAN DİKME DÜĞME,ANA_URUN,,,12.0,20.0,,True
1669015,ALTTAN DİKME DÜĞME,ANA_URUN,,,15.0,24.0,,True
1669017,ALTTAN DİKME DÜĞME,ANA_URUN,,,17.0,28.0,,True
1669021,ALTTAN DİKME DÜĞME,ANA_URUN,,,21.0,34.0,,True
1669025,ALTTAN DİKME DÜĞME,ANA_URUN,,,25.0,40.0,,True
1670015,TOKA,ANA_URUN,,,15.0,24.0,,True
1671010,ALTTAN DİKME DÜĞME,ANA_URUN,,,10.0,16.0,,True
1672015,ALTTAN DİKME DÜĞME,ANA_URUN,,,15.0,24.0,,True
1672017,ALTTAN DİKME DÜĞME,ANA_URUN,,,17.0,27.0,,True
1672022,ALTTAN DİKME DÜĞME,ANA_URUN,,,22.0,35.0,,True
1673013,ALTTAN DİKME DÜĞME,ANA_URUN,,,13.0,21.0,,True
1674022,ALTTAN DİKME DÜĞME,ANA_URUN,,,22.0,35.0,,True
1675015,ALTTAN DİKME DÜĞME,ANA_URUN,,,15.0,24.0,,True
1675017,ALTTAN DİKME DÜĞME,ANA_URUN,,,17.0,27.0,,True
1676010,BAĞ UCU,ANA_URUN,,,10.0,16.0,,True
1677015,ALTTAN DİKME DÜĞME,ANA_URUN,,,15.0,24.0,,True
1677017,ALTTAN DİKME DÜĞME,ANA_URUN,,,17.0,28.0,,True
1677020,ALTTAN DİKME DÜĞME,ANA_URUN,,,20.0,32.0,,True
1677022,ALTTAN DİKME DÜĞME,ANA_URUN,,,22.0,32.0,,True
1678015,ALTTAN DİKME DÜĞME,ANA_URUN,,,15.0,24.0,,True
167915,ÜSTTEN DİKME DÜĞME,ANA_URUN,,,15.0,24.0,,True
167918,ÜSTTEN DİKME DÜĞME,ANA_URUN,,,18.0,29.0,,True
167920,ÜSTTEN DİKME DÜĞME,ANA_URUN,,,20.0,32.0,,True
1680015,ALTTAN DİKME DÜĞME,ANA_URUN,,,15.0,24.0,,True
1680018,ALTTAN DİKME DÜĞME,ANA_URUN,,,18.0,28.0,,True
168017,ÇAKMA DÜĞME,ANA_URUN,,,17.0,27.0,,True
1681018,ALTTAN DİKME DÜĞME,ANA_URUN,,,18.0,29.0,,True
1681024-H,ALTTAN DİKME DÜĞME,ANA_URUN,,,24.0,38.0,,True
1682015,ALTTAN DİKME DÜĞME,ANA_URUN,,,15.0,24.0,,True
168220,RİVET,ANA_URUN,,,20.0,,,True
1683011,AYAR,ANA_URUN,,,11.0,18.0,,True
1684019,ALTTAN DİKME DÜĞME,ANA_URUN,,,19.0,30.0,,True
1685014,ALTTAN DİKME DÜĞME,ANA_URUN,,,14.0,22.0,,True
1686023,ALTTAN DİKME DÜĞME,ANA_URUN,,,23.0,37.0,,True
168617,ÇAKMA DÜĞME,ANA_URUN,,,17.0,27.0,,True
168620,ÇAKMA DÜĞME,ANA_URUN,,,20.0,32.0,,True
1687015,ALTTAN DİKME DÜĞME,ANA_URUN,,,15.0,24.0,,True
1687017,ALTTAN DİKME DÜĞME,ANA_URUN,,,17.0,28.0,,True
1687020,ALTTAN DİKME DÜĞME,ANA_URUN,,,20.0,32.0,,True
1687023,ALTTAN DİKME DÜĞME,ANA_URUN,,,23.0,36.0,,True
1687025,ALTTAN DİKME DÜĞME,ANA_URUN,,,25.0,40.0,,True
168714,ÇIT ÇIT,ANA_URUN,,,14.0,22.0,,True
1688023,ALTTAN DİKME DÜĞME,ANA_URUN,,,23.0,36.0,,True
1688026,ALTTAN DİKME DÜĞME,ANA_URUN,,,26.0,42.0,,True
1689010,AYAR,ANA_URUN,,,10.0,16.0,,True
1690013,AYAR,ANA_URUN,,,13.0,21.0,,True
169008,ALTTAN DİKME DÜĞME,ANA_URUN,,,8.0,13.0,,True
1691013,AYAR,ANA_URUN,,,13.0,21.0,,True
1692006,HALKA,ANA_URUN,,,6.0,10.0,,True
169215,RİVET,ANA_URUN,,,15.0,24.0,,True
1693010,AYAR,ANA_URUN,,,10.0,16.0,,True
1694018,AYAR,ANA_URUN,,,18.0,29.0,,True
1695020,HALKA,ANA_URUN,,,20.0,32.0,,True
1696010,ÜSTTEN DİKME DÜĞME,ANA_URUN,,,10.0,16.0,,True
1696012,ÜSTTEN DİKME DÜĞME,ANA_URUN,,,12.0,20.0,,True
169625,ÇAKMA DÜĞME,ANA_URUN,,,25.0,40.0,,True
169630,ÇAKMA DÜĞME,ANA_URUN,,,30.0,48.0,,True
1697024,SALLANTI,ANA_URUN,,,24.0,38.0,,True
169712,ÇIT ÇIT,ANA_URUN,,,12.0,19.0,,True
169715,ÇIT ÇIT,ANA_URUN,,,15.0,24.0,,True
169720,ÇIT ÇIT,ANA_URUN,,,20.0,32.0,,True
1698024,SALLANTI,ANA_URUN,,,24.0,38.0,,True
1699026,SALLANTI,ANA_URUN,,,26.0,42.0,,True
1700015,ALTTAN DİKME DÜĞME,ANA_URUN,,,15.0,24.0,,True
1700021,ALTTAN DİKME DÜĞME,ANA_URUN,,,21.0,34.0,,True
1700023,ALTTAN DİKME DÜĞME,ANA_URUN,,,23.0,37.0,,True
1700721,ÇIT ÇIT,ANA_URUN,,,21.0,34.0,,True
1701013,ALTTAN DİKME DÜĞME,ANA_URUN,,,13.0,21.0,,True
1702010,ALTTAN DİKME DÜĞME,ANA_URUN,,,10.0,16.0,,True
1702012,ALTTAN DİKME DÜĞME,ANA_URUN,,,12.0,20.0,,True
1702015,ALTTAN DİKME DÜĞME,ANA_URUN,,,15.0,24.0,,True
1702020,ALTTAN DİKME DÜĞME,ANA_URUN,,,20.0,32.0,,True
170210,RİVET,ANA_URUN,,,10.0,16.0,,True
170212,RİVET,ANA_URUN,,,12.0,19.0,,True
1703012,AYAR,ANA_URUN,,,12.0,19.0,,True
1704008,AYAR,ANA_URUN,,,8.0,13.0,,True
1705007,HALKA,ANA_URUN,,,7.0,11.0,,True
1706006,AYAR,ANA_URUN,,,6.0,10.0,,True
170617,ÇAKMA DÜĞME,ANA_URUN,,,17.0,27.0,,True
170620,ÇAKMA DÜĞME,ANA_URUN,,,20.0,32.0,,True
1707009,AYAR,ANA_URUN,,,9.0,14.0,,True
1708014,ALTTAN DİKME DÜĞME,ANA_URUN,,,14.0,22.0,,True
1709008,ALTTAN DİKME DÜĞME,ANA_URUN,,,8.0,13.0,,True
1710010,AYAR,ANA_URUN,,,10.0,16.0,,True
1711015,AYAR,ANA_URUN,,,15.0,24.0,,True
1712019,AYAR,ANA_URUN,,,19.0,30.0,,True
171212,RİVET,ANA_URUN,,,12.0,19.0,,True
171214,RİVET,ANA_URUN,,,14.0,22.0,,True
1713016,AYAR,ANA_URUN,,,16.0,26.0,,True
1714015,AYAR,ANA_URUN,,,15.0,24.0,,True
1715012,ALTTAN DİKME DÜĞME,ANA_URUN,,,12.0,19.0,,True
1716015,ALTTAN DİKME DÜĞME,ANA_URUN,,,15.0,24.0,,True
1717017.5,ALTTAN DİKME DÜĞME,ANA_URUN,,,17.5,28.0,,True
1718015,TOKA,ANA_URUN,,,15.0,24.0,,True
1719025,TOKA,ANA_URUN,,,25.0,40.0,,True
1720020,ALTTAN DİKME DÜĞME,ANA_URUN,,,20.0,32.0,,True
1721010.7,ALTTAN DİKME DÜĞME,ANA_URUN,,,10.7,18.0,,True
1721016,ALTTAN DİKME DÜĞME,ANA_URUN,,,16.0,26.0,,True
1722016,TOKA,ANA_URUN,,,16.0,26.0,,True
172210,RİVET,ANA_URUN,,,10.0,16.0,,True
172214,RİVET,ANA_URUN,,,14.0,22.0,,True
1723011,TOKA,ANA_URUN,,,15.0,24.0,,True
1724008,ALTTAN DİKME DÜĞME,ANA_URUN,,,8.0,13.0,,True
1725045,TOKA,ANA_URUN,,,45.0,72.0,,True
1726008,ALTTAN DİKME DÜĞME,ANA_URUN,,,8.0,13.0,,True
172617,ÇAKMA DÜĞME,ANA_URUN,,,17.0,27.0,,True
172620,ÇAKMA DÜĞME,ANA_URUN,,,20.0,32.0,,True
1727040,TOKA,ANA_URUN,,,40.0,64.0,,True
1728012,ALTTAN DİKME DÜĞME,ANA_URUN,,,12.0,24.0,,True
1728015,ALTTAN DİKME DÜĞME,ANA_URUN,,,12.0,19.0,,True
172907.5,ALTTAN DİKME DÜĞME,ANA_URUN,,,8.0,13.0,,True
1730030,TOKA,ANA_URUN,,,30.0,,,True
1731014,ALTTAN DİKME DÜĞME,ANA_URUN,,,14.0,22.0,,True
1732040,TOKA,ANA_URUN,,,40.0,,,True
1733040,TOKA,ANA_URUN,,,40.0,,,True
1734040,TOKA,ANA_URUN,,,40.0,,,True
1735050,TOKA,ANA_URUN,,,50.0,80.0,,True
1736030,TOKA,ANA_URUN,,,30.0,,,True
1737043,TOKA,ANA_URUN,,,43.0,,,True
1737063,TOKA,ANA_URUN,,,63.0,,,True
1737075,TOKA,ANA_URUN,,,75.0,,,True
1738015,TOKA,ANA_URUN,,,15.0,,,True
1739,TOKA,ANA_URUN,,,,,,True
173915,ÜSTTEN DİKME DÜĞME,ANA_URUN,,,15.0,24.0,,True
173917,ÜSTTEN DİKME DÜĞME,ANA_URUN,,,17.0,27.0,,True
173920,ÜSTTEN DİKME DÜĞME,ANA_URUN,,,20.0,32.0,,True
173923,ÜSTTEN DİKME DÜĞME,ANA_URUN,,,23.0,37.0,,True
173930,ÜSTTEN DİKME DÜĞME,ANA_URUN,,,30.0,48.0,,True
1740015,TOKA,ANA_URUN,,,15.0,,,True
1741023,ALTTAN DİKME DÜĞME,ANA_URUN,,,23.0,,,True
1741025,ALTTAN DİKME DÜĞME,ANA_URUN,,,25.0,37.0,E,True
1742021,TOKA,ANA_URUN,,,21.0,34.0,,True
1743010,ÜSTTEN DİKME DÜĞME,ANA_URUN,,,10.0,16.0,,True
1744040,TOKA,ANA_URUN,,,40.0,64.0,E,True
1745820,BAĞ UCU,ANA_URUN,,,20.0,32.0,,True
1746020,ALTTAN DİKME DÜĞME,ANA_URUN,,,20.0,32.0,,True
1746023,ALTTAN DİKME DÜĞME,ANA_URUN,,,23.0,37.0,,True
1746025,ALTTAN DİKME DÜĞME,ANA_URUN,,,25.0,40.0,,True
1748910,ÜSTTEN DİKME DÜĞME,ANA_URUN,,,10.0,16.0,,True
1749035,TOKA,ANA_URUN,,,35.0,56.0,,True
174915,ÜSTTEN DİKME DÜĞME,ANA_URUN,,,15.0,24.0,,True
174918,ÜSTTEN DİKME DÜĞME,ANA_URUN,,,18.0,29.0,,True
174923,ÜSTTEN DİKME DÜĞME,ANA_URUN,,,23.0,37.0,,True
1750070,TOKA,ANA_URUN,,,70.0,112.0,,True
1751021,ALTTAN DİKME DÜĞME,ANA_URUN,,,21.0,34.0,,True
1752023,ALTTAN DİKME DÜĞME,ANA_URUN,,,23.0,36.0,,True
1752025,ALTTAN DİKME DÜĞME,ANA_URUN,,,25.0,40.0,,True
1752723,ÇIT ÇIT,ANA_URUN,,,23.0,36.0,,True
1753020,ALTTAN DİKME DÜĞME,ANA_URUN,,,20.0,32.0,,True
1754022,ALTTAN DİKME DÜĞME,ANA_URUN,,,22.0,34.0,,True
1755012,ÜSTTEN DİKME DÜĞME,ANA_URUN,,,12.0,20.0,,True
1755912,ÜSTTEN DİKME DÜĞME,ANA_URUN,,,12.0,20.0,,True
1756040,PİRSİNG,ANA_URUN,,,40.0,,,True
1756050,TOKA,ANA_URUN,,,50.0,,,True
1757020,TOKA,ANA_URUN,,,20.0,32.0,,True
1758040,TOKA,ANA_URUN,,,40.0,64.0,,True
1759018,TOKA,ANA_URUN,,,18.0,29.0,,True
1760018,TOKA,ANA_URUN,,,18.0,29.0,,True
176012,ALTTAN DİKME DÜĞME,ANA_URUN,,,12.0,19.0,,True
176016,ALTTAN DİKME DÜĞME,ANA_URUN,,,16.0,26.0,,True
176019,ALTTAN DİKME DÜĞME,ANA_URUN,,,19.0,30.0,,True
1761005,TOKA,ANA_URUN,,,5.0,8.0,,True
1762050,TOKA,ANA_URUN,,,50.0,80.0,,True
176208,RİVET,ANA_URUN,,,8.0,13.0,,True
176210,RİVET,ANA_URUN,,,10.0,16.0,,True
176211,RİVET,ANA_URUN,,,11.0,18.0,,True
1763010,TOKA,ANA_URUN,,,10.0,16.0,,True
1764009,TOKA,ANA_URUN,,,9.0,14.0,,True
1765715.4,ÇIT ÇIT,ANA_URUN,,,16.0,26.0,,True
1766010,TOKA,ANA_URUN,,,10.0,16.0,,True
1767616,ÇAKMA DÜĞME,ANA_URUN,,,16.0,26.0,,True
1768033,TOKA,ANA_URUN,,,33.0,53.0,,True
1769015,ALTTAN DİKME DÜĞME,ANA_URUN,,,15.0,22.0,,True
1769017,ALTTAN DİKME DÜĞME,ANA_URUN,,,17.0,28.0,,True
1769022,ALTTAN DİKME DÜĞME,ANA_URUN,,,22.0,36.0,,True
1770015,ALTTAN DİKME DÜĞME,ANA_URUN,,,15.0,24.0,,True
1770017,ALTTAN DİKME DÜĞME,ANA_URUN,,,17.0,28.0,,True
1770020,ALTTAN DİKME DÜĞME,ANA_URUN,,,20.0,32.0,,True
1770022,ALTTAN DİKME DÜĞME,ANA_URUN,,,23.0,34.0,,True
1770023,ALTTAN DİKME DÜĞME,ANA_URUN,,,23.0,36.0,,True
1771014,TOKA,ANA_URUN,,,14.0,22.0,,True
1772017,ALTTAN DİKME DÜĞME,ANA_URUN,,,17.0,27.0,,True
177210,RİVET,ANA_URUN,,,10.0,16.0,,True
1773010,TOKA,ANA_URUN,,,10.0,16.0,,True
1774043,TOKA,ANA_URUN,,,43.0,69.0,,True
1775030,TOKA,ANA_URUN,,,30.0,48.0,,True
1775050,TOKA,ANA_URUN,,,50.0,,,True
1775057,TOKA,ANA_URUN,,,57.0,,,True
1776040,TOKA,ANA_URUN,,,40.0,64.0,,True
177617,ÇAKMA DÜĞME,ANA_URUN,,,17.0,27.0,,True
177620,ÇAKMA DÜĞME,ANA_URUN,,,20.0,32.0,,True
1777025,ALTTAN DİKME DÜĞME,ANA_URUN,,,25.0,40.0,,True
1778012,ALTTAN DİKME DÜĞME,ANA_URUN,,,13.0,20.0,,True
1778015,ALTTAN DİKME DÜĞME,ANA_URUN,,,15.0,24.0,,True
1778017,ALTTAN DİKME DÜĞME,ANA_URUN,,,17.0,28.0,,True
1778020,ALTTAN DİKME DÜĞME,ANA_URUN,,,20.0,32.0,,True
1778024,ALTTAN DİKME DÜĞME,ANA_URUN,,,24.0,38.0,,True
1779910,ÜSTTEN DİKME DÜĞME,ANA_URUN,,,10.0,16.0,,True
1780020,ALTTAN DİKME DÜĞME,ANA_URUN,,,20.0,32.0,,True
1780023,ALTTAN DİKME DÜĞME,ANA_URUN,,,23.0,36.0,,True
1780720,ÇIT ÇIT,ANA_URUN,,,20.0,32.0,,True
1781017,ALTTAN DİKME DÜĞME,ANA_URUN,,,17.0,28.0,,True
1781020,ALTTAN DİKME DÜĞME,ANA_URUN,,,20.0,32.0,,True
1782009,ALTTAN DİKME DÜĞME,ANA_URUN,,,9.0,14.0,,True
178210,RİVET,ANA_URUN,,,10.0,16.0,,True
1783015,ALTTAN DİKME DÜĞME,ANA_URUN,,,15.0,24.0,,True
1783017,ALTTAN DİKME DÜĞME,ANA_URUN,,,17.0,28.0,,True
1783020,ALTTAN DİKME DÜĞME,ANA_URUN,,,20.0,32.0,,True
1783023,ALTTAN DİKME DÜĞME,ANA_URUN,,,23.0,36.0,,True
1784023,ALTTAN DİKME DÜĞME,ANA_URUN,,,23.0,37.0,,True
17859015,ÜSTTEN DİKME DÜĞME,ANA_URUN,,,15.0,24.0,,True
17859019,ÜSTTEN DİKME DÜĞME,ANA_URUN,,,19.0,30.0,,True
1786010.5,ALTTAN DİKME DÜĞME,ANA_URUN,,,10.5,18.0,,True
1786012,ALTTAN DİKME DÜĞME,ANA_URUN,,,12.0,20.0,,True
1786017,ALTTAN DİKME DÜĞME,ANA_URUN,,,17.0,28.0,,True
1786020,ALTTAN DİKME DÜĞME,ANA_URUN,,,20.0,32.0,,True
178618,ÇAKMA DÜĞME,ANA_URUN,,,18.0,29.0,,True
178620,ÇAKMA DÜĞME,ANA_URUN,,,20.0,32.0,,True
1787015.5,ALTTAN DİKME DÜĞME,ANA_URUN,,,15.5,24.0,,True
1787018,ALTTAN DİKME DÜĞME,ANA_URUN,,,18.0,28.0,,True
178710,ÇIT ÇIT,ANA_URUN,,,10.0,16.0,,True
1787720,ÇIT ÇIT,ANA_URUN,,,20.0,32.0,,True
1787723,ALTTAN DİKME DÜĞME,ANA_URUN,,,23.0,36.0,,True
1788010,ALTTAN DİKME DÜĞME,ANA_URUN,,,10.0,16.0,,True
1789010,ALTTAN DİKME DÜĞME,ANA_URUN,,,10.0,16.0,,True
1790010,ALTTAN DİKME DÜĞME,ANA_URUN,,,10.0,16.0,,True
1791010,ALTTAN DİKME DÜĞME,ANA_URUN,,,10.0,16.0,,True
1792035,TOKA,ANA_URUN,,,35.0,38.0,,True
179211,RİVET,ANA_URUN,,,11.0,18.0,,True
1793024,TOKA,ANA_URUN,,,24.0,38.0,,True
1794015,ALTTAN DİKME DÜĞME,ANA_URUN,,,15.0,24.0,,True
1794017,ALTTAN DİKME DÜĞME,ANA_URUN,,,17.0,28.0,,True
1794020,ALTTAN DİKME DÜĞME,ANA_URUN,,,20.0,32.0,,True
1794023,ALTTAN DİKME DÜĞME,ANA_URUN,,,23.0,36.0,,True
1794025,ALTTAN DİKME DÜĞME,ANA_URUN,,,25.0,40.0,,True
1795015,ALTTAN DİKME DÜĞME,ANA_URUN,,,15.0,24.0,,True
1795017,ALTTAN DİKME DÜĞME,ANA_URUN,,,17.0,28.0,,True
1795020,ALTTAN DİKME DÜĞME,ANA_URUN,,,20.0,32.0,,True
1795023,ALTTAN DİKME DÜĞME,ANA_URUN,,,23.0,36.0,,True
1795025,ALTTAN DİKME DÜĞME,ANA_URUN,,,25.0,40.0,,True
179617,ÇAKMA DÜĞME,ANA_URUN,,,17.0,27.0,,True
179620,ÇAKMA DÜĞME,ANA_URUN,,,20.0,32.0,,True
1796915,ÜSTTEN DİKME DÜĞME,ANA_URUN,,,15.0,24.0,,True
1797018,ALTTAN DİKME DÜĞME,ANA_URUN,,,18.0,28.0,,True
1798010 (TAŞLI),ALTTAN DİKME DÜĞME,ANA_URUN,,,10.0,16.0,,True
1799021,AGRAF,ANA_URUN,,,21.0,,,True
1800020,AGRAF,ANA_URUN,,,20.0,,,True
1801040,TOKA,ANA_URUN,,,40.0,,,True
1801060-K,TOKA,ANA_URUN,,,60.0,,,True
1802050,TOKA,ANA_URUN,,,50.0,,,True
1803025,,ANA_URUN,,,25.0,14.0,,True
1804012,ALTTAN DİKME DÜĞME,ANA_URUN,,,12.0,,,True
1805012,ALTTAN DİKME DÜĞME,ANA_URUN,,,12.0,,1805012 ürün modeli: eski ve yeni kalıp varyantları,True
1805012-ESKI,ALTTAN DİKME DÜĞME,VARYANT,1805012,Eski kalıp,12.0,20.0,1805012 ürününün eski kalıpla üretilen varyantı,True
1805012-YENI,ALTTAN DİKME DÜĞME,VARYANT,1805012,Yeni kalıp,12.0,,1805012 ürününün yeni kalıpla üretilen hafifletilmiş varyantı,True
1806015,TOKA,ANA_URUN,,,15.0,,,True
180617,ÇAKMA DÜĞME,ANA_URUN,,,17.0,27.0,,True
180620,ÇAKMA DÜĞME,ANA_URUN,,,20.0,32.0,,True
1807015,ALTTAN DİKME DÜĞME,ANA_URUN,,,15.0,24.0,,True
1807015021.5,ALTTAN DİKME DÜĞME,ANA_URUN,,,21.5,34.0,,True
1807020,ALTTAN DİKME DÜĞME,ANA_URUN,,,20.0,23.0,,True
18080 22,ALTTAN DİKME DÜĞME,ANA_URUN,,,22.0,35.0,,True
1808015,ALTTAN DİKME DÜĞME,ANA_URUN,,,15.0,24.0,,True
1808020,ALTTAN DİKME DÜĞME,ANA_URUN,,,20.0,32.0,,True
1809915,ÜSTTEN DİKME DÜĞME,ANA_URUN,,,15.0,24.0,,True
1810006,AYAR,ANA_URUN,,,6.0,10.0,,True
1811030,TOKA,ANA_URUN,,,30.0,48.0,,True
1812015,ALTTAN DİKME DÜĞME,ANA_URUN,,,15.0,24.0,,True
1812017,ALTTAN DİKME DÜĞME,ANA_URUN,,,17.0,28.0,,True
1812020,ALTTAN DİKME DÜĞME,ANA_URUN,,,20.0,32.0,,True
1812023,ALTTAN DİKME DÜĞME,ANA_URUN,,,23.0,36.0,,True
1812025,ALTTAN DİKME DÜĞME,ANA_URUN,,,25.0,40.0,,True
1812027,ALTTAN DİKME DÜĞME,ANA_URUN,,,27.0,43.0,,True
181210,RİVET,ANA_URUN,,,10.0,16.0,,True
181212,RİVET,ANA_URUN,,,12.0,19.0,,True
1813015,ALTTAN DİKME DÜĞME,ANA_URUN,,,15.0,24.0,,True
1813016,ALTTAN DİKME DÜĞME,ANA_URUN,,,16.0,26.0,,True
1813020,ALTTAN DİKME DÜĞME,ANA_URUN,,,20.0,32.0,,True
1813025,ALTTAN DİKME DÜĞME,ANA_URUN,,,25.0,40.0,,True
1813030,ALTTAN DİKME DÜĞME,ANA_URUN,,,30.0,48.0,,True
1816011,AGRAF,ANA_URUN,,,11.0,18.0,,True
181618,ÇAKMA DÜĞME,ANA_URUN,,,18.0,29.0,,True
181620,ÇAKMA DÜĞME,ANA_URUN,,,20.0,32.0,,True
181622,ÇAKMA DÜĞME,ANA_URUN,,,22.0,35.0,,True
1817009,ALTTAN DİKME DÜĞME,ANA_URUN,,,9.0,14.0,,True
1818015,ALTTAN DİKME DÜĞME,ANA_URUN,,,15.0,24.0,,True
1818020,ALTTAN DİKME DÜĞME,ANA_URUN,,,20.0,32.0,,True
1818023,ALTTAN DİKME DÜĞME,ANA_URUN,,,23.0,36.0,,True
1819011,ALTTAN DİKME DÜĞME,ANA_URUN,,,11.0,18.0,,True
1819012,ALTTAN DİKME DÜĞME,ANA_URUN,,,12.0,20.0,,True
1819015,ALTTAN DİKME DÜĞME,ANA_URUN,,,15.0,24.0,,True
1819016,ALTTAN DİKME DÜĞME,ANA_URUN,,,16.0,26.0,,True
1819020,ALTTAN DİKME DÜĞME,ANA_URUN,,,20.0,32.0,,True
1819022,ALTTAN DİKME DÜĞME,ANA_URUN,,,22.0,36.0,,True
1819026.5,ALTTAN DİKME DÜĞME,ANA_URUN,,,26.5,42.0,,True
1820008,TOKA,ANA_URUN,,,8.0,80.0,,True
1821050,TOKA,ANA_URUN,,,50.0,29.0,,True
182160,TOKA,ANA_URUN,,,60.0,,,True
1822011,ALTTAN DİKME DÜĞME,ANA_URUN,,,11.0,18.0,,True
1822017,ALTTAN DİKME DÜĞME,ANA_URUN,,,17.0,20.0,,True
1822020,ALTTAN DİKME DÜĞME,ANA_URUN,,,20.0,32.0,,True
1822022,ALTTAN DİKME DÜĞME,ANA_URUN,,,22.0,36.0,,True
182210,RİVET,ANA_URUN,,,10.0,16.0,,True
1823009,ALTTAN DİKME DÜĞME,ANA_URUN,,,8.9,14.0,,True
1823011,ALTTAN DİKME DÜĞME,ANA_URUN,,,11.0,18.0,,True
1824013,HALKA,ANA_URUN,,,13.0,28.0,,True
18250130,YAKALIK,ANA_URUN,,,130.0,,,True
1826015,ALTTAN DİKME DÜĞME,ANA_URUN,,,15.0,24.0,,True
1826020,ALTTAN DİKME DÜĞME,ANA_URUN,,,20.0,32.0,,True
1826023,ALTTAN DİKME DÜĞME,ANA_URUN,,,23.0,36.0,,True
1826025,ALTTAN DİKME DÜĞME,ANA_URUN,,,25.0,40.0,,True
1827018,ALTTAN DİKME DÜĞME,ANA_URUN,,,18.0,28.0,,True
1828017,ALTTAN DİKME DÜĞME,ANA_URUN,,,17.0,26.0,,True
1829011,ALTTAN DİKME DÜĞME,ANA_URUN,,,11.0,18.0,,True
1829015,ALTTAN DİKME DÜĞME,ANA_URUN,,,15.0,24.0,,True
1829017,ALTTAN DİKME DÜĞME,ANA_URUN,,,17.0,28.0,,True
1829020,ALTTAN DİKME DÜĞME,ANA_URUN,,,20.0,32.0,,True
1829021,ALTTAN DİKME DÜĞME,ANA_URUN,,,21.0,34.0,,True
1829022,ALTTAN DİKME DÜĞME,ANA_URUN,,,22.0,36.0,,True
1830012,ALTTAN DİKME DÜĞME,ANA_URUN,,,12.0,20.0,,True
1830015,ALTTAN DİKME DÜĞME,ANA_URUN,,,15.0,24.0,,True
1830017,ALTTAN DİKME DÜĞME,ANA_URUN,,,17.0,28.0,,True
1830020,ALTTAN DİKME DÜĞME,ANA_URUN,,,20.0,32.0,,True
1830023,ALTTAN DİKME DÜĞME,ANA_URUN,,,23.0,36.0,,True
1830024,ALTTAN DİKME DÜĞME,ANA_URUN,,,24.0,38.0,,True
1831050,KEMER TOKASI,ANA_URUN,,,50.0,,,True
1832020,ALTTAN DİKME DÜĞME,ANA_URUN,,,20.0,32.0,,True
1832025,ALTTAN DİKME DÜĞME,ANA_URUN,,,25.0,40.0,,True
183210,RİVET,ANA_URUN,,,10.0,16.0,,True
183212,RİVET,ANA_URUN,,,12.0,19.0,,True
1833025,ALTTAN DİKME DÜĞME,ANA_URUN,,,25.0,40.0,,True
1834065,DİĞER AKSESUAR,ANA_URUN,,,65.0,,,True
1835050,DİĞER AKSESUAR,ANA_URUN,,,50.0,,,True
1836040,AYAR,ANA_URUN,,,40.0,,,True
183617,ÇAKMA DÜĞME,ANA_URUN,,,17.0,27.0,,True
1837011,ALTTAN DİKME DÜĞME,ANA_URUN,,,11.0,18.0,,True
1838040,PİRSİNG,ANA_URUN,,,40.0,,,True
1839010,ALTTAN DİKME DÜĞME,ANA_URUN,,,10.0,16.0,,True
1839012,ALTTAN DİKME DÜĞME,ANA_URUN,,,12.0,20.0,,True
1839014,ALTTAN DİKME DÜĞME,ANA_URUN,,,14.0,22.0,,True
1840025,ALTTAN DİKME DÜĞME,ANA_URUN,,,25.0,40.0,,True
1841012,HALKA,ANA_URUN,,,12.0,,,True
184210,RİVET,ANA_URUN,,,10.0,16.0,,True
1842115,PLAKA,ANA_URUN,,,15.0,,,True
184212,RİVET,ANA_URUN,,,12.0,19.0,,True
1843025,ALTTAN DİKME DÜĞME,ANA_URUN,,,25.0,40.0,,True
1844085,PİRSİNG,ANA_URUN,,,85.0,,,True
1845011,ALTTAN DİKME DÜĞME,ANA_URUN,,,11.0,18.0,,True
1845015,ALTTAN DİKME DÜĞME,ANA_URUN,,,15.0,24.0,,True
1845017,ALTTAN DİKME DÜĞME,ANA_URUN,,,17.0,28.0,,True
1845019,ALTTAN DİKME DÜĞME,ANA_URUN,,,19.0,30.0,,True
1845020,ALTTAN DİKME DÜĞME,ANA_URUN,,,20.0,32.0,,True
1846011,ALTTAN DİKME DÜĞME,ANA_URUN,,,11.0,18.0,,True
1846016,ALTTAN DİKME DÜĞME,ANA_URUN,,,16.0,26.0,,True
1846020,ALTTAN DİKME DÜĞME,ANA_URUN,,,20.0,32.0,,True
1846022,ALTTAN DİKME DÜĞME,ANA_URUN,,,22.0,36.0,,True
1846025,ALTTAN DİKME DÜĞME,ANA_URUN,,,25.0,40.0,,True
184617,ÇAKMA DÜĞME,ANA_URUN,,,17.0,27.0,,True
184620,ÇAKMA DÜĞME,ANA_URUN,,,20.0,32.0,,True
1847105,RİVET,ANA_URUN,,,0.5,,,True
1848005,BAŞLANTI TOKASI,ANA_URUN,,,0.5,,,True
1849015,ALTTAN DİKME DÜĞME,ANA_URUN,,,15.0,24.0,,True
1849017,ALTTAN DİKME DÜĞME,ANA_URUN,,,17.0,28.0,,True
18500917,ÜSTTEN DİKME DÜĞME,ANA_URUN,,,19.0,30.0,,True
1851912.5,ÜSTTEN DİKME DÜĞME,ANA_URUN,,,12.5,20.0,,True
1852017,SALLANTI,ANA_URUN,,,17.0,,,True
185212,RİVET,ANA_URUN,,,12.0,19.0,,True
1853012,ALTTAN DİKME DÜĞME,ANA_URUN,,,12.0,20.0,,True
1853015,ALTTAN DİKME DÜĞME,ANA_URUN,,,15.0,24.0,,True
1853021,ALTTAN DİKME DÜĞME,ANA_URUN,,,21.0,34.0,,True
1853024,ALTTAN DİKME DÜĞME,ANA_URUN,,,24.0,38.0,,True
1855023,ÜSTTEN DİKME DÜĞME,ANA_URUN,,,22.9,36.0,,True
1856016,HALKA,ANA_URUN,,,16.0,,,True
185617,ÇAKMA DÜĞME,ANA_URUN,,,17.0,27.0,,True
185620,ÇAKMA DÜĞME,ANA_URUN,,,20.0,32.0,,True
1857010,ALTTAN DİKME DÜĞME,ANA_URUN,,,10.02,16.0,,True
1858018,ALTTAN DİKME DÜĞME,ANA_URUN,,,18.0,28.0,,True
1858024,ALTTAN DİKME DÜĞME,ANA_URUN,,,24.0,38.0,,True
1858030,ALTTAN DİKME DÜĞME,ANA_URUN,,,30.0,48.0,,True
1859925,ÜSTTEN DİKME DÜĞME,ANA_URUN,,,25.4,40.0,,True
1860015,ALTTAN DİKME DÜĞME,ANA_URUN,,,15.2,24.0,,True
186020,ALTTAN DİKME DÜĞME,ANA_URUN,,,20.0,32.0,,True
1861016,HALKA,ANA_URUN,,,16.0,,,True
1862010,HALKA,ANA_URUN,,,5.0,,,True
1863025,ALTTAN DİKME DÜĞME,ANA_URUN,,,25.4,40.0,,True
1864020,TOKA,ANA_URUN,,,20.0,,,True
1865040,KEMER TOKASI,ANA_URUN,,,40.0,,,True
1866040,KEMER TOKASI,ANA_URUN,,,40.0,,,True
18677023,ÇAKMA DÜĞME,ANA_URUN,,,23.0,36.0,,True
1868010,AYAR,ANA_URUN,,,10.0,,,True
1868012,AYAR,ANA_URUN,,,12.0,,,True
1868015,AYAR,ANA_URUN,,,15.0,,,True
1869010,KANCA,ANA_URUN,,,10.0,,E,True
1870010,TOKA,ANA_URUN,,,10.0,,,True
187017,ALTTAN DİKME DÜĞME,ANA_URUN,,,17.0,27.0,,True
187020,ALTTAN DİKME DÜĞME,ANA_URUN,,,20.0,32.0,,True
187023,ALTTAN DİKME DÜĞME,ANA_URUN,,,23.0,37.0,,True
1871111,RİVET,ANA_URUN,,,11.0,18.0,,True
1872015,SALLANTI,ANA_URUN,,,15.0,,,True
1873040,TOKA,ANA_URUN,,,40.0,,,True
1874045,KEMER TOKASI,ANA_URUN,,,45.0,,,True
187507,KANCA,ANA_URUN,,,7.0,,,True
187606.5,HALKA,ANA_URUN,,,6.5,,,True
1877004,HALKA,ANA_URUN,,,4.0,,,True
1878820,BAĞ UCU,ANA_URUN,,,20.0,,,True
1879012,ALTTAN DİKME DÜĞME,ANA_URUN,,,12.0,20.0,,True
1880012,ALTTAN DİKME DÜĞME,ANA_URUN,,,12.0,20.0,,True
1881017,ÇAKMA DÜĞME,ANA_URUN,,,17.0,28.0,,True
1882020,ALTTAN DİKME DÜĞME,ANA_URUN,,,20.0,32.0,,True
188215,RİVET,ANA_URUN,,,15.0,24.0,,True
1883026,ALTTAN DİKME DÜĞME,ANA_URUN,,,26.0,40.0,,True
1884065,KÖPRÜ,ANA_URUN,,,65.0,,,True
1885015,ÜSTTEN DİKME DÜĞME,ANA_URUN,,,15.0,,,True
1886023,AYAR,ANA_URUN,,,23.0,,,True
188705,TOKA,ANA_URUN,,,5.0,,,True
1888040,TOKA,ANA_URUN,,,40.0,,,True
1889007,TOKA,ANA_URUN,,,7.0,,,True
189012,AYAR,ANA_URUN,,,12.0,,,True
1891010,ALTTAN DİKME DÜĞME,ANA_URUN,,,10.0,16.0,,True
1891015,ALTTAN DİKME DÜĞME,ANA_URUN,,,15.0,24.0,,True
1891017,ALTTAN DİKME DÜĞME,ANA_URUN,,,17.0,28.0,,True
1891020,ALTTAN DİKME DÜĞME,ANA_URUN,,,20.0,32.0,,True
1892043,HALKA,ANA_URUN,,,43.0,,,True
1892043-K,TOKA,ANA_URUN,,,43.0,,,True
189210,RİVET,ANA_URUN,,,10.0,16.0,,True
1893032,AYAR,ANA_URUN,,,32.0,,,True
1894009,DİĞER AKSESUAR,ANA_URUN,,,9.0,,,True
1895010,AYAR,ANA_URUN,,,10.0,,,True
189607,ALTTAN DİKME DÜĞME,ANA_URUN,,,7.0,,,True
189617,ÇAKMA DÜĞME,ANA_URUN,,,17.0,27.0,,True
189620,ÇAKMA DÜĞME,ANA_URUN,,,20.0,32.0,,True
189705,PİRSİNG,ANA_URUN,,,50.0,,,True
189710,ÇIT ÇIT,ANA_URUN,,,10.0,16.0,,True
189717,ÇIT ÇIT,ANA_URUN,,,17.0,27.0,,True
189806,HALKA,ANA_URUN,,,60.0,,,True
1899010,ALTTAN DİKME DÜĞME,ANA_URUN,,,10.2,,,True
1900011.5,ALTTAN DİKME DÜĞME,ANA_URUN,,,11.4,18.0,,True
1900011.7,ALTTAN DİKME DÜĞME,ANA_URUN,,,11.7,20.0,,True
1901015,ALTTAN DİKME DÜĞME,ANA_URUN,,,15.0,24.0,,True
1901017,ALTTAN DİKME DÜĞME,ANA_URUN,,,17.0,28.0,,True
1901020,ALTTAN DİKME DÜĞME,ANA_URUN,,,20.0,32.0,,True
1901023,ALTTAN DİKME DÜĞME,ANA_URUN,,,23.0,36.0,,True
1901033,ALTTAN DİKME DÜĞME,ANA_URUN,,,33.0,54.0,,True
1902014,ALTTAN DİKME DÜĞME,ANA_URUN,,,14.0,20.0,,True
1902020.5,ALTTAN DİKME DÜĞME,ANA_URUN,,,20.5,32.0,,True
1902024.5,ALTTAN DİKME DÜĞME,ANA_URUN,,,24.5,38.0,,True
1903912,ÜSTTEN DİKME DÜĞME,ANA_URUN,,,12.7,20.0,,True
1904020,TOKA,ANA_URUN,,,20.0,,,True
1905022,BRİT,ANA_URUN,,,20.0,,,True
1906010,ALTTAN DİKME DÜĞME,ANA_URUN,,,10.02,16.0,,True
1907015,ÜSTTEN DİKME DÜĞME,ANA_URUN,,,15.2,24.0,,True
190723,ÇIT ÇIT,ANA_URUN,,,23.0,37.0,,True
190802,TOKA,ANA_URUN,,,20.0,,,True
1909018,ALTTAN DİKME DÜĞME,ANA_URUN,,,18.0,28.0,,True
19100011,ALTTAN DİKME DÜĞME,ANA_URUN,,,11.0,18.0,,True
1910009,ALTTAN DİKME DÜĞME,ANA_URUN,,,9.0,14.0,,True
1911050,HALKA,ANA_URUN,,,50.0,,,True
1912030,TOKA,ANA_URUN,,,30.0,,,True
1913075,DİĞER AKSESUAR,ANA_URUN,,,75.0,,,True
1914070,DİĞER AKSESUAR,ANA_URUN,,,70.0,,,True
191509.9,SALLANTI,ANA_URUN,,,9.9,,,True
1916010,ALTTAN DİKME DÜĞME,ANA_URUN,,,10.0,,e,True
1916013,ALTTAN DİKME DÜĞME,ANA_URUN,,,13.0,,,True
1916015,ALTTAN DİKME DÜĞME,ANA_URUN,,,15.0,,,True
1916016,ALTTAN DİKME DÜĞME,ANA_URUN,,,16.0,,,True
1916018,ALTTAN DİKME DÜĞME,ANA_URUN,,,18.0,,,True
1916020,ALTTAN DİKME DÜĞME,ANA_URUN,,,20.0,,,True
191617,ÇAKMA DÜĞME,ANA_URUN,,,17.0,27.0,,True
191620,ÇAKMA DÜĞME,ANA_URUN,,,20.0,32.0,,True
1917022,ALTTAN DİKME DÜĞME,ANA_URUN,,,22.0,,,True
1918012-15,ALTTAN DİKME DÜĞME,ANA_URUN,,,15.0,,,True
1919039.5,TOKA,ANA_URUN,,,39.5,,,True
1920023,ALTTAN DİKME DÜĞME,ANA_URUN,,,23.0,38.0,,True
192109,AYAR,ANA_URUN,,,9.0,,,True
1922028,TOKA,ANA_URUN,,,28.0,,,True
19230110,DİĞER AKSESUAR,ANA_URUN,,,110.0,,,True
1924022,ALTTAN DİKME DÜĞME,ANA_URUN,,,22.0,,,True
1925912,ALTTAN DİKME DÜĞME,ANA_URUN,,,12.0,,,True
1926015,ALTTAN DİKME DÜĞME,ANA_URUN,,,15.0,26.0,,True
1927037.5,TOKA,ANA_URUN,,,37.5,,,True
1928043.5,TOKA,ANA_URUN,,,43.5,,,True
192909,TOKA,ANA_URUN,,,9.0,,,True
192920,ÜSTTEN DİKME DÜĞME,ANA_URUN,,,20.0,32.0,,True
1930050,TOKA,ANA_URUN,,,50.0,,,True
1931011,STOPER,ANA_URUN,,,11.0,,,True
1932-818,BAĞ UCU,ANA_URUN,,,18.0,,,True
193212,RİVET,ANA_URUN,,,12.0,19.0,,True
1933020,TOKA,ANA_URUN,,,20.0,,,True
1934040,TOKA,ANA_URUN,,,40.0,,,True
1935037,TOKA,ANA_URUN,,,37.0,,,True
1935045,TOKA,ANA_URUN,,,45.0,,,True
1935056,TOKA,ANA_URUN,,,56.0,,,True
1935064,TOKA,ANA_URUN,,,64.0,,,True
1936016,,ANA_URUN,,,16.0,,,True
1936028,,ANA_URUN,,,28.0,,,True
1936034,,ANA_URUN,,,34.0,,,True
193617,ÇAKMA DÜĞME,ANA_URUN,,,17.0,27.0,,True
193620,ÇAKMA DÜĞME,ANA_URUN,,,20.0,32.0,,True
1937017.8,DİĞER AKSESUAR,ANA_URUN,,,17.8,,,True
1938023.4,ROZET,ANA_URUN,,,23.4,,,True
1939018,ROZET,ANA_URUN,,,18.0,,,True
1940012.7,ROZET,ANA_URUN,,,12.7,20.0,,True
1941059.4,KEMER TOKASI,ANA_URUN,,,59.4,,,True
1942021.1,KEMER TOKASI,ANA_URUN,,,21.1,,,True
1943819,BAĞ UCU,ANA_URUN,,,19.0,,,True
1944020,HALKA,ANA_URUN,,,20.0,,,True
1944030,HALKA,ANA_URUN,,,30.0,,,True
1945010,DİĞER AKSESUAR,ANA_URUN,,,10.0,,,True
1946025,HALKA,ANA_URUN,,,25.0,,,True
1946030,HALKA,ANA_URUN,,,30.0,,,True
1946037,HALKA,ANA_URUN,,,37.0,,,True
1946046,HALKA,ANA_URUN,,,46.0,,,True
1946057,HALKA,ANA_URUN,,,57.0,,,True
194617,ÇAKMA DÜĞME,ANA_URUN,,,17.0,27.0,,True
194620,ÇAKMA DÜĞME,ANA_URUN,,,20.0,32.0,,True
1947013,DİĞER AKSESUAR,ANA_URUN,,,130.0,,,True
194716,ÇIT ÇIT,ANA_URUN,,,16.0,26.0,,True
194720,ÇIT ÇIT,ANA_URUN,,,20.0,32.0,,True
1948025,GEÇMELİ TOKA,ANA_URUN,,,25.0,,,True
1949050,TOKA,ANA_URUN,,,50.0,,,True
195023,TOKA,ANA_URUN,,,23.0,,,True
1951020,TOKA,ANA_URUN,,,20.0,,,True
1954008,,ANA_URUN,,,8.0,,,True
1955015,TOKA,ANA_URUN,,,15.0,,,True
1956020,,ANA_URUN,,,20.0,,,True
1957021,ALTTAN DİKME DÜĞME,ANA_URUN,,,21.0,34.0,,True
1958035,TOKA,ANA_URUN,,,35.0,,,True
1959030,TOKA,ANA_URUN,,,30.0,,,True
1961008,ALTTAN DİKME DÜĞME,ANA_URUN,,,8.0,14.0,,True
1962006,AYAR,ANA_URUN,,,6.0,,,True
1967010,AYAR,ANA_URUN,,,10.0,,,True
1968025,ALTTAN DİKME DÜĞME,ANA_URUN,,,25.0,40.0,,True
1969050,TOKA,ANA_URUN,,,50.0,,,True
1969112,PLAKA,ANA_URUN,,,12.0,20.0,,True
196914,ÜSTTEN DİKME DÜĞME,ANA_URUN,,,14.0,22.0,,True
196916,ÜSTTEN DİKME DÜĞME,ANA_URUN,,,16.0,26.0,,True
196920,ÜSTTEN DİKME DÜĞME,ANA_URUN,,,20.0,32.0,,True
196922,ÜSTTEN DİKME DÜĞME,ANA_URUN,,,22.0,35.0,,True
1970090,YAKALIK,ANA_URUN,,,90.0,,,True
1971025,ALTTAN DİKME DÜĞME,ANA_URUN,,,25.0,40.0,,True
1973035,TOKA,ANA_URUN,,,35.0,,,True
1974010,ALTTAN DİKME DÜĞME,ANA_URUN,,,10.0,16.0,,True
197522.5,ÇIT ÇIT,ANA_URUN,,,22.5,,,True
1976110,RİVET,ANA_URUN,,,10.0,,,True
1977047,TOKA,ANA_URUN,,,47.0,,,True
1978030,TOKA,ANA_URUN,,,30.0,,,True
1979023,ALTTAN DİKME DÜĞME,ANA_URUN,,,23.0,36.0,,True
197917,ÜSTTEN DİKME DÜĞME,ANA_URUN,,,17.0,27.0,,True
198023,,ANA_URUN,,,23.0,37.0,,True
198040,TOKA,ANA_URUN,,,40.0,,,True
1981010.5,ALTTAN DİKME DÜĞME,ANA_URUN,,,10.5,16.0,,True
1982030,TOKA,ANA_URUN,,,30.0,,,True
198214,RİVET,ANA_URUN,,,14.0,22.0,,True
198218,RİVET,ANA_URUN,,,18.0,29.0,,True
1983040,PİRSİNG,ANA_URUN,,,40.0,,,True
1984064,TOKA,ANA_URUN,,,64.0,,,True
1985030,TOKA,ANA_URUN,,,30.0,,,True
19860110,PLAKA,ANA_URUN,,,10.0,16.0,,True
1986020,TOKA,ANA_URUN,,,20.0,,,True
1987020,TOKA,ANA_URUN,,,20.0,,,True
1988030,TOKA,ANA_URUN,,,30.0,,,True
1989055,TOKA,ANA_URUN,,,55.0,,,True
1990709,ÇIT ÇIT,ANA_URUN,,,9.0,,,True
1991045,TOKA,ANA_URUN,,,45.0,,,True
1992010,GEÇMELİ TOKA,ANA_URUN,,,10.0,,,True
1992028,GEÇMELİ TOKA,ANA_URUN,,,28.0,,,True
199210,RİVET,ANA_URUN,,,10.0,16.0,,True
199214,RİVET,ANA_URUN,,,14.0,22.0,,True
1993068,TOKA,ANA_URUN,,,68.0,,,True
1994040,TOKA,ANA_URUN,,,40.0,,,True
1995015,ALTTAN DİKME DÜĞME,ANA_URUN,,,15.0,24.0,,True
1996025,ALTTAN DİKME DÜĞME,ANA_URUN,,,25.0,40.0,,True
199617,ÇAKMA DÜĞME,ANA_URUN,,,17.0,27.0,,True
199620,ÇAKMA DÜĞME,ANA_URUN,,,20.0,32.0,,True
199622,ÇAKMA DÜĞME,ANA_URUN,,,22.0,35.0,,True
1997018,TOKA,ANA_URUN,,,18.0,,,True
1997020,TOKA,ANA_URUN,,,20.0,,,True
1998017,ALTTAN DİKME DÜĞME,ANA_URUN,,,12.0,28.0,,True
1999025,TOKA,ANA_URUN,,,25.0,,,True
2000030,TOKA,ANA_URUN,,,30.0,,,True
200020,TOKA,ANA_URUN,,,20.0,32.0,,True
200024-T,TOKA,ANA_URUN,,,24.0,56.0,,True
200028-T,TOKA,ANA_URUN,,,28.0,64.0,,True
200030,TOKA,ANA_URUN,,,30.0,40.0,,True
200035,TOKA,ANA_URUN,,,35.0,45.0,,True
200045,TOKA,ANA_URUN,,,45.0,48.0,,True
200048-T,TOKA,ANA_URUN,,,48.0,72.0,,True
200050-y,TOKA,ANA_URUN,,,50.0,,,True
2001015,TOKA,ANA_URUN,,,15.0,,,True
2002030,TOKA,ANA_URUN,,,30.0,,,True
2003058,TOKA,ANA_URUN,,,58.0,,,True
2004029,TOKA,ANA_URUN,,,29.0,,,True
2005062,TOKA,ANA_URUN,,,62.0,,,True
2006058,TOKA,ANA_URUN,,,58.0,,,True
2007015,TOKA,ANA_URUN,,,15.0,,,True
2008040,TOKA,ANA_URUN,,,40.0,,,True
2009015,ALTTAN DİKME DÜĞME,ANA_URUN,,,15.0,24.0,,True
2009020,ALTTAN DİKME DÜĞME,ANA_URUN,,,20.0,32.0,,True
200917.5,ALTTAN DİKME DÜĞME,ANA_URUN,,,17.5,28.0,,True
2010015,KÖPRÜ,ANA_URUN,,,15.0,,,True
201010,KÖPRÜ,ANA_URUN,,,10.0,,,True
201015,TOKA,ANA_URUN,,,15.0,24.0,,True
201020,TOKA,ANA_URUN,,,20.0,32.0,,True
201035,TOKA,ANA_URUN,,,35.0,56.0,,True
2011035,TOKA,ANA_URUN,,,35.0,,,True
2012058,TOKA,ANA_URUN,,,36.0,,,True
2013-pl,PUL,ANA_URUN,,,,,,True
2014043,TOKA,ANA_URUN,,,43.0,,,True
2015015,ALTTAN DİKME DÜĞME,ANA_URUN,,,15.0,24.0,,True
201605.5,BAĞ UCU,ANA_URUN,,,5.5,,,True
2017012,PİRSİNG,ANA_URUN,,,12.0,,,True
2018020,ALTTAN DİKME DÜĞME,ANA_URUN,,,20.0,32.0,,True
2018023,ALTTAN DİKME DÜĞME,ANA_URUN,,,23.0,36.0,,True
2019051.5,TOKA,ANA_URUN,,,51.5,,,True
202060,TOKA,ANA_URUN,,,60.0,96.0,,True
2021910,ÜSTTEN DİKME DÜĞME,ANA_URUN,,,10.0,16.0,,True
2022960,ÜSTTEN DİKME DÜĞME,ANA_URUN,,,60.0,96.0,,True
2023015,ALTTAN DİKME DÜĞME,ANA_URUN,,,15.0,24.0,,True
2023022.5,ALTTAN DİKME DÜĞME,ANA_URUN,,,22.5,36.0,,True
2024053,TOKA,ANA_URUN,,,53.0,,,True
2025050,ALTTAN DİKME DÜĞME,ANA_URUN,,,50.0,80.0,,True
202635.7,ALTTAN DİKME DÜĞME,ANA_URUN,,,35.7,,,True
2027010,ALTTAN DİKME DÜĞME,ANA_URUN,,,10.0,16.0,,True
2028012,ALTTAN DİKME DÜĞME,ANA_URUN,,,12.0,20.0,,True
202829,SALLANTI,ANA_URUN,,,29.0,46.0,,True
202830,SALLANTI,ANA_URUN,,,30.0,48.0,,True
2029020,ALTTAN DİKME DÜĞME,ANA_URUN,,,20.0,32.0,,True
2030030,TOKA,ANA_URUN,,,30.0,,,True
203034,TOKA,ANA_URUN,,,34.0,54.0,,True
2031052,TOKA,ANA_URUN,,,52.0,,,True
2032909,DİĞER AKSESUAR,ANA_URUN,,,9.0,,,True
2033050,HALKA,ANA_URUN,,,50.0,,,True
2033060,HALKA,ANA_URUN,,,60.0,,,True
2034035,TOKA,ANA_URUN,,,35.0,,,True
2035020,TOKA,ANA_URUN,,,22.0,,,True
2037023,ALTTAN DİKME DÜĞME,ANA_URUN,,,23.0,38.0,,True
2038045,TOKA,ANA_URUN,,,45.0,,,True
2039010.5,ALTTAN DİKME DÜĞME,ANA_URUN,,,10.5,16.0,,True
2040044.7,KÖPRÜ,ANA_URUN,,,44.74,,,True
204027,TOKA,ANA_URUN,,,27.0,43.0,,True
2041023,ALTTAN DİKME DÜĞME,ANA_URUN,,,23.0,36.0,,True
2042018,ALTTAN DİKME DÜĞME,ANA_URUN,,,18.0,30.0,,True
2043008,AYAR,ANA_URUN,,,8.0,,,True
2044007,HALKA,ANA_URUN,,,7.0,,,True
2045039,TOKA,ANA_URUN,,,39.0,,,True
2045039-PUL,PUL,ANA_URUN,,,39.0,,,True
2046032.7,KÖPRÜ,ANA_URUN,,,32.7,,,True
2047010,BAĞ UCU,ANA_URUN,,,10.0,,,True
2048025,ALTTAN DİKME DÜĞME,ANA_URUN,,,25.0,40.0,,True
2049027,PİRSİNG,ANA_URUN,,,27.0,,,True
2050030,TOKA,ANA_URUN,,,30.0,,,True
205030,TOKA,ANA_URUN,,,30.0,48.0,,True
2051709,ÇIT ÇIT,ANA_URUN,,,9.0,,,True
2052055,TOKA,ANA_URUN,,,55.0,,,True
2053014,TOKA,ANA_URUN,,,14.0,,,True
2054030,TOKA,ANA_URUN,,,30.0,,,True
2055018,TOKA,ANA_URUN,,,18.0,,,True
205608,TOKA,ANA_URUN,,,8.0,,,True
2057015,TOKA,ANA_URUN,,,15.0,,,True
2058050,PİRSİNG,ANA_URUN,,,50.0,,,True
2059050,PİRSİNG,ANA_URUN,,,50.0,,,True
2060040,TOKA,ANA_URUN,,,40.0,,,True
206030,TOKA,ANA_URUN,,,30.0,48.0,,True
2061927,ÜSTTEN DİKME DÜĞME,ANA_URUN,,,27.0,43.0,,True
2062030,TOKA,ANA_URUN,,,30.0,,,True
2063923,ÜSTTEN DİKME DÜĞME,ANA_URUN,,,23.0,36.0,,True
2064020,ALTTAN DİKME DÜĞME,ANA_URUN,,,20.0,32.0,,True
2065020,TOKA,ANA_URUN,,,20.0,,,True
2066020,ALTTAN DİKME DÜĞME,ANA_URUN,,,20.0,32.0,,True
2066025,ALTTAN DİKME DÜĞME,ANA_URUN,,,25.0,40.0,,True
2067018,ALTTAN DİKME DÜĞME,ANA_URUN,,,18.0,28.0,,True
2068007,RİVET,ANA_URUN,,,7.0,,,True
2069050,TOKA,ANA_URUN,,,50.0,,,True
2070018,ALTTAN DİKME DÜĞME,ANA_URUN,,,18.0,28.0,,True
2070034,ALTTAN DİKME DÜĞME,ANA_URUN,,,34.0,55.0,,True
2070933,ÜSTTEN DİKME DÜĞME,ANA_URUN,,,33.0,53.0,,True
2071025,ALTTAN DİKME DÜĞME,ANA_URUN,,,25.0,40.0,,True
2071035,ALTTAN DİKME DÜĞME,ANA_URUN,,,35.0,56.0,,True
2072040,ALTTAN DİKME DÜĞME,ANA_URUN,,,40.0,64.0,,True
2072045,ALTTAN DİKME DÜĞME,ANA_URUN,,,45.0,72.0,,True
2073018,ALTTAN DİKME DÜĞME,ANA_URUN,,,18.0,28.0,,True
2074028,ALTTAN DİKME DÜĞME,ANA_URUN,,,28.0,45.0,,True
2075023,ALTTAN DİKME DÜĞME,ANA_URUN,,,23.0,36.0,,True
2076086.5,PİRSİNG,ANA_URUN,,,86.5,,,True
2077040,PİRSİNG,ANA_URUN,,,40.0,,,True
2078037,ALTTAN DİKME DÜĞME,ANA_URUN,,,37.0,59.0,,True
2078149,TOKA,ANA_URUN,,,49.0,,,True
2079009,KÖPRÜ,ANA_URUN,,,9.0,,,True
208006,KÖPRÜ,ANA_URUN,,,6.0,,,True
208014,TOKA,ANA_URUN,,,14.0,22.0,,True
2081015,ALTTAN DİKME DÜĞME,ANA_URUN,,,15.0,24.0,,True
2081023,ALTTAN DİKME DÜĞME,ANA_URUN,,,23.0,36.0,,True
2082040,TOKA,ANA_URUN,,,40.0,,,True
2083029,ALTTAN DİKME DÜĞME,ANA_URUN,,,83.0,46.0,,True
2084028,ALTTAN DİKME DÜĞME,ANA_URUN,,,28.0,45.0,,True
2085026,ALTTAN DİKME DÜĞME,ANA_URUN,,,26.0,42.0,,True
2085038,ALTTAN DİKME DÜĞME,ANA_URUN,,,38.0,60.0,,True
2086018,ALTTAN DİKME DÜĞME,ANA_URUN,,,18.0,28.0,,True
2086025,ALTTAN DİKME DÜĞME,ANA_URUN,,,25.0,40.0,,True
2086027,ALTTAN DİKME DÜĞME,ANA_URUN,,,27.0,43.0,,True
20860337,ALTTAN DİKME DÜĞME,ANA_URUN,,,37.0,59.0,,True
2086737,ÇIT ÇIT,ANA_URUN,,,37.0,59.0,,True
2087028,ALTTAN DİKME DÜĞME,ANA_URUN,,,28.0,45.0,,True
2087035,ALTTAN DİKME DÜĞME,ANA_URUN,,,,56.0,,True
2087735,ÇIT ÇIT,ANA_URUN,,,35.0,56.0,,True
2088030,TOKA,ANA_URUN,,,30.0,,,True
2089030,TOKA,ANA_URUN,,,30.0,,,True
2090040,TOKA,ANA_URUN,,,40.0,,,True
2090040-D,DİĞER AKSESUAR,ANA_URUN,,,40.0,,,True
209020,TOKA,ANA_URUN,,,20.0,32.0,,True
2091745,ÇIT ÇIT,ANA_URUN,,,45.0,,,True
2092025,TOKA,ANA_URUN,,,25.0,,,True
2093023,ALTTAN DİKME DÜĞME,ANA_URUN,,,23.0,36.0,,True
2094020,ALTTAN DİKME DÜĞME,ANA_URUN,,,20.0,32.0,,True
2095,ALTTAN DİKME DÜĞME,ANA_URUN,,,90.0,,,True
2095045,ALTTAN DİKME DÜĞME,ANA_URUN,,,45.0,72.0,,True
2096018,ALTTAN DİKME DÜĞME,ANA_URUN,,,18.0,28.0,,True
2096023,ALTTAN DİKME DÜĞME,ANA_URUN,,,23.0,36.0,,True
2097022,ALTTAN DİKME DÜĞME,ANA_URUN,,,22.0,34.0,,True
2098020,ALTTAN DİKME DÜĞME,ANA_URUN,,,20.0,32.0,,True
2099011,ALTTAN DİKME DÜĞME,ANA_URUN,,,11.0,18.0,,True
210014,TOKA,ANA_URUN,,,14.0,22.0,,True
2100811,BAĞ UCU,ANA_URUN,,,11.0,,,True
2101050,TOKA,ANA_URUN,,,50.0,,,True
2102023,ALTTAN DİKME DÜĞME,ANA_URUN,,,23.0,36.0,,True
2103018,ALTTAN DİKME DÜĞME,ANA_URUN,,,18.0,28.0,,True
2103022,ALTTAN DİKME DÜĞME,ANA_URUN,,,22.0,34.0,,True
2104,TOKA,ANA_URUN,,,,,,True
2105024,ALTTAN DİKME DÜĞME,ANA_URUN,,,24.0,38.0,,True
21060,,ANA_URUN,,,,,,True
2106050,PİRSİNG,ANA_URUN,,,50.0,,,True
2107030,TOKA,ANA_URUN,,,30.0,,,True
2107035,TOKA,ANA_URUN,,,35.0,,,True
2108,TOKA,ANA_URUN,,,50.0,,2108 toka takımı: üst toka ve alt pul,True
2108-PUL,PUL,ALT_PARCA,2108,Alt pul,,,2108 toka takımının alt pul parçası,True
2108-TOKA,TOKA,ALT_PARCA,2108,Üst toka,50.0,,2108 toka takımının üst toka parçası,True
2110053,ALTTAN DİKME DÜĞME,ANA_URUN,,,53.0,83.0,,True
211035,TOKA,ANA_URUN,,,35.0,56.0,,True
2110753,ÇIT ÇIT,ANA_URUN,,,53.0,,,True
2111035,ALTTAN DİKME DÜĞME,ANA_URUN,,,35.0,56.0,,True
2111735,ÇIT ÇIT,ANA_URUN,,,35.0,,,True
2112050,ALTTAN DİKME DÜĞME,ANA_URUN,,,50.0,,,True
2112750,ÇIT ÇIT,ANA_URUN,,,50.0,,,True
2113015,ALTTAN DİKME DÜĞME,ANA_URUN,,,15.0,24.0,,True
2114036,ALTTAN DİKME DÜĞME,ANA_URUN,,,36.0,,,True
2114736,ÇIT ÇIT,ANA_URUN,,,36.0,,,True
2115737,ÇIT ÇIT,ANA_URUN,,,37.0,,,True
2116050,TOKA,ANA_URUN,,,50.0,,,True
2117058,ALTTAN DİKME DÜĞME,ANA_URUN,,,58.0,,,True
2117158-K,TOKA,ANA_URUN,,,58.0,,,True
2117758,ÇIT ÇIT,ANA_URUN,,,58.0,,,True
2118,TOKA,ANA_URUN,,,,,,True
2119,SALLANTI,ANA_URUN,,,,,,True
2120,KÖPRÜ,ANA_URUN,,,,,,True
2121,TOKA,ANA_URUN,,,,,,True
2122045,ALTTAN DİKME DÜĞME,ANA_URUN,,,45.0,,,True
2122745,ÇIT ÇIT,ANA_URUN,,,45.0,,,True
2123,KÖPRÜ,ANA_URUN,,,,,,True
2124020,ALTTAN DİKME DÜĞME,ANA_URUN,,,20.0,,,True
2126746,ÇIT ÇIT,ANA_URUN,,,46.0,,,True
2127020,TOKA,ANA_URUN,,,20.0,,,True
2128042,ALTTAN DİKME DÜĞME,ANA_URUN,,,42.0,67.0,,True
2128742,ÇIT ÇIT,ANA_URUN,,,42.0,67.0,,True
2129080,TOKA,ANA_URUN,,,80.0,,,True
2130,TOKA,ANA_URUN,,,,,,True
213035,TOKA,ANA_URUN,,,35.0,53.0,,True
2131,TOKA,ANA_URUN,,,,,,True
2132040,TOKA,ANA_URUN,,,40.0,,,True
2133032,ALTTAN DİKME DÜĞME,ANA_URUN,,,32.0,51.0,,True
2134040,TOKA,ANA_URUN,,,40.0,,,True
2135737,ÇIT ÇIT,ANA_URUN,,,37.0,59.0,,True
2136,PİRSİNG,ANA_URUN,,,,,,True
2137020,ALTTAN DİKME DÜĞME,ANA_URUN,,,20.0,32.0,,True
2137023,ALTTAN DİKME DÜĞME,ANA_URUN,,,23.0,36.0,,True
2138032,ALTTAN DİKME DÜĞME,ANA_URUN,,,32.0,51.0,,True
2139022,ALTTAN DİKME DÜĞME,ANA_URUN,,,22.0,35.0,,True
2140019,ALTTAN DİKME DÜĞME,ANA_URUN,,,19.0,32.0,,True
214037,TOKA,ANA_URUN,,,37.0,59.0,,True
2141050,TOKA,ANA_URUN,,,50.0,,,True
2142040,TOKA,ANA_URUN,,,40.0,,,True
2143,ALTTAN DİKME DÜĞME,ANA_URUN,,,,,,True
2144018,ALTTAN DİKME DÜĞME,ANA_URUN,,,18.0,28.0,,True
2145025,ALTTAN DİKME DÜĞME,ANA_URUN,,,25.0,40.0,,True
2146015,ALTTAN DİKME DÜĞME,ANA_URUN,,,15.0,24.0,,True
2146018,ALTTAN DİKME DÜĞME,ANA_URUN,,,18.0,28.0,,True
2146020,ALTTAN DİKME DÜĞME,ANA_URUN,,,20.0,32.0,,True
2147761,ÇIT ÇIT,ANA_URUN,,,61.0,98.0,,True
2148030,TOKA,ANA_URUN,,,30.0,,,True
2149015.5,ALTTAN DİKME DÜĞME,ANA_URUN,,,15.5,26.0,,True
2150018,ALTTAN DİKME DÜĞME,ANA_URUN,,,18.0,28.0,,True
215036,TOKA,ANA_URUN,,,36.0,58.0,,True
215060,TOKA,ANA_URUN,,,60.0,96.0,,True
2151819,BAĞ UCU,ANA_URUN,,,19.0,,,True
2152,TOKA,ANA_URUN,,,,,,True
2152-PL,PUL,ANA_URUN,,,,,,True
215215,RİVET,ANA_URUN,,,15.0,24.0,,True
2154025,TOKA,ANA_URUN,,,25.0,,,True
2155078,TOKA,ANA_URUN,,,78.0,,,True
2156050,TOKA,ANA_URUN,,,50.0,,,True
215620,ÇAKMA DÜĞME,ANA_URUN,,,20.0,32.0,,True
2157072,ALTTAN DİKME DÜĞME,ANA_URUN,,,72.0,115.0,,True
2158,PİRSİNG,ANA_URUN,,,,,,True
2159021,ALTTAN DİKME DÜĞME,ANA_URUN,,,21.0,34.0,,True
2160018,ALTTAN DİKME DÜĞME,ANA_URUN,,,18.0,28.0,,True
2160030,TOKA,ANA_URUN,,,30.0,,,True
216035,TOKA,ANA_URUN,,,35.0,56.0,,True
216079,TOKA,ANA_URUN,,,79.0,126.0,,True
21610228,ALTTAN DİKME DÜĞME,ANA_URUN,,,28.0,,,True
2162063,TOKA,ANA_URUN,,,63.0,,,True
2163030-K,TOKA,ANA_URUN,,,30.0,,,True
2163037-K,TOKA,ANA_URUN,,,37.0,,,True
2163037-K-PUL,PUL,ALT_PARCA,2163037-K,,,,2163037-K ürününün pulu / tamamlayıcı parçası,True
2164022,ALTTAN DİKME DÜĞME,ANA_URUN,,,22.0,34.0,,True
2165023,ALTTAN DİKME DÜĞME,ANA_URUN,,,23.0,36.0,,True
2166027,ALTTAN DİKME DÜĞME,ANA_URUN,,,27.0,43.0,,True
2167,PLAKA,ANA_URUN,,,,,,True
2167-2,PLAKA,ANA_URUN,,,,,,True
2167-PL,PUL,ANA_URUN,,,,,,True
2168015,TOKA,ANA_URUN,,,15.0,,,True
2169019,ALTTAN DİKME DÜĞME,ANA_URUN,,,19.0,,,True
2170028,ALTTAN DİKME DÜĞME,ANA_URUN,,,28.0,45.0,,True
217030,TOKA,ANA_URUN,,,30.0,48.0,,True
217040,TOKA,ANA_URUN,,,40.0,64.0,,True
2171011,ALTTAN DİKME DÜĞME,ANA_URUN,,,11.0,17.0,,True
2172018,ALTTAN DİKME DÜĞME,ANA_URUN,,,18.0,28.0,,True
2173038,ALTTAN DİKME DÜĞME,ANA_URUN,,,38.0,60.0,,True
2174023,ALTTAN DİKME DÜĞME,ANA_URUN,,,23.0,,,True
2175,TOKA,ANA_URUN,,,,,,True
2178034,ALTTAN DİKME DÜĞME,ANA_URUN,,,34.0,54.0,,True
2180030,ALTTAN DİKME DÜĞME,ANA_URUN,,,30.0,48.0,,True
218025,TOKA,ANA_URUN,,,25.0,64.0,,True
218030,TOKA,ANA_URUN,,,30.0,80.0,,True
218040,TOKA,ANA_URUN,,,40.0,96.0,,True
218050,TOKA,ANA_URUN,,,50.0,,,True
218060,TOKA,ANA_URUN,,,60.0,,,True
2181028,PİRSİNG,ANA_URUN,,,28.0,,,True
2182020,HALKA,ANA_URUN,,,20.0,,,True
2184034,ALTTAN DİKME DÜĞME,ANA_URUN,,,34.0,54.0,,True
2185029,ALTTAN DİKME DÜĞME,ANA_URUN,,,29.0,46.0,,True
2186032,ALTTAN DİKME DÜĞME,ANA_URUN,,,32.0,51.0,,True
220210,RİVET,ANA_URUN,,,10.0,16.0,,True
220212,RİVET,ANA_URUN,,,12.0,19.0,,True
220220,RİVET,ANA_URUN,,,20.0,32.0,,True
220618,ÇAKMA DÜĞME,ANA_URUN,,,18.0,29.0,,True
220620,ÇAKMA DÜĞME,ANA_URUN,,,20.0,32.0,,True
220624,ÇAKMA DÜĞME,ANA_URUN,,,24.0,38.0,,True
2211750,ÇIT ÇIT,ANA_URUN,,,50.0,80.0,,True
221212,RİVET,ANA_URUN,,,12.0,19.0,,True
221215,RİVET,ANA_URUN,,,15.0,24.0,,True
2213019,TOKA,ANA_URUN,,,19.0,,,True
2214035,TOKA,ANA_URUN,,,35.0,,,True
2215040,TOKA,ANA_URUN,,,40.0,,,True
2216020,TOKA,ANA_URUN,,,20.0,,,True
221617,ÇAKMA DÜĞME,ANA_URUN,,,17.0,27.0,,True
221625,ÇAKMA DÜĞME,ANA_URUN,,,25.0,40.0,,True
2218020,TOKA,ANA_URUN,,,20.0,,,True
222017,ALTTAN DİKME DÜĞME,ANA_URUN,,,17.0,27.0,,True
222023,ALTTAN DİKME DÜĞME,ANA_URUN,,,23.0,37.0,,True
222025,ALTTAN DİKME DÜĞME,ANA_URUN,,,25.0,40.0,,True
222028,ALTTAN DİKME DÜĞME,ANA_URUN,,,28.0,45.0,,True
222059,TOKA,ANA_URUN,,,59.0,,,True
2221040,TOKA,ANA_URUN,,,40.0,,,True
2223010,ALTTAN DİKME DÜĞME,ANA_URUN,,,10.0,,,True
2224075,TOKA,ANA_URUN,,,75.0,,,True
2225806,BAĞ UCU,ANA_URUN,,,6.0,,,True
2227735,ÇIT ÇIT,ANA_URUN,,,35.0,,,True
2228,TOKA,ANA_URUN,,,,,,True
2231021,TOKA,ANA_URUN,,,21.0,,,True
2232,TOKA,ANA_URUN,,,,,,True
223212,RİVET,ANA_URUN,,,12.0,19.0,,True
223214,RİVET,ANA_URUN,,,14.0,22.0,,True
2233,TOKA,ANA_URUN,,,,,,True
223415,TOKA,ANA_URUN,,,15.0,,,True
2235022,TOKA,ANA_URUN,,,22.0,,,True
2236034,TOKA,ANA_URUN,,,34.0,,,True
223617,ÇAKMA DÜĞME,ANA_URUN,,,17.0,27.0,,True
223620,ÇAKMA DÜĞME,ANA_URUN,,,20.0,32.0,,True
223622,ÇAKMA DÜĞME,ANA_URUN,,,22.0,35.0,,True
223712,ÇIT ÇIT,ANA_URUN,,,12.0,19.0,,True
2241010,TOKA,ANA_URUN,,,10.0,,,True
2242010,TOKA,ANA_URUN,,,10.0,,,True
224210,RİVET,ANA_URUN,,,10.0,16.0,,True
224212,RİVET,ANA_URUN,,,12.0,19.0,,True
224214,RİVET,ANA_URUN,,,14.0,22.0,,True
2243009,TOKA,ANA_URUN,,,9.0,,,True
224617,ÇAKMA DÜĞME,ANA_URUN,,,17.0,27.0,,True
224620,ÇAKMA DÜĞME,ANA_URUN,,,20.0,32.0,,True
224622,ÇAKMA DÜĞME,ANA_URUN,,,22.0,35.0,,True
225212,RİVET,ANA_URUN,,,12.0,19.0,,True
225214,RİVET,ANA_URUN,,,14.0,22.0,,True
225617,ÇAKMA DÜĞME,ANA_URUN,,,17.0,27.0,,True
225620,ÇAKMA DÜĞME,ANA_URUN,,,20.0,32.0,,True
225622,ÇAKMA DÜĞME,ANA_URUN,,,22.0,35.0,,True
226210,RİVET,ANA_URUN,,,10.0,16.0,,True
226212,RİVET,ANA_URUN,,,12.0,19.0,,True
226217,RİVET,ANA_URUN,,,17.0,27.0,,True
226617,ÇAKMA DÜĞME,ANA_URUN,,,17.0,27.0,,True
226620,ÇAKMA DÜĞME,ANA_URUN,,,20.0,32.0,,True
226622,ÇAKMA DÜĞME,ANA_URUN,,,22.0,35.0,,True
226712,ÇIT ÇIT,ANA_URUN,,,12.0,19.0,,True
226812,SALLANTI,ANA_URUN,,,12.0,19.0,,True
227021,ALTTAN DİKME DÜĞME,ANA_URUN,,,21.0,34.0,,True
2276,DİĞER AKSESUAR,ANA_URUN,,,76.0,,,True
228210,RİVET,ANA_URUN,,,10.0,16.0,,True
228212,RİVET,ANA_URUN,,,12.0,19.0,,True
228615,ÇAKMA DÜĞME,ANA_URUN,,,15.0,24.0,,True
228617,ÇAKMA DÜĞME,ANA_URUN,,,17.0,27.0,,True
228620,ÇAKMA DÜĞME,ANA_URUN,,,20.0,32.0,,True
228624,ÇAKMA DÜĞME,ANA_URUN,,,24.0,38.0,,True
228717,ÇIT ÇIT,ANA_URUN,,,17.0,27.0,,True
229012,ALTTAN DİKME DÜĞME,ANA_URUN,,,12.0,19.0,,True
229620,ÇAKMA DÜĞME,ANA_URUN,,,20.0,32.0,,True
229622,ÇAKMA DÜĞME,ANA_URUN,,,22.0,35.0,,True
230210,RİVET,ANA_URUN,,,10.0,16.0,,True
231210,RİVET,ANA_URUN,,,10.0,16.0,,True
231214,RİVET,ANA_URUN,,,14.0,22.0,,True
231617,ÇAKMA DÜĞME,ANA_URUN,,,17.0,27.0,,True
231620,ÇAKMA DÜĞME,ANA_URUN,,,20.0,32.0,,True
231620-İ,ÇAKMA DÜĞME,ANA_URUN,,,20.0,32.0,,True
231624,ÇAKMA DÜĞME,ANA_URUN,,,24.0,38.0,,True
231624-İ,ÇAKMA DÜĞME,ANA_URUN,,,24.0,38.0,,True
232715,ÇIT ÇIT,ANA_URUN,,,15.0,24.0,,True
233210,RİVET,ANA_URUN,,,10.0,16.0,,True
233214-T,RİVET,ANA_URUN,,,14.0,,,True
233617,ÇAKMA DÜĞME,ANA_URUN,,,17.0,27.0,,True
233622-T,ÇAKMA DÜĞME,ANA_URUN,,,22.0,,,True
233914,ÜSTTEN DİKME DÜĞME,ANA_URUN,,,14.0,22.0,,True
233917,ÜSTTEN DİKME DÜĞME,ANA_URUN,,,17.0,27.0,,True
234209,RİVET,ANA_URUN,,,9.0,14.0,,True
234620,ÇAKMA DÜĞME,ANA_URUN,,,20.0,32.0,,True
235210,RİVET,ANA_URUN,,,10.0,16.0,,True
236020,ALTTAN DİKME DÜĞME,ANA_URUN,,,20.0,32.0,,True
238210,RİVET,ANA_URUN,,,10.0,16.0,,True
238212,RİVET,ANA_URUN,,,12.0,19.0,,True
238617,ÇAKMA DÜĞME,ANA_URUN,,,17.0,27.0,,True
238620,ÇAKMA DÜĞME,ANA_URUN,,,20.0,32.0,,True
238622,ÇAKMA DÜĞME,ANA_URUN,,,22.0,35.0,,True
239023,ALTTAN DİKME DÜĞME,ANA_URUN,,,23.0,37.0,,True
239025,ALTTAN DİKME DÜĞME,ANA_URUN,,,25.0,40.0,,True
239028,ALTTAN DİKME DÜĞME,ANA_URUN,,,28.0,45.0,,True
239212,RİVET,ANA_URUN,,,12.0,19.0,,True
239214,RİVET,ANA_URUN,,,14.0,22.0,,True
239617,ÇAKMA DÜĞME,ANA_URUN,,,17.0,27.0,,True
239620,ÇAKMA DÜĞME,ANA_URUN,,,20.0,32.0,,True
239622,ÇAKMA DÜĞME,ANA_URUN,,,22.0,35.0,,True
240210,RİVET,ANA_URUN,,,10.0,16.0,,True
241214,RİVET,ANA_URUN,,,14.0,22.0,,True
241620,ÇAKMA DÜĞME,ANA_URUN,,,20.0,32.0,,True
241622,ÇAKMA DÜĞME,ANA_URUN,,,22.0,35.0,,True
242212,RİVET,ANA_URUN,,,12.0,19.0,,True
242214,RİVET,ANA_URUN,,,14.0,22.0,,True
242617,ÇAKMA DÜĞME,ANA_URUN,,,17.0,27.0,,True
242620,ÇAKMA DÜĞME,ANA_URUN,,,20.0,32.0,,True
242624,ÇAKMA DÜĞME,ANA_URUN,,,24.0,38.0,,True
242712,ÇIT ÇIT,ANA_URUN,,,12.0,19.0,,True
242714,ÇIT ÇIT,ANA_URUN,,,14.0,22.0,,True
243210,RİVET,ANA_URUN,,,10.0,16.0,,True
243212,RİVET,ANA_URUN,,,12.0,19.0,,True
243214,RİVET,ANA_URUN,,,14.0,22.0,,True
243617,ÇAKMA DÜĞME,ANA_URUN,,,17.0,27.0,,True
243620,ÇAKMA DÜĞME,ANA_URUN,,,20.0,32.0,,True
243622,ÇAKMA DÜĞME,ANA_URUN,,,22.0,35.0,,True
244023,ALTTAN DİKME DÜĞME,ANA_URUN,,,23.0,37.0,,True
244025,ALTTAN DİKME DÜĞME,ANA_URUN,,,25.0,40.0,,True
244028,ALTTAN DİKME DÜĞME,ANA_URUN,,,28.0,45.0,,True
244624,ÇAKMA DÜĞME,ANA_URUN,,,24.0,38.0,,True
245015,ALTTAN DİKME DÜĞME,ANA_URUN,,,15.0,24.0,,True
245017,ALTTAN DİKME DÜĞME,ANA_URUN,,,17.0,27.0,,True
246012,ALTTAN DİKME DÜĞME,ANA_URUN,,,12.0,19.0,,True
246214,RİVET,ANA_URUN,,,14.0,22.0,,True
246617,ÇAKMA DÜĞME,ANA_URUN,,,17.0,27.0,,True
246620,ÇAKMA DÜĞME,ANA_URUN,,,20.0,32.0,,True
246625,ÇAKMA DÜĞME,ANA_URUN,,,25.0,40.0,,True
247210,RİVET,ANA_URUN,,,10.0,16.0,,True
247212,RİVET,ANA_URUN,,,12.0,19.0,,True
247214,RİVET,ANA_URUN,,,14.0,22.0,,True
247617,ÇAKMA DÜĞME,ANA_URUN,,,17.0,27.0,,True
247620,ÇAKMA DÜĞME,ANA_URUN,,,20.0,32.0,,True
247622,ÇAKMA DÜĞME,ANA_URUN,,,22.0,35.0,,True
247625,ÇAKMA DÜĞME,ANA_URUN,,,25.0,40.0,,True
249212,RİVET,ANA_URUN,,,12.0,19.0,,True
249217,RİVET,ANA_URUN,,,17.0,27.0,,True
249617,ÇAKMA DÜĞME,ANA_URUN,,,17.0,27.0,,True
249622,ÇAKMA DÜĞME,ANA_URUN,,,22.0,35.0,,True
250214,RİVET,ANA_URUN,,,14.0,22.0,,True
250617,ÇAKMA DÜĞME,ANA_URUN,,,17.0,27.0,,True
250622,ÇAKMA DÜĞME,ANA_URUN,,,22.0,35.0,,True
250714,ÇIT ÇIT,ANA_URUN,,,14.0,22.0,,True
251622,ÇAKMA DÜĞME,ANA_URUN,,,22.0,35.0,,True
252212,RİVET,ANA_URUN,,,12.0,19.0,,True
252214,RİVET,ANA_URUN,,,14.0,22.0,,True
252616,ÇAKMA DÜĞME,ANA_URUN,,,16.0,26.0,,True
252620,ÇAKMA DÜĞME,ANA_URUN,,,20.0,32.0,,True
252622,ÇAKMA DÜĞME,ANA_URUN,,,22.0,35.0,,True
253210,RİVET,ANA_URUN,,,10.0,16.0,,True
253617,ÇAKMA DÜĞME,ANA_URUN,,,17.0,27.0,,True
253620,ÇAKMA DÜĞME,ANA_URUN,,,20.0,32.0,,True
253622,ÇAKMA DÜĞME,ANA_URUN,,,22.0,35.0,,True
254212,RİVET,ANA_URUN,,,12.0,19.0,,True
254214,RİVET,ANA_URUN,,,14.0,22.0,,True
254617,ÇAKMA DÜĞME,ANA_URUN,,,17.0,27.0,,True
254620,ÇAKMA DÜĞME,ANA_URUN,,,20.0,32.0,,True
254622,ÇAKMA DÜĞME,ANA_URUN,,,22.0,35.0,,True
254812,SALLANTI,ANA_URUN,,,12.0,19.0,,True
255806,SALLANTI,ANA_URUN,,,6.0,10.0,,True
256908,ÜSTTEN DİKME DÜĞME,ANA_URUN,,,8.0,13.0,,True
257209,RİVET,ANA_URUN,,,9.0,14.0,,True
258210,RİVET,ANA_URUN,,,10.0,16.0,,True
259214,RİVET,ANA_URUN,,,14.0,22.0,,True
260212,RİVET,ANA_URUN,,,12.0,19.0,,True
260215,RİVET,ANA_URUN,,,15.0,24.0,,True
260617,ÇAKMA DÜĞME,ANA_URUN,,,17.0,27.0,,True
260620,ÇAKMA DÜĞME,ANA_URUN,,,20.0,32.0,,True
260622,ÇAKMA DÜĞME,ANA_URUN,,,22.0,35.0,,True
261210,RİVET,ANA_URUN,,,10.0,16.0,,True
261212,RİVET,ANA_URUN,,,12.0,19.0,,True
261214,RİVET,ANA_URUN,,,14.0,22.0,,True
261620,ÇAKMA DÜĞME,ANA_URUN,,,20.0,32.0,,True
262014,ALTTAN DİKME DÜĞME,ANA_URUN,,,14.0,22.0,,True
262017,ALTTAN DİKME DÜĞME,ANA_URUN,,,17.0,27.0,,True
262023,ALTTAN DİKME DÜĞME,ANA_URUN,,,23.0,37.0,,True
262025,ALTTAN DİKME DÜĞME,ANA_URUN,,,25.0,40.0,,True
262028,ALTTAN DİKME DÜĞME,ANA_URUN,,,28.0,45.0,,True
262030,ALTTAN DİKME DÜĞME,ANA_URUN,,,30.0,48.0,,True
263623 ( aslan kafası ),ÇAKMA DÜĞME,ANA_URUN,,,23.0,37.0,,True
264212,RİVET,ANA_URUN,,,12.0,19.0,,True
264623,ÇAKMA DÜĞME,ANA_URUN,,,23.0,37.0,,True
265215,RİVET,ANA_URUN,,,15.0,24.0,,True
266210,RİVET,ANA_URUN,,,10.0,16.0,,True
267220,RİVET,ANA_URUN,,,20.0,32.0,,True
267617,ÇAKMA DÜĞME,ANA_URUN,,,17.0,27.0,,True
267620,ÇAKMA DÜĞME,ANA_URUN,,,20.0,32.0,,True
268212,RİVET,ANA_URUN,,,12.0,19.0,,True
268214,RİVET,ANA_URUN,,,14.0,22.0,,True
268217,RİVET,ANA_URUN,,,17.0,27.0,,True
268220,RİVET,ANA_URUN,,,20.0,32.0,,True
268228,RİVET,ANA_URUN,,,28.0,45.0,,True
268617,ÇAKMA DÜĞME,ANA_URUN,,,17.0,27.0,,True
268620,ÇAKMA DÜĞME,ANA_URUN,,,20.0,32.0,,True
268624,ÇAKMA DÜĞME,ANA_URUN,,,24.0,38.0,,True
268628,ÇAKMA DÜĞME,ANA_URUN,,,28.0,45.0,,True
269007,,ANA_URUN,,,7.0,11.0,,True
270212,RİVET,ANA_URUN,,,12.0,19.0,,True
270617,ÇAKMA DÜĞME,ANA_URUN,,,17.0,27.0,,True
271914,ÜSTTEN DİKME DÜĞME,ANA_URUN,,,14.0,22.0,,True
271917,ÜSTTEN DİKME DÜĞME,ANA_URUN,,,17.0,27.0,,True
271920,ÜSTTEN DİKME DÜĞME,ANA_URUN,,,20.0,32.0,,True
271923,ÜSTTEN DİKME DÜĞME,ANA_URUN,,,23.0,37.0,,True
272014,ALTTAN DİKME DÜĞME,ANA_URUN,,,14.0,22.0,,True
273012,ALTTAN DİKME DÜĞME,ANA_URUN,,,12.0,19.0,,True
274214,RİVET,ANA_URUN,,,14.0,22.0,,True
274215-T,RİVET,ANA_URUN,,,15.0,24.0,,True
274222,RİVET,ANA_URUN,,,22.0,35.0,,True
275217,RİVET,ANA_URUN,,,17.0,27.0,,True
276210,RİVET,ANA_URUN,,,10.0,16.0,,True
277915,ÜSTTEN DİKME DÜĞME,ANA_URUN,,,15.0,24.0,,True
278012,,ANA_URUN,,,12.0,19.0,,True
279209,RİVET,ANA_URUN,,,9.0,14.0,,True
279210,RİVET,ANA_URUN,,,10.0,16.0,,True
279214,RİVET,ANA_URUN,,,14.0,22.0,,True
280212,RİVET,ANA_URUN,,,12.0,19.0,,True
280620,ÇAKMA DÜĞME,ANA_URUN,,,20.0,32.0,,True
281115,RİVET,ANA_URUN,,,15.0,24.0,,True
282620,ÇAKMA DÜĞME,ANA_URUN,,,20.0,32.0,,True
283217,RİVET,ANA_URUN,,,17.0,27.0,,True
284212,RİVET,ANA_URUN,,,12.0,19.0,,True
284620,ÇAKMA DÜĞME,ANA_URUN,,,20.0,32.0,,True
285216,RİVET,ANA_URUN,,,16.0,26.0,,True
285617,ÇAKMA DÜĞME,ANA_URUN,,,17.0,27.0,,True
286212,RİVET,ANA_URUN,,,12.0,19.0,,True
287212,RİVET,ANA_URUN,,,12.0,19.0,,True
287220,RİVET,ANA_URUN,,,20.0,32.0,,True
287620,ÇAKMA DÜĞME,ANA_URUN,,,20.0,32.0,,True
288212,RİVET,ANA_URUN,,,12.0,19.0,,True
288620,ÇAKMA DÜĞME,ANA_URUN,,,20.0,32.0,,True
289210,RİVET,ANA_URUN,,,10.0,16.0,,True
289617,ÇAKMA DÜĞME,ANA_URUN,,,17.0,27.0,,True
290215,RİVET,ANA_URUN,,,15.0,24.0,,True
290625,ÇAKMA DÜĞME,ANA_URUN,,,25.0,40.0,,True
292117,RİVET,ANA_URUN,,,17.0,27.0,,True
292210,RİVET,ANA_URUN,,,10.0,16.0,,True
292617,ÇAKMA DÜĞME,ANA_URUN,,,17.0,27.0,,True
294712,ÇIT ÇIT,ANA_URUN,,,12.0,19.0,,True
295217,RİVET,ANA_URUN,,,17.0,27.0,,True
295220,RİVET,ANA_URUN,,,20.0,32.0,,True
295223,RİVET,ANA_URUN,,,23.0,37.0,,True
296221-4 TAS,RİVET,ANA_URUN,,,21.0,34.0,,True
296221-5 TAS,RİVET,ANA_URUN,,,21.0,34.0,,True
296221-T,RİVET,ANA_URUN,,,21.0,34.0,,True
297216,RİVET,ANA_URUN,,,16.0,26.0,,True
297625,ÇAKMA DÜĞME,ANA_URUN,,,25.0,40.0,,True
298212,RİVET,ANA_URUN,,,12.0,19.0,,True
300928,ÜSTTEN DİKME DÜĞME,ANA_URUN,,,28.0,45.0,,True
300938,ÜSTTEN DİKME DÜĞME,ANA_URUN,,,38.0,61.0,,True
301015,ALTTAN DİKME DÜĞME,ANA_URUN,,,15.0,24.0,,True
301023,ALTTAN DİKME DÜĞME,ANA_URUN,,,23.0,37.0,,True
301025,ALTTAN DİKME DÜĞME,ANA_URUN,,,25.0,40.0,,True
301028,ALTTAN DİKME DÜĞME,ANA_URUN,,,28.0,45.0,,True
"302,020",ALTTAN DİKME DÜĞME,ANA_URUN,,,20.0,32.0,,True
"302,025",ALTTAN DİKME DÜĞME,ANA_URUN,,,25.0,40.0,,True
303017,ALTTAN DİKME DÜĞME,ANA_URUN,,,17.0,27.0,,True
303022,ALTTAN DİKME DÜĞME,ANA_URUN,,,22.0,35.0,,True
303028,ALTTAN DİKME DÜĞME,ANA_URUN,,,28.0,45.0,,True
303033,ALTTAN DİKME DÜĞME,ANA_URUN,,,33.0,53.0,,True
304215,RİVET,ANA_URUN,,,15.0,24.0,,True
304814,SALLANTI,ANA_URUN,,,14.0,22.0,,True
305214,RİVET,ANA_URUN,,,14.0,22.0,,True
305620,ÇAKMA DÜĞME,ANA_URUN,,,20.0,32.0,,True
305622,ÇAKMA DÜĞME,ANA_URUN,,,22.0,35.0,,True
305625,ÇAKMA DÜĞME,ANA_URUN,,,25.0,40.0,,True
305714,ÇIT ÇIT,ANA_URUN,,,14.0,22.0,,True
307818,SALLANTI,ANA_URUN,,,18.0,29.0,,True
308812,SALLANTI,ANA_URUN,,,12.0,19.0,,True
309819,SALLANTI,ANA_URUN,,,19.0,30.0,,True
310017,ALTTAN DİKME DÜĞME,ANA_URUN,,,17.0,27.0,,True
312220,RİVET,ANA_URUN,,,20.0,32.0,,True
312224,RİVET,ANA_URUN,,,24.0,38.0,,True
313220,RİVET,ANA_URUN,,,20.0,32.0,,True
313224,RİVET,ANA_URUN,,,24.0,38.0,,True
314220,RİVET,ANA_URUN,,,20.0,32.0,,True
314224,RİVET,ANA_URUN,,,24.0,38.0,,True
315214,RİVET,ANA_URUN,,,14.0,22.0,,True
315620,ÇAKMA DÜĞME,ANA_URUN,,,20.0,32.0,,True
316822,SALLANTI,ANA_URUN,,,22.0,35.0,,True
317215,RİVET,ANA_URUN,,,15.0,24.0,,True
317620,ÇAKMA DÜĞME,ANA_URUN,,,20.0,32.0,,True
318865,SALLANTI,ANA_URUN,,,65.0,104.0,,True
319014,ALTTAN DİKME DÜĞME,ANA_URUN,,,14.0,22.0,,True
319018,ALTTAN DİKME DÜĞME,ANA_URUN,,,18.0,29.0,,True
319022,ALTTAN DİKME DÜĞME,ANA_URUN,,,22.0,35.0,,True
322215,RİVET,ANA_URUN,,,15.0,24.0,,True
322620,ÇAKMA DÜĞME,ANA_URUN,,,20.0,32.0,,True
323012,TOKA,ANA_URUN,,,12.0,19.0,,True
324219,RİVET,ANA_URUN,,,19.0,30.0,,True
324224,RİVET,ANA_URUN,,,24.0,38.0,,True
325824,SALLANTI,ANA_URUN,,,24.0,38.0,,True
327224,RİVET,ANA_URUN,,,24.0,38.0,,True
327829,SALLANTI,ANA_URUN,,,29.0,46.0,,True
328023,TOKA,ANA_URUN,,,23.0,37.0,,True
331014,TOKA,ANA_URUN,,,14.0,22.0,,True
332023,ALTTAN DİKME DÜĞME,ANA_URUN,,,23.0,37.0,,True
334826,SALLANTI,ANA_URUN,,,26.0,42.0,,True
335224,RİVET,ANA_URUN,,,24.0,38.0,,True
335829,SALLANTI,ANA_URUN,,,29.0,46.0,,True
336928,ÜSTTEN DİKME DÜĞME,ANA_URUN,,,28.0,45.0,,True
337224,RİVET,ANA_URUN,,,24.0,38.0,,True
337829,SALLANTI,ANA_URUN,,,29.0,46.0,,True
338208,RİVET,ANA_URUN,,,8.0,13.0,,True
339222,RİVET,ANA_URUN,,,22.0,35.0,,True
340012,TOKA,ANA_URUN,,,12.0,19.0,,True
341225,RİVET,ANA_URUN,,,25.0,40.0,,True
341620,ÇAKMA DÜĞME,ANA_URUN,,,20.0,32.0,,True
341825,SALLANTI,ANA_URUN,,,25.0,40.0,,True
342620,ÇAKMA DÜĞME,ANA_URUN,,,20.0,32.0,,True
343214,RİVET,ANA_URUN,,,14.0,22.0,,True
343220,RİVET,ANA_URUN,,,20.0,32.0,,True
344017,ALTTAN DİKME DÜĞME,ANA_URUN,,,17.0,27.0,,True
345120,RİVET,ANA_URUN,,,20.0,32.0,,True
345217,RİVET,ANA_URUN,,,17.0,27.0,,True
345220,RİVET,ANA_URUN,,,20.0,32.0,,True
346224,RİVET,ANA_URUN,,,24.0,38.0,,True
346829,SALLANTI,ANA_URUN,,,29.0,46.0,,True
347620,ÇAKMA DÜĞME,ANA_URUN,,,20.0,32.0,,True
348224,RİVET,ANA_URUN,,,24.0,38.0,,True
348829,SALLANTI,ANA_URUN,,,29.0,46.0,,True
349224,RİVET,ANA_URUN,,,24.0,38.0,,True
349829,SALLANTI,ANA_URUN,,,29.0,46.0,,True
350217,RİVET,ANA_URUN,,,17.0,27.0,,True
350620,ÇAKMA DÜĞME,ANA_URUN,,,20.0,32.0,,True
351217,RİVET,ANA_URUN,,,17.0,27.0,,True
352218,RİVET,ANA_URUN,,,18.0,29.0,,True
353224-K,RİVET,ANA_URUN,,,24.0,38.0,,True
353823-A,SALLANTI,ANA_URUN,,,23.0,37.0,,True
354215,RİVET,ANA_URUN,,,15.0,24.0,,True
354220,RİVET,ANA_URUN,,,20.0,32.0,,True
355030,TOKA,ANA_URUN,,,30.0,48.0,,True
355037,TOKA,ANA_URUN,,,37.0,59.0,,True
356025,TOKA,ANA_URUN,,,25.0,40.0,,True
356225,RİVET,ANA_URUN,,,25.0,40.0,,True
357212,RİVET,ANA_URUN,,,12.0,19.0,,True
357617,ÇAKMA DÜĞME,ANA_URUN,,,17.0,27.0,,True
357620,ÇAKMA DÜĞME,ANA_URUN,,,20.0,32.0,,True
357622,ÇAKMA DÜĞME,ANA_URUN,,,22.0,35.0,,True
358017,TOKA,ANA_URUN,,,17.0,27.0,,True
359214,RİVET,ANA_URUN,,,14.0,22.0,,True
359846,SALLANTI,ANA_URUN,,,46.0,74.0,,True
360230,RİVET,ANA_URUN,,,30.0,48.0,,True
362230,RİVET,ANA_URUN,,,30.0,48.0,,True
363020,TOKA,ANA_URUN,,,20.0,32.0,,True
364215,RİVET,ANA_URUN,,,15.0,24.0,,True
366123,RİVET,ANA_URUN,,,23.0,37.0,,True
366130,RİVET,ANA_URUN,,,30.0,48.0,,True
366138,RİVET,ANA_URUN,,,38.0,61.0,,True
367220,RİVET,ANA_URUN,,,20.0,32.0,,True
368218,RİVET,ANA_URUN,,,18.0,29.0,,True
368818,SALLANTI,ANA_URUN,,,18.0,29.0,,True
369030,TOKA,ANA_URUN,,,30.0,48.0,,True
370218,RİVET,ANA_URUN,,,18.0,29.0,,True
371210,RİVET,ANA_URUN,,,10.0,16.0,,True
371212,RİVET,ANA_URUN,,,12.0,19.0,,True
371214,RİVET,ANA_URUN,,,14.0,22.0,,True
372210,RİVET,ANA_URUN,,,10.0,16.0,,True
372212,RİVET,ANA_URUN,,,12.0,19.0,,True
373211,RİVET,ANA_URUN,,,11.0,18.0,,True
374218,RİVET,ANA_URUN,,,18.0,29.0,,True
375827,SALLANTI,ANA_URUN,,,27.0,43.0,,True
376826,SALLANTI,ANA_URUN,,,26.0,42.0,,True
377140,RİVET,ANA_URUN,,,40.0,64.0,,True
378216,RİVET,ANA_URUN,,,16.0,26.0,,True
379840,SALLANTI,ANA_URUN,,,40.0,64.0,,True
380840,SALLANTI,ANA_URUN,,,40.0,64.0,,True
381840,SALLANTI,ANA_URUN,,,40.0,64.0,,True
382850-P.834,SALLANTI,ANA_URUN,,,50.0,80.0,,True
383023,ALTTAN DİKME DÜĞME,ANA_URUN,,,23.0,37.0,,True
384025,ALTTAN DİKME DÜĞME,ANA_URUN,,,25.0,40.0,,True
385619,ÇAKMA DÜĞME,ANA_URUN,,,19.0,30.0,,True
386938,ÜSTTEN DİKME DÜĞME,ANA_URUN,,,38.0,61.0,,True
387220,RİVET,ANA_URUN,,,20.0,32.0,,True
387228,RİVET,ANA_URUN,,,28.0,45.0,,True
388224,RİVET,ANA_URUN,,,24.0,38.0,,True
389018,ALTTAN DİKME DÜĞME,ANA_URUN,,,18.0,29.0,,True
389028,ALTTAN DİKME DÜĞME,ANA_URUN,,,28.0,45.0,,True
390020,ALTTAN DİKME DÜĞME,ANA_URUN,,,20.0,32.0,,True
390025,ALTTAN DİKME DÜĞME,ANA_URUN,,,25.0,40.0,,True
391028,ALTTAN DİKME DÜĞME,ANA_URUN,,,28.0,45.0,,True
392923,ÜSTTEN DİKME DÜĞME,ANA_URUN,,,23.0,37.0,,True
393224,RİVET,ANA_URUN,,,24.0,38.0,,True
394023,ALTTAN DİKME DÜĞME,ANA_URUN,,,23.0,37.0,,True
394025,ALTTAN DİKME DÜĞME,ANA_URUN,,,25.0,40.0,,True
395214,RİVET,ANA_URUN,,,14.0,22.0,,True
396008,ALTTAN DİKME DÜĞME,ANA_URUN,,,8.0,13.0,,True
396210,RİVET,ANA_URUN,,,10.0,16.0,,True
396212,RİVET,ANA_URUN,,,12.0,19.0,,True
397210,RİVET,ANA_URUN,,,10.0,16.0,,True
398125,RİVET,ANA_URUN,,,25.0,40.0,,True
399923,ÜSTTEN DİKME DÜĞME,ANA_URUN,,,23.0,37.0,,True
400020,TOKA,ANA_URUN,,,20.0,32.0,,True
401050,TOKA,ANA_URUN,,,50.0,80.0,,True
402215,RİVET,ANA_URUN,,,15.0,24.0,,True
402623,ÇAKMA DÜĞME,ANA_URUN,,,23.0,37.0,,True
403819,SALLANTI,ANA_URUN,,,19.0,30.0,,True
403835,SALLANTI,ANA_URUN,,,35.0,56.0,,True
404215,RİVET,ANA_URUN,,,15.0,24.0,,True
405228,RİVET,ANA_URUN,,,28.0,45.0,,True
406618,ÇAKMA DÜĞME,ANA_URUN,,,18.0,29.0,,True
408620,ÇAKMA DÜĞME,ANA_URUN,,,20.0,32.0,,True
408715,ÇIT ÇIT,ANA_URUN,,,15.0,24.0,,True
409209,RİVET,ANA_URUN,,,9.0,14.0,,True
409212,RİVET,ANA_URUN,,,12.0,19.0,,True
410925,ÜSTTEN DİKME DÜĞME,ANA_URUN,,,25.0,40.0,,True
411037,TOKA,ANA_URUN,,,37.0,59.0,,True
412040,TOKA,ANA_URUN,,,40.0,64.0,,True
413013,TOKA,ANA_URUN,,,13.0,21.0,,True
414109,RİVET,ANA_URUN,,,9.0,14.0,,True
414208,RİVET,ANA_URUN,,,8.0,13.0,,True
414707,ÇIT ÇIT,ANA_URUN,,,7.0,11.0,,True
415011,,ANA_URUN,,,11.0,18.0,,True
416015,TOKA,ANA_URUN,,,15.0,24.0,,True
417011,TOKA,ANA_URUN,,,11.0,18.0,,True
418042,TOKA,ANA_URUN,,,42.0,67.0,,True
419038,TOKA,ANA_URUN,,,38.0,61.0,,True
420038,TOKA,ANA_URUN,,,38.0,61.0,,True
421018,TOKA,ANA_URUN,,,18.0,29.0,,True
422035,TOKA,ANA_URUN,,,35.0,56.0,,True
423159,RİVET,ANA_URUN,,,59.0,94.0,,True
424207,RİVET,ANA_URUN,,,7.0,11.0,,True
425060,TOKA,ANA_URUN,,,60.0,96.0,,True
426195,RİVET,ANA_URUN,,,95.0,152.0,,True
427214,RİVET,ANA_URUN,,,14.0,22.0,,True
428014,TOKA,ANA_URUN,,,14.0,22.0,,True
428018,TOKA,ANA_URUN,,,18.0,29.0,,True
429015,TOKA,ANA_URUN,,,15.0,24.0,,True
430016,TOKA,ANA_URUN,,,16.0,26.0,,True
430020,TOKA,ANA_URUN,,,20.0,32.0,,True
431025,TOKA,ANA_URUN,,,25.0,40.0,,True
432016,TOKA,ANA_URUN,,,16.0,26.0,,True
432035,TOKA,ANA_URUN,,,35.0,56.0,,True
433019,TOKA,ANA_URUN,,,19.0,30.0,,True
434108,RİVET,ANA_URUN,,,8.0,13.0,,True
435025,TOKA,ANA_URUN,,,25.0,40.0,,True
435030,TOKA,ANA_URUN,,,30.0,48.0,,True
435035,TOKA,ANA_URUN,,,35.0,56.0,,True
436108,RİVET,ANA_URUN,,,8.0,13.0,,True
437840,SALLANTI,ANA_URUN,,,40.0,64.0,,True
438225,RİVET,ANA_URUN,,,25.0,40.0,,True
439923,ÜSTTEN DİKME DÜĞME,ANA_URUN,,,23.0,37.0,,True
439928 (İNGİLTERE),ÜSTTEN DİKME DÜĞME,ANA_URUN,,,28.0,45.0,,True
440210,RİVET,ANA_URUN,,,10.0,16.0,,True
440216,RİVET,ANA_URUN,,,16.0,26.0,,True
440620,ÇAKMA DÜĞME,ANA_URUN,,,20.0,32.0,,True
441220,RİVET,ANA_URUN,,,20.0,32.0,,True
442230,RİVET,ANA_URUN,,,30.0,48.0,,True
443041,TOKA,ANA_URUN,,,41.0,66.0,,True
444214,RİVET,ANA_URUN,,,14.0,22.0,,True
445212,RİVET,ANA_URUN,,,12.0,19.0,,True
446210,RİVET,ANA_URUN,,,10.0,16.0,,True
446212,RİVET,ANA_URUN,,,12.0,19.0,,True
447215,RİVET,ANA_URUN,,,15.0,24.0,,True
448213,RİVET,ANA_URUN,,,13.0,21.0,,True
449214,RİVET,ANA_URUN,,,14.0,22.0,,True
449835,SALLANTI,ANA_URUN,,,35.0,56.0,,True
450213,RİVET,ANA_URUN,,,13.0,21.0,,True
451210,RİVET,ANA_URUN,,,10.0,16.0,,True
451213,RİVET,ANA_URUN,,,13.0,21.0,,True
452210,RİVET,ANA_URUN,,,10.0,16.0,,True
452212,RİVET,ANA_URUN,,,12.0,19.0,,True
453212,RİVET,ANA_URUN,,,12.0,19.0,,True
453620,ÇAKMA DÜĞME,ANA_URUN,,,20.0,32.0,,True
454212,RİVET,ANA_URUN,,,12.0,19.0,,True
455212,RİVET,ANA_URUN,,,12.0,19.0,,True
456212,RİVET,ANA_URUN,,,12.0,19.0,,True
457105,RİVET,ANA_URUN,,,5.0,8.0,,True
457108,RİVET,ANA_URUN,,,8.0,13.0,,True
458212,RİVET,ANA_URUN,,,12.0,19.0,,True
459019,TOKA,ANA_URUN,,,19.0,30.0,,True
460220,RİVET,ANA_URUN,,,20.0,32.0,,True
461218,RİVET,ANA_URUN,,,18.0,29.0,,True
462215,RİVET,ANA_URUN,,,15.0,24.0,,True
463215,RİVET,ANA_URUN,,,15.0,24.0,,True
464213,RİVET,ANA_URUN,,,13.0,21.0,,True
465840,SALLANTI,ANA_URUN,,,40.0,64.0,,True
466120,RİVET,ANA_URUN,,,20.0,32.0,,True
467212,RİVET,ANA_URUN,,,12.0,19.0,,True
468219,RİVET,ANA_URUN,,,19.0,30.0,,True
469210,RİVET,ANA_URUN,,,10.0,16.0,,True
470912,ÜSTTEN DİKME DÜĞME,ANA_URUN,,,12.0,19.0,,True
471223,RİVET,ANA_URUN,,,23.0,37.0,,True
472010,TOKA,ANA_URUN,,,10.0,16.0,,True
473011,TOKA,ANA_URUN,,,11.0,18.0,,True
474008,TOKA,ANA_URUN,,,8.0,13.0,,True
474009,TOKA,ANA_URUN,,,9.0,14.0,,True
474011,TOKA,ANA_URUN,,,11.0,18.0,,True
475010,TOKA,ANA_URUN,,,10.0,16.0,,True
475012,TOKA,ANA_URUN,,,12.0,19.0,,True
476016,TOKA,ANA_URUN,,,16.0,26.0,,True
477622,ÇAKMA DÜĞME,ANA_URUN,,,22.0,35.0,,True
478012,ALTTAN DİKME DÜĞME,ANA_URUN,,,12.0,19.0,,True
481210,RİVET,ANA_URUN,,,10.0,16.0,,True
481212,RİVET,ANA_URUN,,,12.0,19.0,,True
482210,RİVET,ANA_URUN,,,10.0,16.0,,True
482214,RİVET,ANA_URUN,,,14.0,22.0,,True
483212,RİVET,ANA_URUN,,,12.0,19.0,,True
484210,RİVET,ANA_URUN,,,10.0,16.0,,True
484620,ÇAKMA DÜĞME,ANA_URUN,,,20.0,32.0,,True
485212,RİVET,ANA_URUN,,,12.0,19.0,,True
486210,RİVET,ANA_URUN,,,10.0,16.0,,True
486214,RİVET,ANA_URUN,,,14.0,22.0,,True
486620,ÇAKMA DÜĞME,ANA_URUN,,,20.0,32.0,,True
487820,SALLANTI,ANA_URUN,,,20.0,32.0,,True
488823,SALLANTI,ANA_URUN,,,23.0,37.0,,True
489216,RİVET,ANA_URUN,,,16.0,26.0,,True
490210,RİVET,ANA_URUN,,,10.0,16.0,,True
490214,RİVET,ANA_URUN,,,14.0,22.0,,True
490620,ÇAKMA DÜĞME,ANA_URUN,,,20.0,32.0,,True
491212,RİVET,ANA_URUN,,,12.0,19.0,,True
492214,RİVET,ANA_URUN,,,14.0,22.0,,True
493215,RİVET,ANA_URUN,,,15.0,24.0,,True
494214,RİVET,ANA_URUN,,,14.0,22.0,,True
495212,RİVET,ANA_URUN,,,12.0,19.0,,True
496212,RİVET,ANA_URUN,,,12.0,19.0,,True
497212,RİVET,ANA_URUN,,,12.0,19.0,,True
498212,RİVET,ANA_URUN,,,12.0,19.0,,True
499213,RİVET,ANA_URUN,,,13.0,21.0,,True
500010,TOKA,ANA_URUN,,,10.0,16.0,,True
500012,TOKA,ANA_URUN,,,12.0,19.0,,True
501212,RİVET,ANA_URUN,,,12.0,19.0,,True
502817,SALLANTI,ANA_URUN,,,17.0,27.0,,True
503820,SALLANTI,ANA_URUN,,,20.0,32.0,,True
504212,RİVET,ANA_URUN,,,12.0,19.0,,True
505215,RİVET,ANA_URUN,,,15.0,24.0,,True
506214,RİVET,ANA_URUN,,,14.0,22.0,,True
507212,RİVET,ANA_URUN,,,12.0,19.0,,True
508824,SALLANTI,ANA_URUN,,,24.0,38.0,,True
509218,RİVET,ANA_URUN,,,18.0,29.0,,True
510214,RİVET,ANA_URUN,,,14.0,22.0,,True
511210,RİVET,ANA_URUN,,,10.0,16.0,,True
511214,RİVET,ANA_URUN,,,14.0,22.0,,True
511620,ÇAKMA DÜĞME,ANA_URUN,,,20.0,32.0,,True
512210,RİVET,ANA_URUN,,,10.0,16.0,,True
512214,RİVET,ANA_URUN,,,14.0,22.0,,True
512620,ÇAKMA DÜĞME,ANA_URUN,,,20.0,32.0,,True
513212,RİVET,ANA_URUN,,,12.0,19.0,,True
514210,RİVET,ANA_URUN,,,10.0,16.0,,True
514810,SALLANTI,ANA_URUN,,,10.0,16.0,,True
515210,RİVET,ANA_URUN,,,10.0,16.0,,True
515214,RİVET,ANA_URUN,,,14.0,22.0,,True
515620,ÇAKMA DÜĞME,ANA_URUN,,,20.0,32.0,,True
516210,RİVET,ANA_URUN,,,10.0,16.0,,True
516214,RİVET,ANA_URUN,,,14.0,22.0,,True
516620,ÇAKMA DÜĞME,ANA_URUN,,,20.0,32.0,,True
517214,RİVET,ANA_URUN,,,14.0,22.0,,True
518214,RİVET,ANA_URUN,,,14.0,22.0,,True
519214,RİVET,ANA_URUN,,,14.0,22.0,,True
520214,RİVET,ANA_URUN,,,14.0,22.0,,True
520620,ÇAKMA DÜĞME,ANA_URUN,,,20.0,32.0,,True
521214,RİVET,ANA_URUN,,,14.0,22.0,,True
522830,SALLANTI,ANA_URUN,,,30.0,48.0,,True
523214,RİVET,ANA_URUN,,,14.0,22.0,,True
524214,RİVET,ANA_URUN,,,14.0,22.0,,True
525830,SALLANTI,ANA_URUN,,,30.0,48.0,,True
526214,RİVET,ANA_URUN,,,14.0,22.0,,True
527040,TOKA,ANA_URUN,,,40.0,64.0,,True
528118,RİVET,ANA_URUN,,,18.0,29.0,,True
529020,TOKA,ANA_URUN,,,20.0,32.0,,True
529025,TOKA,ANA_URUN,,,25.0,40.0,,True
530215,RİVET,ANA_URUN,,,15.0,24.0,,True
531215,RİVET,ANA_URUN,,,15.0,24.0,,True
531620,ÇAKMA DÜĞME,ANA_URUN,,,20.0,32.0,,True
532215,RİVET,ANA_URUN,,,15.0,24.0,,True
534711,ÇIT ÇIT,ANA_URUN,,,11.0,18.0,,True
534723,ÇIT ÇIT,ANA_URUN,,,23.0,37.0,,True
535025,TOKA,ANA_URUN,,,25.0,40.0,,True
535030,TOKA,ANA_URUN,,,30.0,48.0,,True
537015_025,TOKA,ANA_URUN,,,15.0,24.0,,True
538020,TOKA,ANA_URUN,,,20.0,32.0,,True
538025,TOKA,ANA_URUN,,,25.0,40.0,,True
538030,TOKA,ANA_URUN,,,30.0,48.0,,True
538040,TOKA,ANA_URUN,,,40.0,64.0,,True
538050,TOKA,ANA_URUN,,,50.0,80.0,,True
539012,TOKA,ANA_URUN,,,12.0,19.0,,True
540012,TOKA,ANA_URUN,,,12.0,19.0,,True
541038,TOKA,ANA_URUN,,,38.0,61.0,,True
543012,TOKA,ANA_URUN,,,12.0,19.0,,True
543015,TOKA,ANA_URUN,,,15.0,24.0,,True
544108,RİVET,ANA_URUN,,,8.0,13.0,,True
544110,RİVET,ANA_URUN,,,10.0,16.0,,True
545023,ALTTAN DİKME DÜĞME,ANA_URUN,,,23.0,37.0,,True
546828,SALLANTI,ANA_URUN,,,28.0,45.0,,True
547020,TOKA,ANA_URUN,,,20.0,32.0,,True
548014,TOKA,ANA_URUN,,,14.0,22.0,,True
548020,TOKA,ANA_URUN,,,20.0,32.0,,True
549215,RİVET,ANA_URUN,,,15.0,24.0,,True
549620,ÇAKMA DÜĞME,ANA_URUN,,,20.0,32.0,,True
550210,RİVET,ANA_URUN,,,10.0,16.0,,True
551010,TOKA,ANA_URUN,,,10.0,16.0,,True
551013,TOKA,ANA_URUN,,,13.0,21.0,,True
552008,TOKA,ANA_URUN,,,8.0,13.0,,True
552010,TOKA,ANA_URUN,,,10.0,16.0,,True
552012,TOKA,ANA_URUN,,,12.0,19.0,,True
552018,TOKA,ANA_URUN,,,18.0,29.0,,True
553012,TOKA,ANA_URUN,,,12.0,19.0,,True
553015,TOKA,ANA_URUN,,,15.0,24.0,,True
554060-ALT,TOKA,ANA_URUN,,,60.0,96.0,,True
554060_ÜST,TOKA,ANA_URUN,,,60.0,96.0,,True
555060,TOKA,ANA_URUN,,,60.0,96.0,,True
556020,TOKA,ANA_URUN,,,20.0,32.0,,True
557040,TOKA,ANA_URUN,,,40.0,64.0,,True
558840,SALLANTI,ANA_URUN,,,40.0,64.0,,True
559212,RİVET,ANA_URUN,,,12.0,19.0,,True
559620,ÇAKMA DÜĞME,ANA_URUN,,,20.0,32.0,,True
560212,RİVET,ANA_URUN,,,12.0,19.0,,True
560620,ÇAKMA DÜĞME,ANA_URUN,,,20.0,32.0,,True
561212,RİVET,ANA_URUN,,,12.0,19.0,,True
561620,ÇAKMA DÜĞME,ANA_URUN,,,20.0,32.0,,True
562210,RİVET,ANA_URUN,,,10.0,16.0,,True
562620,ÇAKMA DÜĞME,ANA_URUN,,,20.0,32.0,,True
563210,RİVET,ANA_URUN,,,10.0,16.0,,True
564210,RİVET,ANA_URUN,,,10.0,16.0,,True
565210,RİVET,ANA_URUN,,,10.0,16.0,,True
566210,RİVET,ANA_URUN,,,10.0,16.0,,True
566620,ÇAKMA DÜĞME,ANA_URUN,,,20.0,32.0,,True
567210,RİVET,ANA_URUN,,,10.0,16.0,,True
567620,ÇAKMA DÜĞME,ANA_URUN,,,20.0,32.0,,True
568212,RİVET,ANA_URUN,,,12.0,19.0,,True
569210,RİVET,ANA_URUN,,,10.0,16.0,,True
569220,RİVET,ANA_URUN,,,20.0,32.0,,True
570110,RİVET,ANA_URUN,,,10.0,16.0,,True
570210,RİVET,ANA_URUN,,,10.0,16.0,,True
571210,RİVET,ANA_URUN,,,10.0,16.0,,True
571620,ÇAKMA DÜĞME,ANA_URUN,,,20.0,32.0,,True
572050-050(3.45),TOKA,ANA_URUN,,,50.0,80.0,,True
573051-051-ALT,TOKA,ANA_URUN,,,51.0,82.0,,True
574035,TOKA,ANA_URUN,,,35.0,56.0,,True
575212,RİVET,ANA_URUN,,,12.0,19.0,,True
575620,ÇAKMA DÜĞME,ANA_URUN,,,20.0,32.0,,True
576212,RİVET,ANA_URUN,,,12.0,19.0,,True
577210,RİVET,ANA_URUN,,,10.0,16.0,,True
578212,RİVET,ANA_URUN,,,12.0,19.0,,True
579210,RİVET,ANA_URUN,,,10.0,16.0,,True
580212,RİVET,ANA_URUN,,,12.0,19.0,,True
581212,RİVET,ANA_URUN,,,12.0,19.0,,True
582212,RİVET,ANA_URUN,,,12.0,19.0,,True
582620,ÇAKMA DÜĞME,ANA_URUN,,,20.0,32.0,,True
583212,RİVET,ANA_URUN,,,12.0,19.0,,True
584212,RİVET,ANA_URUN,,,12.0,19.0,,True
585928,ÜSTTEN DİKME DÜĞME,ANA_URUN,,,28.0,45.0,,True
586212,RİVET,ANA_URUN,,,12.0,19.0,,True
586620,ÇAKMA DÜĞME,ANA_URUN,,,20.0,32.0,,True
587106,RİVET,ANA_URUN,,,6.0,10.0,,True
588016 KOL DÜGMESİ,ALTTAN DİKME DÜĞME,ANA_URUN,,,16.0,26.0,,True
589026,TOKA,ANA_URUN,,,26.0,42.0,,True
589126,RİVET,ANA_URUN,,,26.0,42.0,,True
590018 KOL DÜGMESİ,ALTTAN DİKME DÜĞME,ANA_URUN,,,18.0,29.0,,True
591210,RİVET,ANA_URUN,,,10.0,16.0,,True
591215,RİVET,ANA_URUN,,,15.0,24.0,,True
592057,TOKA,ANA_URUN,,,57.0,91.0,,True
593215,RİVET,ANA_URUN,,,15.0,24.0,,True
594012,ALTTAN DİKME DÜĞME,ANA_URUN,,,12.0,19.0,,True
595720,ÇIT ÇIT,ANA_URUN,,,20.0,32.0,,True
596215,RİVET,ANA_URUN,,,15.0,24.0,,True
597040,TOKA,ANA_URUN,,,40.0,64.0,,True
598212,RİVET,ANA_URUN,,,12.0,19.0,,True
599210,RİVET,ANA_URUN,,,10.0,16.0,,True
600210,RİVET,ANA_URUN,,,10.0,16.0,,True
601210,RİVET,ANA_URUN,,,10.0,16.0,,True
602010,ALTTAN DİKME DÜĞME,ANA_URUN,,,10.0,16.0,,True
603210,RİVET,ANA_URUN,,,10.0,16.0,,True
603620,ÇAKMA DÜĞME,ANA_URUN,,,20.0,32.0,,True
604027,TOKA,ANA_URUN,,,27.0,43.0,,True
605210,RİVET,ANA_URUN,,,10.0,16.0,,True
606210,RİVET,ANA_URUN,,,10.0,16.0,,True
607208,RİVET,ANA_URUN,,,8.0,13.0,,True
607210,RİVET,ANA_URUN,,,10.0,16.0,,True
607213,RİVET,ANA_URUN,,,13.0,21.0,,True
607215,RİVET,ANA_URUN,,,15.0,24.0,,True
608210,RİVET,ANA_URUN,,,10.0,16.0,,True
609107,RİVET,ANA_URUN,,,7.0,11.0,,True
610210,RİVET,ANA_URUN,,,10.0,16.0,,True
611212,RİVET,ANA_URUN,,,12.0,19.0,,True
612212,RİVET,ANA_URUN,,,12.0,19.0,,True
613212,RİVET,ANA_URUN,,,12.0,19.0,,True
614212,RİVET,ANA_URUN,,,12.0,19.0,,True
615212,RİVET,ANA_URUN,,,12.0,19.0,,True
616211,RİVET,ANA_URUN,,,11.0,18.0,,True
617211,RİVET,ANA_URUN,,,11.0,18.0,,True
618210,RİVET,ANA_URUN,,,10.0,16.0,,True
619209,RİVET,ANA_URUN,,,9.0,14.0,,True
620215,RİVET,ANA_URUN,,,15.0,24.0,,True
621107,RİVET,ANA_URUN,,,7.0,11.0,,True
622211,RİVET,ANA_URUN,,,11.0,18.0,,True
623209,RİVET,ANA_URUN,,,9.0,14.0,,True
624219,RİVET,ANA_URUN,,,19.0,30.0,,True
625210,RİVET,ANA_URUN,,,10.0,16.0,,True
625620,ÇAKMA DÜĞME,ANA_URUN,,,20.0,32.0,,True
626213 626_013,RİVET,ANA_URUN,,,13.0,21.0,,True
627214,RİVET,ANA_URUN,,,14.0,22.0,,True
628214,RİVET,ANA_URUN,,,14.0,22.0,,True
629209,RİVET,ANA_URUN,,,9.0,14.0,,True
630212,RİVET,ANA_URUN,,,12.0,19.0,,True
631211,RİVET,ANA_URUN,,,11.0,18.0,,True
632213,RİVET,ANA_URUN,,,13.0,21.0,,True
633207,RİVET,ANA_URUN,,,7.0,11.0,,True
634208,RİVET,ANA_URUN,,,8.0,13.0,,True
635925,ÜSTTEN DİKME DÜĞME,ANA_URUN,,,25.0,40.0,,True
636209,RİVET,ANA_URUN,,,9.0,14.0,,True
637206,RİVET,ANA_URUN,,,6.0,10.0,,True
637209,RİVET,ANA_URUN,,,9.0,14.0,,True
638209,RİVET,ANA_URUN,,,9.0,17.0,,True
638620,ÇAKMA DÜĞME,ANA_URUN,,,20.0,32.0,,True
639217,RİVET,ANA_URUN,,,17.0,27.0,,True
640212,RİVET,ANA_URUN,,,12.0,19.0,,True
641212,RİVET,ANA_URUN,,,12.0,19.0,,True
642210,RİVET,ANA_URUN,,,10.0,16.0,,True
643209,RİVET,ANA_URUN,,,9.0,14.0,,True
643210,RİVET,ANA_URUN,,,10.0,16.0,,True
644016,TOKA,ANA_URUN,,,16.0,26.0,,True
645015,TOKA,ANA_URUN,,,15.0,24.0,,True
646219,RİVET,ANA_URUN,,,19.0,30.0,,True
647210,RİVET,ANA_URUN,,,10.0,16.0,,True
647212,RİVET,ANA_URUN,,,12.0,19.0,,True
648913,ÜSTTEN DİKME DÜĞME,ANA_URUN,,,13.0,21.0,,True
649050,TOKA,ANA_URUN,,,50.0,80.0,,True
650023,TOKA,ANA_URUN,,,23.0,37.0,,True
651209,RİVET,ANA_URUN,,,9.0,14.0,,True
651618,ÇAKMA DÜĞME,ANA_URUN,,,18.0,29.0,,True
652045,TOKA,ANA_URUN,,,45.0,72.0,,True
653709,ÇIT ÇIT,ANA_URUN,,,9.0,14.0,,True
654_032,TOKA,ANA_URUN,,,32.0,51.0,,True
655_217,RİVET,ANA_URUN,,,17.0,27.0,,True
663_020,TOKA,ANA_URUN,,,20.0,32.0,,True
664_213,RİVET,ANA_URUN,,,13.0,21.0,,True
665_210,RİVET,ANA_URUN,,,10.0,16.0,,True
666_010,TOKA,ANA_URUN,,,10.0,16.0,,True
667_015,ALTTAN DİKME DÜĞME,ANA_URUN,,,15.0,24.0,,True
668_208,RİVET,ANA_URUN,,,8.0,13.0,,True
669_712,ÇIT ÇIT,ANA_URUN,,,12.0,19.0,,True
670_106,RİVET,ANA_URUN,,,6.0,10.0,,True
671_111,RİVET,ANA_URUN,,,11.0,18.0,,True
672_713,ÇIT ÇIT,ANA_URUN,,,13.0,21.0,,True
673_212,RİVET,ANA_URUN,,,12.0,19.0,,True
674_013,ALTTAN DİKME DÜĞME,ANA_URUN,,,13.0,21.0,,True
675_210,RİVET,ANA_URUN,,,10.0,16.0,,True
676_213,RİVET,ANA_URUN,,,13.0,21.0,,True
678_020,TOKA,ANA_URUN,,,20.0,32.0,,True
679_208,RİVET,ANA_URUN,,,8.0,13.0,,True
680_212,RİVET,ANA_URUN,,,12.0,19.0,,True
681_212,RİVET,ANA_URUN,,,12.0,19.0,,True
682_012,TOKA,ANA_URUN,,,12.0,19.0,,True
683_045,TOKA,ANA_URUN,,,45.0,72.0,,True
684045,TOKA,ANA_URUN,,,45.0,72.0,,True
685014,TOKA,ANA_URUN,,,14.0,22.0,,True
687042,,ANA_URUN,,,42.0,67.0,,True
688056,TOKA,ANA_URUN,,,56.0,90.0,,True
689212,RİVET,ANA_URUN,,,12.0,19.0,,True
690212,RİVET,ANA_URUN,,,12.0,19.0,,True
691212620,ÇAKMA DÜĞME,ANA_URUN,,,20.0,32.0,,True
692213,RİVET,ANA_URUN,,,13.0,21.0,,True
693212,RİVET,ANA_URUN,,,12.0,19.0,,True
694212620,ÇAKMA DÜĞME,ANA_URUN,,,20.0,32.0,,True
695_212,RİVET,ANA_URUN,,,12.0,19.0,,True
696_211620,ÇAKMA DÜĞME,ANA_URUN,,,20.0,32.0,,True
697210,RİVET,ANA_URUN,,,10.0,16.0,,True
698213208,RİVET,ANA_URUN,,,8.0,13.0,,True
698213209,RİVET,ANA_URUN,,,9.0,14.0,,True
699211,RİVET,ANA_URUN,,,11.0,18.0,,True
700212,RİVET,ANA_URUN,,,12.0,19.0,,True
701211,RİVET,ANA_URUN,,,11.0,18.0,,True
702_212,RİVET,ANA_URUN,,,12.0,19.0,,True
703212,RİVET,ANA_URUN,,,12.0,19.0,,True
704027,,ANA_URUN,,,27.0,43.0,,True
705212,RİVET,ANA_URUN,,,12.0,19.0,,True
706711,ÇIT ÇIT,ANA_URUN,,,11.0,18.0,,True
707212,RİVET,ANA_URUN,,,12.0,19.0,,True
708205,RİVET,ANA_URUN,,,5.0,8.0,,True
709212,RİVET,ANA_URUN,,,12.0,19.0,,True
710215,RİVET,ANA_URUN,,,15.0,24.0,,True
711210,RİVET,ANA_URUN,,,10.0,16.0,,True
712210,RİVET,ANA_URUN,,,10.0,16.0,,True
713023,,ANA_URUN,,,23.0,37.0,,True
714210,RİVET,ANA_URUN,,,10.0,16.0,,True
715010,,ANA_URUN,,,10.0,16.0,,True
716213,RİVET,ANA_URUN,,,13.0,21.0,,True
717209,RİVET,ANA_URUN,,,9.0,14.0,,True
718207,RİVET,ANA_URUN,,,7.0,11.0,,True
719045,TOKA,ANA_URUN,,,45.0,72.0,,True
720011,TOKA,ANA_URUN,,,11.0,18.0,,True
721617,ÇAKMA DÜĞME,ANA_URUN,,,17.0,27.0,,True
722046,TOKA,ANA_URUN,,,46.0,74.0,,True
723210,RİVET,ANA_URUN,,,10.0,16.0,,True
725209,RİVET,ANA_URUN,,,9.0,14.0,,True
726210,RİVET,ANA_URUN,,,10.0,16.0,,True
727210,RİVET,ANA_URUN,,,10.0,16.0,,True
728062,TOKA,ANA_URUN,,,62.0,99.0,,True
729059,TOKA,ANA_URUN,,,59.0,94.0,,True
730210,RİVET,ANA_URUN,,,10.0,16.0,,True
731209,RİVET,ANA_URUN,,,9.0,14.0,,True
732_210208,RİVET,ANA_URUN,,,8.0,13.0,,True
732_210209,RİVET,ANA_URUN,,,9.0,14.0,,True
732_210620,ÇAKMA DÜĞME,ANA_URUN,,,20.0,32.0,,True
733210,RİVET,ANA_URUN,,,10.0,16.0,,True
734210,RİVET,ANA_URUN,,,10.0,16.0,,True
735210209,RİVET,ANA_URUN,,,9.0,14.0,,True
736210,RİVET,ANA_URUN,,,10.0,16.0,,True
737210,RİVET,ANA_URUN,,,10.0,16.0,,True
738210,RİVET,ANA_URUN,,,10.0,16.0,,True
739210,RİVET,ANA_URUN,,,10.0,16.0,,True
740210,RİVET,ANA_URUN,,,10.0,16.0,,True
741043029,TOKA,ANA_URUN,,,29.0,46.0,,True
742008010,TOKA,ANA_URUN,,,10.0,16.0,,True
743209620,ÇAKMA DÜĞME,ANA_URUN,,,20.0,32.0,,True
744209,RİVET,ANA_URUN,,,9.0,14.0,,True
745209,RİVET,ANA_URUN,,,9.0,14.0,,True
746209,RİVET,ANA_URUN,,,9.0,14.0,,True
747027,TOKA,ANA_URUN,,,27.0,43.0,,True
748208,RİVET,ANA_URUN,,,8.0,13.0,,True
749208,RİVET,ANA_URUN,,,8.0,13.0,,True
749620,ÇAKMA DÜĞME,ANA_URUN,,,20.0,32.0,,True
750206,RİVET,ANA_URUN,,,6.0,10.0,,True
751027,TOKA,ANA_URUN,,,27.0,43.0,,True
753_032,TOKA,ANA_URUN,,,32.0,51.0,,True
754210,RİVET,ANA_URUN,,,10.0,16.0,,True
755208,RİVET,ANA_URUN,,,8.0,13.0,,True
756208,RİVET,ANA_URUN,,,8.0,13.0,,True
757208,RİVET,ANA_URUN,,,8.0,13.0,,True
757620,ÇAKMA DÜĞME,ANA_URUN,,,20.0,32.0,,True
758208,RİVET,ANA_URUN,,,8.0,13.0,,True
759208,RİVET,ANA_URUN,,,8.0,13.0,,True
760210,RİVET,ANA_URUN,,,10.0,16.0,,True
761020,TOKA,ANA_URUN,,,20.0,32.0,,True
762012,TOKA,ANA_URUN,,,12.0,19.0,,True
763017212,RİVET,ANA_URUN,,,12.0,19.0,,True
764034,TOKA,ANA_URUN,,,34.0,54.0,,True
765005,TOKA,ANA_URUN,,,5.0,8.0,,True
766028,TOKA,ANA_URUN,,,28.0,45.0,,True
766_020,TOKA,ANA_URUN,,,20.0,32.0,,True
767020,TOKA,ANA_URUN,,,20.0,32.0,,True
768020,TOKA,ANA_URUN,,,20.0,32.0,,True
768028,TOKA,ANA_URUN,,,28.0,45.0,,True
769025,TOKA,ANA_URUN,,,25.0,40.0,,True
770025,TOKA,ANA_URUN,,,25.0,40.0,,True
771015,TOKA,ANA_URUN,,,15.0,24.0,,True
772010,TOKA,ANA_URUN,,,10.0,16.0,,True
773020,TOKA,ANA_URUN,,,20.0,32.0,,True
774020,TOKA,ANA_URUN,,,20.0,32.0,,True
775_018,TOKA,ANA_URUN,,,18.0,29.0,,True
776016,TOKA,ANA_URUN,,,16.0,26.0,,True
777030,TOKA,ANA_URUN,,,30.0,48.0,,True
778011,TOKA,ANA_URUN,,,11.0,18.0,,True
779043,TOKA,ANA_URUN,,,43.0,69.0,,True
780023,TOKA,ANA_URUN,,,23.0,37.0,,True
783212,RİVET,ANA_URUN,,,12.0,19.0,,True
784209,RİVET,ANA_URUN,,,9.0,14.0,,True
785209,RİVET,ANA_URUN,,,9.0,14.0,,True
786724,ÇIT ÇIT,ANA_URUN,,,24.0,38.0,,True
787213,RİVET,ANA_URUN,,,13.0,21.0,,True
788214,RİVET,ANA_URUN,,,14.0,22.0,,True
789213,RİVET,ANA_URUN,,,13.0,21.0,,True
790057,TOKA,ANA_URUN,,,57.0,91.0,,True
791024,TOKA,ANA_URUN,,,24.0,38.0,,True
792009,,ANA_URUN,,,9.0,14.0,,True
793209,RİVET,ANA_URUN,,,9.0,14.0,,True
794012,,ANA_URUN,,,12.0,19.0,,True
796210,RİVET,ANA_URUN,,,10.0,16.0,,True
797209,RİVET,ANA_URUN,,,9.0,14.0,,True
798620210,RİVET,ANA_URUN,,,10.0,16.0,,True
799013,,ANA_URUN,,,13.0,21.0,,True
800030,TOKA,ANA_URUN,,,30.0,48.0,,True
801031,TOKA,ANA_URUN,,,31.0,50.0,,True
802030,TOKA,ANA_URUN,,,30.0,48.0,,True
803210212A,RİVET,ANA_URUN,,,12.0,19.0,,True
803_208_C212_B,RİVET,ANA_URUN,,,12.0,19.0,,True
804209,RİVET,ANA_URUN,,,9.0,14.0,,True
805209,RİVET,ANA_URUN,,,9.0,14.0,,True
806209,RİVET,ANA_URUN,,,9.0,14.0,,True
807208,RİVET,ANA_URUN,,,8.0,13.0,,True
808208,RİVET,ANA_URUN,,,8.0,13.0,,True
809208A,RİVET,ANA_URUN,,,8.0,13.0,,True
809208B,RİVET,ANA_URUN,,,8.0,13.0,,True
809209A,RİVET,ANA_URUN,,,9.0,14.0,,True
809209B,RİVET,ANA_URUN,,,9.0,14.0,,True
809209C,RİVET,ANA_URUN,,,9.0,14.0,,True
809210A,RİVET,ANA_URUN,,,10.0,16.0,,True
809210C,RİVET,ANA_URUN,,,10.0,16.0,,True
809210D,RİVET,ANA_URUN,,,10.0,16.0,,True
809210E,RİVET,ANA_URUN,,,10.0,16.0,,True
809210F,RİVET,ANA_URUN,,,10.0,16.0,,True
809210G,RİVET,ANA_URUN,,,10.0,16.0,,True
809210H,RİVET,ANA_URUN,,,10.0,16.0,,True
809210I,RİVET,ANA_URUN,,,10.0,16.0,,True
809212A,RİVET,ANA_URUN,,,12.0,19.0,,True
809212B,RİVET,ANA_URUN,,,12.0,19.0,,True
809_210_B,RİVET,ANA_URUN,,,10.0,16.0,,True
810208,RİVET,ANA_URUN,,,8.0,13.0,,True
810620,ÇAKMA DÜĞME,ANA_URUN,,,20.0,32.0,,True
811208,RİVET,ANA_URUN,,,8.0,13.0,,True
811620,ÇAKMA DÜĞME,ANA_URUN,,,20.0,32.0,,True
813209,RİVET,ANA_URUN,,,9.0,14.0,,True
814208,RİVET,ANA_URUN,,,8.0,13.0,,True
815209,RİVET,ANA_URUN,,,9.0,14.0,,True
815620,ÇAKMA DÜĞME,ANA_URUN,,,20.0,32.0,,True
816209,RİVET,ANA_URUN,,,9.0,14.0,,True
816620,ÇAKMA DÜĞME,ANA_URUN,,,20.0,32.0,,True
817209,RİVET,ANA_URUN,,,9.0,14.0,,True
818208,RİVET,ANA_URUN,,,8.0,13.0,,True
819208620,ÇAKMA DÜĞME,ANA_URUN,,,20.0,32.0,,True
820208,RİVET,ANA_URUN,,,8.0,13.0,,True
820620,ÇAKMA DÜĞME,ANA_URUN,,,20.0,32.0,,True
821209620,RİVET,ANA_URUN,,,9.0,14.0,,True
821_209620,ÇAKMA DÜĞME,ANA_URUN,,,20.0,32.0,,True
822209,RİVET,ANA_URUN,,,9.0,14.0,,True
823620A,ÇAKMA DÜĞME,ANA_URUN,,,20.0,32.0,,True
823620B,ÇAKMA DÜĞME,ANA_URUN,,,20.0,32.0,,True
823620C,ÇAKMA DÜĞME,ANA_URUN,,,20.0,32.0,,True
823620D,ÇAKMA DÜĞME,ANA_URUN,,,20.0,32.0,,True
823620E,ÇAKMA DÜĞME,ANA_URUN,,,20.0,32.0,,True
823620F,ÇAKMA DÜĞME,ANA_URUN,,,20.0,32.0,,True
823620G,ÇAKMA DÜĞME,ANA_URUN,,,20.0,32.0,,True
823620H,ÇAKMA DÜĞME,ANA_URUN,,,20.0,32.0,,True
823620I,ÇAKMA DÜĞME,ANA_URUN,,,20.0,32.0,,True
823620J,ÇAKMA DÜĞME,ANA_URUN,,,20.0,32.0,,True
824208,RİVET,ANA_URUN,,,8.0,13.0,,True
824209A,RİVET,ANA_URUN,,,9.0,14.0,,True
824209B,RİVET,ANA_URUN,,,9.0,14.0,,True
824209C,RİVET,ANA_URUN,,,9.0,14.0,,True
824209D,RİVET,ANA_URUN,,,9.0,14.0,,True
824209E,RİVET,ANA_URUN,,,9.0,14.0,,True
824209F,RİVET,ANA_URUN,,,9.0,14.0,,True
824209G,RİVET,ANA_URUN,,,9.0,14.0,,True
824209H,RİVET,ANA_URUN,,,9.0,14.0,,True
824210A,RİVET,ANA_URUN,,,10.0,16.0,,True
824210B,RİVET,ANA_URUN,,,10.0,16.0,,True
824210C,RİVET,ANA_URUN,,,10.0,16.0,,True
824210D,RİVET,ANA_URUN,,,10.0,16.0,,True
824210E,RİVET,ANA_URUN,,,10.0,16.0,,True
824210F,RİVET,ANA_URUN,,,10.0,16.0,,True
824212,RİVET,ANA_URUN,,,12.0,19.0,,True
825209,RİVET,ANA_URUN,,,9.0,14.0,,True
826_210620,ÇAKMA DÜĞME,ANA_URUN,,,20.0,32.0,,True
827209,RİVET,ANA_URUN,,,9.0,14.0,,True
828210,RİVET,ANA_URUN,,,10.0,16.0,,True
829209,RİVET,ANA_URUN,,,9.0,14.0,,True
830209,RİVET,ANA_URUN,,,9.0,14.0,,True
831210,RİVET,ANA_URUN,,,10.0,16.0,,True
832620,ÇAKMA DÜĞME,ANA_URUN,,,20.0,32.0,,True
833_620212,RİVET,ANA_URUN,,,12.0,19.0,,True
834209,RİVET,ANA_URUN,,,9.0,14.0,,True
835210,RİVET,ANA_URUN,,,10.0,16.0,,True
836210,RİVET,ANA_URUN,,,10.0,16.0,,True
837210,RİVET,ANA_URUN,,,10.0,16.0,,True
838210,RİVET,ANA_URUN,,,10.0,16.0,,True
839210,RİVET,ANA_URUN,,,10.0,16.0,,True
840210,RİVET,ANA_URUN,,,10.0,16.0,,True
841208,RİVET,ANA_URUN,,,8.0,13.0,,True
842210,RİVET,ANA_URUN,,,10.0,16.0,,True
843012,ALTTAN DİKME DÜĞME,ANA_URUN,,,12.0,19.0,,True
844020,TOKA,ANA_URUN,,,20.0,32.0,,True
845015,TOKA,ANA_URUN,,,15.0,24.0,,True
846_015,TOKA,ANA_URUN,,,15.0,24.0,,True
847620,ÇAKMA DÜĞME,ANA_URUN,,,20.0,32.0,,True
848_010014,TOKA,ANA_URUN,,,14.0,22.0,,True
848_010024,TOKA,ANA_URUN,,,24.0,38.0,,True
849060,TOKA,ANA_URUN,,,60.0,96.0,,True
850030,TOKA,ANA_URUN,,,30.0,48.0,,True
851011,TOKA,ANA_URUN,,,11.0,18.0,,True
852209,RİVET,ANA_URUN,,,9.0,14.0,,True
853209,RİVET,ANA_URUN,,,9.0,14.0,,True
854209,RİVET,ANA_URUN,,,9.0,14.0,,True
855210,RİVET,ANA_URUN,,,10.0,16.0,,True
856209,RİVET,ANA_URUN,,,9.0,14.0,,True
857715,ÇIT ÇIT,ANA_URUN,,,15.0,24.0,,True
858_015018,ALTTAN DİKME DÜĞME,ANA_URUN,,,18.0,29.0,,True
858_015020,ALTTAN DİKME DÜĞME,ANA_URUN,,,20.0,32.0,,True
859_715711,ÇIT ÇIT,ANA_URUN,,,11.0,18.0,,True
861015,ALTTAN DİKME DÜĞME,ANA_URUN,,,15.0,24.0,,True
862011,ALTTAN DİKME DÜĞME,ANA_URUN,,,11.0,18.0,,True
863011,ALTTAN DİKME DÜĞME,ANA_URUN,,,11.0,18.0,,True
865_018015,ALTTAN DİKME DÜĞME,ANA_URUN,,,15.0,24.0,,True
870723,ÇIT ÇIT,ANA_URUN,,,23.0,37.0,,True
871724,ÇIT ÇIT,ANA_URUN,,,24.0,38.0,,True
872208,RİVET,ANA_URUN,,,8.0,13.0,,True
874011,ALTTAN DİKME DÜĞME,ANA_URUN,,,11.0,18.0,,True
"875_617,5210",RİVET,ANA_URUN,,,10.0,16.0,,True
876910.5,ÜSTTEN DİKME DÜĞME,ANA_URUN,,,11.0,18.0,,True
878011.5,ALTTAN DİKME DÜĞME,ANA_URUN,,,12.0,19.0,,True
881_620,ÇAKMA DÜĞME,ANA_URUN,,,20.0,32.0,,True
882_037,TOKA,ANA_URUN,,,37.0,59.0,,True
883217,RİVET,ANA_URUN,,,17.0,27.0,,True
884030,TOKA,ANA_URUN,,,30.0,48.0,,True
885208,RİVET,ANA_URUN,,,8.0,13.0,,True
886056,TOKA,ANA_URUN,,,56.0,90.0,,True
887020,TOKA,ANA_URUN,,,20.0,32.0,,True
888019,ALTTAN DİKME DÜĞME,ANA_URUN,,,19.0,30.0,,True
889_008013,TOKA,ANA_URUN,,,13.0,21.0,,True
889_008017,TOKA,ANA_URUN,,,17.0,27.0,,True
889_008022,TOKA,ANA_URUN,,,22.0,35.0,,True
889_008027,TOKA,ANA_URUN,,,27.0,43.0,,True
890_020024,TOKA,ANA_URUN,,,24.0,38.0,,True
891_020025,TOKA,ANA_URUN,,,25.0,40.0,,True
891_020030,TOKA,ANA_URUN,,,30.0,48.0,,True
892_020025,TOKA,ANA_URUN,,,25.0,40.0,,True
892_020030,TOKA,ANA_URUN,,,30.0,48.0,,True
893025,TOKA,ANA_URUN,,,25.0,40.0,,True
894022,ALTTAN DİKME DÜĞME,ANA_URUN,,,22.0,35.0,,True
895022,TOKA,ANA_URUN,,,22.0,35.0,,True
896207.5,RİVET,ANA_URUN,,,8.0,13.0,,True
897206,RİVET,ANA_URUN,,,6.0,10.0,,True
898113.5,RİVET,ANA_URUN,,,14.0,22.0,,True
899020,TOKA,ANA_URUN,,,20.0,32.0,,True
900716,ÇIT ÇIT,ANA_URUN,,,16.0,26.0,,True
901008,ALTTAN DİKME DÜĞME,ANA_URUN,,,8.0,13.0,,True
902_008Y010-Y,TOKA,ANA_URUN,,,10.0,16.0,,True
902_008Y012,TOKA,ANA_URUN,,,12.0,19.0,,True
902_008Y016,TOKA,ANA_URUN,,,16.0,26.0,,True
902_008Y018,TOKA,ANA_URUN,,,18.0,29.0,,True
902_008Y020,TOKA,ANA_URUN,,,20.0,32.0,,True
903_010-Y012,TOKA,ANA_URUN,,,12.0,19.0,,True
903_010-Y016,TOKA,ANA_URUN,,,16.0,26.0,,True
903_010-Y018,TOKA,ANA_URUN,,,18.0,29.0,,True
903_010-Y020,TOKA,ANA_URUN,,,20.0,32.0,,True
904_A,,ANA_URUN,,,,,,True
904_B,,ANA_URUN,,,,,,True
905010,ALTTAN DİKME DÜĞME,ANA_URUN,,,10.0,16.0,,True
906044,TOKA,ANA_URUN,,,44.0,70.0,,True
907133,RİVET,ANA_URUN,,,13.0,21.0,,True
9080100,TOKA,ANA_URUN,,,100.0,160.0,,True
909025,TOKA,ANA_URUN,,,25.0,40.0,,True
910_121130,RİVET,ANA_URUN,,,30.0,48.0,,True
911060,TOKA,ANA_URUN,,,60.0,96.0,,True
912922,ÜSTTEN DİKME DÜĞME,ANA_URUN,,,22.0,35.0,,True
913913,ÜSTTEN DİKME DÜĞME,ANA_URUN,,,13.0,21.0,,True
914013,ALTTAN DİKME DÜĞME,ANA_URUN,,,13.0,21.0,,True
915_019030,ALTTAN DİKME DÜĞME,ANA_URUN,,,30.0,48.0,,True
917208008,RİVET,ANA_URUN,,,8.0,13.0,,True
917_208008,ALTTAN DİKME DÜĞME,ANA_URUN,,,8.0,13.0,,True
920027,SALLANTI,ANA_URUN,,,27.0,43.0,,True
921910,ÜSTTEN DİKME DÜĞME,ANA_URUN,,,10.0,16.0,,True
922040,ÜSTTEN DİKME DÜĞME,ANA_URUN,,,40.0,64.0,,True
923209,RİVET,ANA_URUN,,,9.0,14.0,,True
924912,ÜSTTEN DİKME DÜĞME,ANA_URUN,,,12.0,19.0,,True
925015,AGRAF,ANA_URUN,,,15.0,24.0,,True
926010,TOKA,ANA_URUN,,,10.0,16.0,,True
927014,AYAR,ANA_URUN,,,14.0,22.0,,True
928008,SALLANTI,ANA_URUN,,,8.0,13.0,,True
929012,AGRAF,ANA_URUN,,,12.0,19.0,,True
930_00818,AYAR,ANA_URUN,,,8.0,13.0,,True
931809,SALLANTI,ANA_URUN,,,9.0,14.0,,True
932_910908,ÜSTTEN DİKME DÜĞME,ANA_URUN,,,8.0,13.0,,True
933910,ÜSTTEN DİKME DÜĞME,ANA_URUN,,,10.0,16.0,,True
935918,ÜSTTEN DİKME DÜĞME,ANA_URUN,,,18.0,29.0,,True
936013.2,TOKA,ANA_URUN,,,14.0,22.0,,True
937911,ÜSTTEN DİKME DÜĞME,ANA_URUN,,,11.0,18.0,,True
938050,TOKA,ANA_URUN,,,50.0,80.0,,True
940917,ÜSTTEN DİKME DÜĞME,ANA_URUN,,,17.0,27.0,,True
941209,RİVET,ANA_URUN,,,9.0,14.0,,True
942208,RİVET,ANA_URUN,,,8.0,13.0,,True
943_çoklu kalıp,TOKA,ANA_URUN,,,,,,True
944_çoklu kalıp,TOKA,ANA_URUN,,,,,,True
945_çoklu kalıp,TOKA,ANA_URUN,,,,,,True
947_038025,TOKA,ANA_URUN,,,25.0,40.0,,True
947_038080,TOKA,ANA_URUN,,,80.0,128.0,,True
948011,ALTTAN DİKME DÜĞME,ANA_URUN,,,11.0,18.0,,True
949011,ALTTAN DİKME DÜĞME,ANA_URUN,,,11.0,18.0,,True
950010,ALTTAN DİKME DÜĞME,ANA_URUN,,,10.0,16.0,,True
952036,TOKA,ANA_URUN,,,36.0,58.0,,True
953210,RİVET,ANA_URUN,,,10.0,16.0,,True
954007,ALTTAN DİKME DÜĞME,ANA_URUN,,,7.0,11.0,,True
955016,ALTTAN DİKME DÜĞME,ANA_URUN,,,16.0,26.0,,True
956012,TOKA,ANA_URUN,,,12.0,19.0,,True
959207,RİVET,ANA_URUN,,,7.0,11.0,,True
960018024,ALTTAN DİKME DÜĞME,ANA_URUN,,,24.0,38.0,,True
962910,ÜSTTEN DİKME DÜĞME,ANA_URUN,,,10.0,16.0,,True
963009012,,ANA_URUN,,,12.0,19.0,,True
964911,ÜSTTEN DİKME DÜĞME,ANA_URUN,,,11.0,18.0,,True
965015025,ALTTAN DİKME DÜĞME,ANA_URUN,,,25.0,40.0,,True
966023.5,ALTTAN DİKME DÜĞME,ANA_URUN,,,24.0,38.0,,True
967312,,ANA_URUN,,,12.0,19.0,,True
969092,TOKA,ANA_URUN,,,92.0,147.0,,True
970012,TOKA,ANA_URUN,,,12.0,19.0,,True
971_024020,TOKA,ANA_URUN,,,20.0,32.0,,True
971_024027,TOKA,ANA_URUN,,,27.0,43.0,,True
971_024030,TOKA,ANA_URUN,,,30.0,48.0,,True
971_024034,TOKA,ANA_URUN,,,34.0,54.0,,True
971_024040,TOKA,ANA_URUN,,,40.0,64.0,,True
972,,ANA_URUN,,,,,,True
973208,RİVET,ANA_URUN,,,8.0,13.0,,True
974_909910,ÜSTTEN DİKME DÜĞME,ANA_URUN,,,10.0,16.0,,True
975009,ALTTAN DİKME DÜĞME,ANA_URUN,,,9.0,14.0,,True
976025,TOKA,ANA_URUN,,,25.0,40.0,,True
978_015018,ALTTAN DİKME DÜĞME,ANA_URUN,,,18.0,29.0,,True
978_015020,ALTTAN DİKME DÜĞME,ANA_URUN,,,20.0,32.0,,True
978_015023,ALTTAN DİKME DÜĞME,ANA_URUN,,,23.0,37.0,,True
978_015025,ALTTAN DİKME DÜĞME,ANA_URUN,,,25.0,40.0,,True
979_015020,ALTTAN DİKME DÜĞME,ANA_URUN,,,20.0,32.0,,True
980005,ALTTAN DİKME DÜĞME,ANA_URUN,,,5.0,8.0,,True
980006,ALTTAN DİKME DÜĞME,ANA_URUN,,,6.0,10.0,,True
981013,ALTTAN DİKME DÜĞME,ANA_URUN,,,13.0,21.0,,True
981015,ALTTAN DİKME DÜĞME,ANA_URUN,,,15.0,24.0,,True
981020,ALTTAN DİKME DÜĞME,ANA_URUN,,,20.0,32.0,,True
982013,ALTTAN DİKME DÜĞME,ANA_URUN,,,13.0,21.0,,True
982015,ALTTAN DİKME DÜĞME,ANA_URUN,,,15.0,24.0,,True
982020,ALTTAN DİKME DÜĞME,ANA_URUN,,,20.0,32.0,,True
983025,TOKA,ANA_URUN,,,25.0,40.0,,True
986_053,TOKA,ANA_URUN,,,53.0,85.0,,True
987010,AGRAF,ANA_URUN,,,10.0,16.0,,True
987012,TOKA,ANA_URUN,,,12.0,19.0,,True
988111,RİVET,ANA_URUN,,,11.0,18.0,,True
989810,SALLANTI,ANA_URUN,,,10.0,16.0,,True
990035,ALTTAN DİKME DÜĞME,ANA_URUN,,,35.0,56.0,,True
991008,ALTTAN DİKME DÜĞME,ANA_URUN,,,8.0,13.0,,True
992008,ALTTAN DİKME DÜĞME,ANA_URUN,,,8.0,13.0,,True
993008,ALTTAN DİKME DÜĞME,ANA_URUN,,,8.0,13.0,,True
994008,ALTTAN DİKME DÜĞME,ANA_URUN,,,8.0,13.0,,True
995_013020,TOKA,ANA_URUN,,,20.0,32.0,,True
997030,ALTTAN DİKME DÜĞME,ANA_URUN,,,30.0,48.0,,True
999010,TOKA,ANA_URUN,,,10.0,16.0,,True
ABS007,,ANA_URUN,,,,,,True
ABS008040050,TOKA,ANA_URUN,,,50.0,80.0,,True
APR285-5,KUŞGÖZÜ,ANA_URUN,,,,,,True
APR286035,KISTIRMA,ANA_URUN,,,35.0,56.0,,True
APR287020023,,ANA_URUN,,,23.0,,,True
APR288417,ÇIT ÇIT,ANA_URUN,,,17.0,27.0,,True
APR291006,,ANA_URUN,,,6.0,10.0,,True
APR291007,,ANA_URUN,,,7.0,11.0,,True
YOK,TOKA,ANA_URUN,,,,,,True
ZMK 1973,DİĞER AKSESUAR,ANA_URUN,,,15.0,,,True
ZMK 1974,PLAKA,ANA_URUN,,,30.0,,,True
ZMK 1975,DİĞER AKSESUAR,ANA_URUN,,,26.53,,,True
ZMK 1976,DİĞER AKSESUAR,ANA_URUN,,,,,,True
ZMK 1977,,ANA_URUN,,,,,,True
ZMK-1981,,ANA_URUN,,,,,,True
ZMK1980,PLAKA,ANA_URUN,,,,,,True
ZMK1985110,TOKA,ANA_URUN,,,10.0,16.0,,True
ZMK1987,PLAKA,ANA_URUN,,,,,,True
ZMK1988,PLAKA,ANA_URUN,,,,,,True
ZMK1990,PLAKA,ANA_URUN,,,,,,True
ZMK1991,PLAKA,ANA_URUN,,,,,,True
ZMK1992,SALLANTI,ANA_URUN,,,,,,True
Zmk1983,ALTTAN DİKME DÜĞME,ANA_URUN,,,20.0,32.0,,True
zmk1963,,ANA_URUN,,,,,,True
zmk1968,TOKA,ANA_URUN,,,,,,True
zmk1984,,ANA_URUN,,,,,,True
