 ÜRÜN GÖRSELİ; ÜRÜN STOK KODU;ÜRÜN KATEGORİ GRUBU;ÜRÜN DETAYI (mm);ÜRÜN DETAYI (Boy);ÜRÜN GRAMI;ÜRÜN GÖZ SAYISI ;ÜRÜN AÇIKLAMASI;Unnamed: 8;Unnamed: 9;Unnamed: 10;Unnamed: 11;Unnamed: 12
;100 / 112;RİVET;12 mm;19;?;?;;;;;;
;"101/105;109";RİVET;05 mm / 09  mm;8 Boy / 14 Boy ;?;?;;;;;;
;"102/008;010;
012;014;016;
018;020:022;
025";ALTTAN DİKME DÜĞME;"08 mm / 10 mm / 12 mm / 14 mm / 
16 mm / 18 mm / 20 mm / 22 mm / 25 mm";13 Boy / 16 Boy / 19 Boy / 22 Boy / 26 Boy / 29 Boy / 32 Boy / 35 Boy / 40 Boy ;?;?;;;;;;
;"103/104;106;
108;110;112;
114;208;210;
212;214";RİVET;"04 mm / 06 mm / 08 mm / 10 mm /
12 mm / 14 mm";6 Boy / 10 Boy / 13 Boy / 16 Boy / 19 Boy / 22 Boy ;?;?;;;;;;
;"104/106:108;
110;112;114
208;210;212;
214;712";RİVET;"06 mm / 08 mm / 10 mm /
12 mm / 14 mm";10 Boy / 13 Boy / 16 Boy / 19 Boy / 22 Boy ;?;?;;;;;;
;"104/106:108;
110;112;114
208;210;212;
214;712";ÇIT ÇIT;12 mm;19;?;?;;;;;;
;"105/211;
618;620";RİVET;11 mm;18;?;?;;;;;;
;"105/211;
618;620";ÇAKMA DÜĞME;18 mm / 20 mm;29 Boy / 32 Boy ;?;?;;;;;;
;"106/214;
114;430";RİVET;14 mm;22;?;?;;;;;;
;"107/624;618";ÇAKMA DÜĞME;18 mm / 24 mm;29 Boy / 38 Boy ;?;?;;;;;;
;"108/109;112;
617;620;
015;017;023";RİVET;09 mm / 12 mm;14 Boy / 19 Boy ;?;?;;;;;;
;"108/109;112;
617;620;
015;017;023";ALTTAN DİKME DÜĞME;15 mm / 17 mm / 23 mm;24 Boy / 27 Boy / 37 Boy ;?;?;;;;;;
;"108/109;112;
617;620;
015;017;023";ÇAKMA DÜĞME;17 mm / 20 mm;27 Boy / 32 Boy ;?;?;;;;;;
;"109/110;209;
210;214;714;
614;616;618;
418;420;622;
624;014;016;
210.5;212.5;620T";RİVET;09 mm / 10 mm / 11 mm / 13 mm / 14 mm;14 Boy / 16 Boy / 18 Boy / 21 Boy / 22 Boy ;?;?;;;;;;
;"109/110;209;
210;214;714;
614;616;618;
418;420;622;
624;014;016;
210.5;212.5;620T";ALTTAN DİKME DÜĞME;14 mm / 16 mm;22 Boy / 26 Boy ;?;?;;;;;;
;"109/110;209;
210;214;714;
614;616;618;
418;420;622;
624;014;016;
210.5;212.5;620T";ÇAKMA DÜĞME;14 mm / 16 mm / 18 mm / 20T mm;22 Boy / 26 Boy / 29 Boy / 32 Boy ;?;?;;;;;;
;"109/110;209;
210;214;714;
614;616;618;
418;420;622;
624;014;016;
210.5;212.5;620T";ÇIT ÇIT;14 mm;22;?;?;;;;;;
;"110/108;112;
618;620";RİVET;08 mm / 12 mm;13 Boy / 19 Boy ;?;?;;;;;;
;"110/108;112;
618;620";ÇAKMA DÜĞME;18 mm / 20 mm ;29 Boy / 32 Boy ;?;?;;;;;;
;"111/221.5;
212.5;112.5;
712.5";RİVET;13 mm / 22 mm;21 Boy / 35 Boy ;?;?;;;;;;
;"111/221.5;
212.5;112.5;
712.5";ÇIT ÇIT;13 mm;21;?;?;;;;;;
;"112/006 ( 106 ) 
";RİVET;06 mm;10;?;?;;;;;;
;"112/006 ( 106 ) 
";ALTTAN DİKME DÜĞME;06 mm;10;?;?;;;;;;
;"113/618;624";ÇAKMA DÜĞME;18 mm / 24 mm;29 Boy / 38 Boy ;?;?;;;;;;
;"114/620;624";ÇAKMA DÜĞME;20 mm / 24 mm;32 Boy / 38 Boy ;?;?;;;;;;
;"115/717;617;
217;024;023;
027.5";RİVET;17 mm;27;?;?;;;;;;
;"115/717;617;
217;024;023;
027.5";ÇIT ÇIT;17 mm;27;?;?;;;;;;
;"115/717;617;
217;024;023;
027.5";ÇAKMA DÜĞME;17 mm;27;?;?;;;;;;
;"115/717;617;
217;024;023;
027.5";ALTTAN DİKME DÜĞME;23 mm / 24 mm / 28 mm;37 Boy / 38 Boy / 45 Boy ;?;?;;;;;;
;116/212;RİVET;12 mm;19;?;?;;;;;;
;"117/213;115;
620;624;023;
028;025";RİVET;13 mm / 15 mm;21 Boy / 24 Boy ;?;?;;;;;;
;"117/213;115;
620;624;023;
028;025";ALTTAN DİKME DÜĞME;23 mm / 25 mm / 28 mm;37 Boy / 40 Boy / 45 Boy ;?;?;;;;;;
;"117/213;115;
620;624;023;
028;025";ÇAKMA DÜĞME;20 mm / 24 mm;32 Boy / 38 Boy ;?;?;;;;;;
;"118/714;
114;617;
620;624;
012;017;020";RİVET;14 mm;22;?;?;;;;;;
;"118/714;
114;617;
620;624;
012;017;020";ÇIT ÇIT;14 mm;22;?;?;;;;;;
;"118/714;
114;617;
620;624;
012;017;020";ÇAKMA DÜĞME;17 mm / 20 mm / 24 mm;27 Boy / 32 Boy / 38 Boy ;?;?;;;;;;
;"118/714;
114;617;
620;624;
012;017;020";ALTTAN DİKME DÜĞME;12 mm / 17 mm / 20 mm;19 Boy / 27 Boy / 32 Boy ;?;?;;;;;;
;"119/212;218;209";RİVET;09 mm / 12 mm / 18 mm;14 Boy / 19 Boy / 29 Boy ;?;?;;;;;;
;"120/218;214-T;
218-T;218-BT";RİVET;14T mm / 18 mm / 18T mm / 18BT mm;22 Boy / 29 Boy ;?;?;;;;;;
;"121/112;
618;620";RİVET;12 mm;19;?;?;;;;;;
;"121/112;
618;620";ÇAKMA DÜĞME;18 mm / 20 mm;29 Boy / 32 Boy ;?;?;;;;;;
;"122/109;114;";RİVET;09 mm / 14 mm;14 Boy / 22 Boy ;?;?;;;;;;
;"123/020;717;
212;217;617;
620;624";ALTTAN DİKME DÜĞME;20 mm;32;?;?;;;;;;
;"123/020;717;
212;217;617;
620;624";ÇAKMA DÜĞME;17 mm / 20 mm / 24 mm;27 Boy / 32 Boy / 38 Boy ;?;?;;;;;;
;"123/020;717;
212;217;617;
620;624";ÇIT ÇIT;17 mm;27;?;?;;;;;;
;"123/020;717;
212;217;617;
620;624";RİVET;12 mm / 17 mm;19 Boy / 27 Boy ;?;?;;;;;;
;124/212;RİVET;12 mm;19;?;?;;;;;;
;"125/114;120;";RİVET;14 mm / 20 mm;22 Boy / 32 Boy ;?;?;;;;;;
;"126/211;
618;620;";RİVET;11 mm;18;?;?;;;;;;
;"126/211;
618;620;";ÇAKMA DÜĞME;18 mm / 20 mm;29 Boy / 32 Boy ;?;?;;;;;;
;"127/211;711";RİVET;11 mm;18;?;?;;;;;;
;"127/211;711";ÇIT ÇIT;11 mm;18;?;?;;;;;;
;"128/317;617";ÇAKMA DÜĞME;17 mm;27;?;?;;;;;;
;"129/211;714;
717;207,5";RİVET;08 mm / 11 mm;13 Boy / 18 Boy ;?;?;;;;;;
;"129/211;714;
717;207,5";ÇIT ÇIT;14 mm / 17 mm ;22 Boy / 27 Boy ;?;?;;;;;;
;"130/015;017;020";ALTTAN DİKME DÜĞME;15 mm / 17 mm / 20 mm ;24 Boy / 27 Boy / 32 Boy ;?;?;;;;;;
;"131/620;622;";ÇAKMA DÜĞME;20 mm / 22 mm;32 Boy / 35 Boy ;?;?;;;;;;
;"132/111;114;
614;617;620;
211";RİVET;11 mm / 14 mm;18 Boy / 22 Boy ;?;?;;;;;;
;"132/111;114;
614;617;620;
211";ÇAKMA DÜĞME;14 mm / 17 mm / 20 mm;22 Boy / 27 Boy / 32 Boy ;?;?;;;;;;
;"133/108;
208;210;212;
214;114;614;
616;618;620;";RİVET;08 mm / 10 mm / 12 mm / 14 mm;13 Boy / 16 Boy / 19 Boy / 22 Boy ;?;?;;;;;;
;"133/108;
208;210;212;
214;114;614;
616;618;620;";ÇAKMA DÜĞME;14 mm / 16 mm / 18 mm / 20 mm ;22 Boy / 26 Boy / 29 Boy / 32 Boy ;?;?;;;;;;
;"134/915;917;920";ÜSTTEN DİKME DÜĞME;15 mm / 17 mm / 20 mm;24 Boy / 27 Boy / 32 Boy ;?;?;;;;;;
;"135/618;214,5;
214,5-E;618-E;";RİVET;15 mm / 15E mm;24 Boy / 24 Boy ;?;?;;;;;;
;"135/618;214,5;
214,5-E;618-E;";ÇAKMA DÜĞME;18 mm / 18E mm;29 Boy / 29 Boy ;?;?;;;;;;
;"136/714;716;
718;720;106;
206;208;210;
212;214;620;622";RİVET;06 mm / 08 mm / 10 mm / 12 mm / 14 mm;10 Boy / 13 Boy / 16 Boy / 19 Boy / 22 Boy ;?;?;;;;;;
;"136/714;716;
718;720;106;
206;208;210;
212;214;620;622";ÇIT ÇIT;14 mm / 16 mm / 18 mm / 20 mm;22 Boy / 26 Boy / 29 Boy / 32 Boy ;?;?;;;;;;
;"136/714;716;
718;720;106;
206;208;210;
212;214;620;622";ÇAKMA DÜĞME;20 mm / 22 mm;32 Boy / 35 Boy ;?;?;;;;;;
;"137/214;618;
620;624;014;";RİVET;14 mm;22;?;?;;;;;;
;"137/214;618;
620;624;014;";ÇAKMA DÜĞME;18 mm / 20 mm / 24 mm;29 Boy / 32 Boy / 38 Boy ;?;?;;;;;;
;"137/214;618;
620;624;014;";ALTTAN DİKME DÜĞME;14 mm ;22;?;?;;;;;;
;"138/907;924;";ÜSTTEN DİKME DÜĞME;07 mm / 24 mm ;11 Boy / 38 Boy ;?;?;;;;;;
YOK;139/924;ÜSTTEN DİKME DÜĞME;24 mm ;38;?;?;;;;;;
;140/212;RİVET;12 mm ;19;?;?;;;;;;
;"141/114;214;
217;714;";RİVET;14 mm / 17 mm;22 Boy / 27 Boy ;?;?;;;;;;
;"141/114;214;
217;714;";ÇIT ÇIT;14 mm;22;?;?;;;;;;
;"142/214;217;
618;714";RİVET;14 mm / 17 mm;22 Boy / 27 Boy ;?;?;;;;;;
;"142/214;217;
618;714";ÇAKMA DÜĞME;18 mm ;29;?;?;;;;;;
;"142/214;217;
618;714";ÇIT ÇIT;14 mm ;22;?;?;;;;;;
;143/618;ÇAKMA DÜĞME;18 mm ;29;?;?;;;;;;
;"144/440;740;";ÇIT ÇIT;40 mm ;64;?;?;;;;;;
;145/209;RİVET;09 mm ;14;?;?;;;;;;
;"146/212;214;618;714";RİVET;12 mm / 14 mm ;19 Boy / 22 Boy ;?;?;;;;;;
;"146/212;214;618;714";ÇAKMA DÜĞME;18 mm ;29;?;?;;;;;;
;"146/212;214;618;714";ÇIT ÇIT;14 mm ;22;?;?;;;;;;
;"147/012;015;017;020";ALTTAN DİKME DÜĞME;12 mm / 15 mm / 17 mm / 20 mm ;19 Boy / 24 Boy / 27 Boy / 32 Boy ;?;?;;;;;;
;"148/915;917;920";ÜSTTEN DİKME DÜĞME;15 mm / 17 mm / 20 mm ;24 Boy / 27 Boy / 32 Boy ;?;?;;;;;;
;"149/028;032;024";ALTTAN DİKME DÜĞME;24 mm / 28 mm / 32 mm;38 Boy / 45 Boy / 51 Boy ;?;?;;;;;;
;"150/206;208;110;115;
008;D;008;010;014;
715;617";RİVET;06 mm / 08 mm / 10 mm / 15 mm ;10 Boy / 13 Boy / 16 Boy / 24 Boy ;?;?;;;;;;
;"150/206;208;110;115;
008;D;008;010;014;
715;617";ALTTAN DİKME DÜĞME;08 mm / 08D mm / 10 mm / 14 mm ;13 Boy / 16 Boy / 22 Boy ;?;?;;;;;;
;"150/206;208;110;115;
008;D;008;010;014;
715;617";ÇIT ÇIT;15 mm ;24;?;?;;;;;;
;"150/206;208;110;115;
008;D;008;010;014;
715;617";ÇAKMA DÜĞME;17 mm ;27;?;?;;;;;;
;151/417;?;17 mm ;27;?;?;;;;;;
;152/214;RİVET;14 mm ;22;?;?;;;;;;
;153/213;RİVET;13 mm ;21;?;?;;;;;;
;"154/004;024";ALTTAN DİKME DÜĞME;04 mm / 24 mm ;6 Boy / 38 Boy ;?;?;;;;;;
;"155/012;014;016;020
KUŞGÖZÜ 5 OLMALI";ALTTAN DİKME DÜĞME;12 mm / 14 mm / 16 mm / 20 mm ;19 Boy / 22 Boy / 26 Boy / 32 Boy ;?;?;;;;;;
;"156/212;617;620;624";RİVET;12 mm ;19;?;?;;;;;;
;"156/212;617;620;624";ÇAKMA DÜĞME;17 mm / 20 mm / 24 mm ;27 Boy / 32 Boy / 38 Boy ;?;?;;;;;;
;"157/214;714";RİVET;14 mm ;22;?;?;;;;;;
;"157/214;714";ÇIT ÇIT;14 mm ;22;?;?;;;;;;
;158/712;ÇIT ÇIT;12 mm ;19;?;?;;;;;;
;"159/012;015;017;020;
018;715;720";ALTTAN DİKME DÜĞME;12 mm / 15 mm / 17 mm / 18 mm / 20 mm ;19 Boy / 24 Boy / 27 Boy / 29 Boy / 32 Boy ;?;?;;;;;;
;"159/012;015;017;020;
018;715;720";ÇIT ÇIT;15 mm / 20 mm;24 Boy / 32 Boy ;?;?;;;;;;
;"160/000
";ALTTAN DİKME DÜĞME;?;?;?;?;;;;;;
;161/ 615;ÇAKMA DÜĞME;15 mm ;24;?;?;;;;;;
;"162/212;618;620;622";RİVET;12 mm ;19;?;?;;;;;;
;"162/212;618;620;622";ÇAKMA DÜĞME;18 mm / 20 mm / 22 mm ;29 Boy / 32 Boy / 35 Boy ;?;?;;;;;;
;"163/720;";ÇIT ÇIT;20 mm ;32;?;?;;;;;;
;"164/211;618;620";RİVET;11 mm ;18;?;?;;;;;;
;"164/211;618;620";ÇAKMA DÜĞME;18 mm / 20 mm;29 Boy / 32 Boy ;?;?;;;;;;
;"165/012;017;022";ALTTAN DİKME DÜĞME;12 mm / 17 mm / 22 mm ;19 Boy / 27 Boy / 35 Boy ;?;?;;;;;;
;"166/212;617;020;022;
25;28";RİVET;12 mm ;19;?;?;;;;;;
;"166/212;617;020;022;
25;28";ÇAKMA DÜĞME;17 mm ;27;?;?;;;;;;
;"166/212;617;020;022;
25;28";ALTTAN DİKME DÜĞME;20 mm / 22 mm / 25 mm / 28 mm ;32 Boy / 35 Boy / 40 Boy / 45 Boy ;?;?;;;;;;
YOK;"167/915;918;920";ÜSTTEN DİKME DÜĞME;15 mm / 18 mm / 20 mm ;24 Boy / 29 Boy / 32 Boy ;?;?;;;;;;
;"168/212;220;617;
620;017;020;714
;012;212-t;012
";RİVET;12 mm / 12 mm / 20 mm ;19 Boy / 32 Boy ;?;?;;;;;;
;"168/212;220;617;
620;017;020;714
;012;212-t;012
";ÇAKMA DÜĞME;17 mm / 20 mm ;27 Boy / 32 Boy ;?;?;;;;;;
;"1149010620;017;020;714
;012;212-t;012
";ALTTAN DİKME DÜĞME;12 mm / 17 mm / 20 mm ;19 Boy / 27 Boy / 32 Boy ;?;?;;;;;;
;"168/212;220;617;
620;017;020;714
;012;212-t;012
";ÇIT ÇIT;14 mm ;22;?;?;;;;;;
;"169/215;712;715;
720;625 ; 630 ; 012 ;
011,3 ;008";RİVET;15 mm ;24;?;?;;;;;;
;"169/215;712;715;
720;625 ; 630 ; 012 ;
011,3 ;008";ÇIT ÇIT;12 mm / 15 mm / 20 mm;19 Boy / 24 Boy / 32 Boy ;?;?;;;;;;
;"169/215;712;715;
720;625 ; 630 ; 012 ;
011,3 ;008";ÇAKMA DÜĞME;25 mm / 30 mm ;40 Boy / 48 Boy ;?;?;;;;;;
;"169/215;712;715;
720;625 ; 630 ; 012 ;
011,3 ;008";ALTTAN DİKME DÜĞME;08 mm / 12 mm ;13 Boy / 19 Boy ;?;?;;;;;;
;"170/210;212;617;620";RİVET;10 mm / 12 mm ;16 Boy / 19 Boy ;?;?;;;;;;
;"170/210;212;617;620";ÇAKMA DÜĞME;17 mm / 20 mm ;27 Boy / 32 Boy ;?;?;;;;;;
;"171/212;214";RİVET;12 mm / 14 mm ;19 Boy / 22 Boy ;?;?;;;;;;
;"172/210;214;617;620";RİVET;10 mm / 14 mm ;16 Boy / 22 Boy ;?;?;;;;;;
;"172/210;214;617;620";ÇAKMA DÜĞME;17 mm / 20 mm ;27 Boy / 32 Boy ;?;?;;;;;;
;"173/915;917;920;923;930";ÜSTTEN DİKME DÜĞME;15 mm / 17 mm / 20 mm / 23 mm / 30 mm ;24 Boy / 27 Boy / 32 Boy / 37 Boy / 48 Boy ;?;?;;;;;;
;"174/915;918;923;";ÜSTTEN DİKME DÜĞME;15 mm / 18 mm / 23 mm ;24 Boy / 29 Boy / 37 Boy ;?;?;;;;;;
;"176/010;012;016;019;
211;208;210";ALTTAN DİKME DÜĞME;10 mm / 12 mm / 16 mm / 19 mm ;16 Boy / 19 Boy / 26 Boy / 30 Boy ;?;?;;;;;;
;"176/010;012;016;019;
211;208;210";RİVET;08 mm / 10 mm / 11 mm;13 Boy / 16 Boy / 18 Boy ;?;?;;;;;;
;"177/210;617;620";RİVET;10 mm ;16;?;?;;;;;;
;"177/210;617;620";ÇAKMA DÜĞME;17 mm / 20 mm ;27 Boy / 32 Boy ;?;?;;;;;;
;"178/210;710;618;620";RİVET;10 mm ;16;?;?;;;;;;
;"178/210;710;618;620";ÇIT ÇIT;10 mm ;16;?;?;;;;;;
;"178/210;710;618;620";ÇAKMA DÜĞME;18 mm / 20 mm ;29 Boy / 32 Boy ;?;?;;;;;;
;"179/211;617;620;";RİVET;11 mm;18;?;?;;;;;;
;"179/211;617;620;";ÇAKMA DÜĞME;17 mm / 20 mm ;27 Boy / 32 Boy ;?;?;;;;;;
;"180/310;312;617;620";ÇAKMA DÜĞME;17 mm / 20 mm ;27 Boy / 32 Boy ;?;?;;;;;;
;"181/210;212;618;620;622";RİVET;10 mm / 12 mm ;16 Boy / 19 Boy ;?;?;;;;;;
;"181/210;212;618;620;622";ÇAKMA DÜĞME;18 mm / 20 mm / 22 mm ;29 Boy / 32 Boy / 35 Boy ;?;?;;;;;;
;"182/210;";RİVET;10 mm ;16;?;?;;;;;;
;"183/210;212;617";RİVET;10 mm / 12 mm;16 Boy / 19 Boy ;?;?;;;;;;
;"183/210;212;617";ÇAKMA DÜĞME;17 mm ;27;?;?;;;;;;
;"184/;210;212;617;620;";RİVET;10 mm / 12 mm ;16 Boy / 19 Boy ;?;?;;;;;;
;"184/;210;212;617;620;";ÇAKMA DÜĞME;17 mm / 20 mm ;27 Boy / 32 Boy ;?;?;;;;;;
;"185/212;617;620;";RİVET;12 mm ;19;?;?;;;;;;
;"185/212;617;620;";ÇAKMA DÜĞME;17 mm / 20 mm ;27 Boy / 32 Boy ;?;?;;;;;;
;186/020;ALTTAN DİKME DÜĞME;20 mm ;32;?;?;;;;;;
;"187/017;020;023;";ALTTAN DİKME DÜĞME;17 mm / 20 mm / 23 mm;27 Boy / 32 Boy / 37 Boy ;?;?;;;;;;
;188/215;RİVET;15 mm;24;?;?;;;;;;
;"189/710;717;210;617;620";ÇIT ÇIT;10 mm / 17 mm ;16 Boy / 27 Boy ;?;?;;;;;;
;"189/710;717;210;617;620";RİVET;10 mm ;16;?;?;;;;;;
;"189/710;717;210;617;620";ÇAKMA DÜĞME;17 mm / 20 mm ;27 Boy / 32 Boy ;?;?;;;;;;
;190/723;ÇIT ÇIT;23 mm ;37;?;?;;;;;;
;"191/617;620";ÇAKMA DÜĞME;17 mm / 20 mm ;27 Boy / 32 Boy ;?;?;;;;;;
;"192/920;";ÜSTTEN DİKME DÜĞME;20 mm ;32;?;?;;;;;;
;"193/212;617;620;017";RİVET;12 mm ;19;?;?;;;;;;
;"193/212;617;620;017";ÇAKMA DÜĞME;17 mm / 20 mm ;27 Boy / 32 Boy ;?;?;;;;;;
;"193/212;617;620;017";ALTTAN DİKME DÜĞME;17 mm ;27;?;?;;;;;;
YOK;"194/617;620;720;716;";ÇAKMA DÜĞME;17 mm / 20 mm ;27 Boy / 32 Boy ;?;?;;;;;;
YOK;"194/617;620;720;716;";ÇIT ÇIT;16 mm / 20 mm ;26 Boy / 32 Boy ;?;?;;;;;;
;195/;ÜSTTEN DİKME DÜĞME;?;?;?;?;;;;;;
?;"196/914;916;920;922";ÜSTTEN DİKME DÜĞME;14 mm / 16 mm / 20 mm / 22 mm ;22 Boy / 26 Boy / 32 Boy / 35 Boy ;?;?;;;;;;
;197/917;ÜSTTEN DİKME DÜĞME;17 mm ;27;?;?;;;;;;
YOK;"198/018;023;218;214";;18 mm / 23 mm ;29 Boy / 37 Boy ;?;?;;;;;;
YOK;"198/018;023;218;214";RİVET;14 mm / 18 mm ;22 Boy / 29 Boy ;?;?;;;;;;
;"199/210;214;617;620;622";RİVET;10 mm / 14 mm ;16 Boy / 22 Boy ;?;?;;;;;;
;"199/210;214;617;620;622";ÇAKMA DÜĞME;17 mm / 20 mm / 22 mm ;27 Boy / 32 Boy / 35 Boy ;?;?;;;;;;
;"200/020;025;030;035;
045;024-T;028-T
048-T;040-b;025-
b;050-y;025-y;040-d";TOKA;"20 mm / 25 mm / 30 mm / 35 mm / 45 mm /
24T mm / 28T mm / 48T mm / 40B mm / 
25B mm / 50Y mm / 25Y mm / 40D mm ";32 Boy / 38 Boy / 40 Boy / 45 Boy / 48 Boy / 56 Boy / 64 Boy / 72 Boy / 77 Boy / 80 Boy ;?;?;;;;;;
;"201/010;015;020;035";TOKA;10 mm / 15 mm / 20 mm / 35 mm ;16 Boy / 24 Boy / 32 Boy / 56 Boy ;?;?;;;;;;
;"202/060;829;830";TOKA;60 mm ;96;?;?;;;;;;
;"202/060;829;830";SALLANTI;29 mm / 30 mm ;46 Boy / 48 Boy ;?;?;;;;;;
;203/034;TOKA;34 mm ;54;?;?;;;;;;
;"204/027;";TOKA;27 mm;43;?;?;;;;;;
;205/030;TOKA;30 mm ;48;?;?;;;;;;
;206/030;TOKA;30 mm;48;?;?;;;;;;
YOK;207;RİVET;;YOK;?;?;;;;;;
;208/ 014;TOKA;14 mm;22;?;?;;;;;;
;209/020;TOKA;20 mm ;32;?;?;;;;;;
;210/014;TOKA;14 mm ;22;?;?;;;;;;
;211/035;TOKA;35 mm ;56;?;?;;;;;;
;"212/025;025-M";TOKA;25 mm / 25M mm ;40;?;?;;;;;;
;213/035;TOKA;35 mm ;53;?;?;;;;;;
;214/037;TOKA;37 mm ;59;?;?;;;;;;
;"215/060;036;215;620;215";TOKA;60 mm / 36 mm ;96 Boy / 58 Boy ;?;?;;;;;;
;"215/060;036;215;620;215";RİVET;15 mm ;24;?;?;;;;;;
;"215/060;036;215;620;215";ÇAKMA DÜĞME;20 mm ;32;?;?;;;;;;
;"216/ 079 ; 035";TOKA;35 mm / 79 mm ;56 Boy / 126 Boy ;?;?;;;;;;
;"217/030;040";TOKA;30 mm / 40 mm ;48 Boy / 64 Boy ;?;?;;;;;;
;"218/020-K; 218-30X20 /
218-30X20/41;020;025;
030;040;050;060";TOKA;"20K mm / 30x20 mm / 20 mm / 25 mm / 
30 mm / 40 mm / 50 mm / 60 mm";32 Boy / 40 Boy / 48 Boy / 64 Boy / 80 Boy / 96 Boy ;?;?;;;;;;
YOK;219/ ;?;?;YOK;?;?;;;;;;
;"220/210;212;220;
618;620;624;
";RİVET;10 mm / 12 mm / 20 mm ;16 Boy / 19 Boy / 32 Boy ;?;?;;;;;;
;"220/210;212;220;
618;620;624;
";ÇAKMA DÜĞME;18 mm / 20 mm / 24 mm ;29 Boy / 32 Boy / 38 Boy ;?;?;;;;;;
;"221/212;215;617;625;017";RİVET;12 mm / 15 mm ;19 Boy / 24 Boy ;?;?;;;;;;
;"221/212;215;617;625;017";ÇAKMA DÜĞME;17 mm / 25 mm ;27 Boy / 40 Boy ;?;?;;;;;;
;"221/212;215;617;625;017";ALTTAN DİKME DÜĞME;17 mm ;27;?;?;;;;;;
;"222/017;023;028;025";ALTTAN DİKME DÜĞME;17 mm / 23 mm / 25 mm / 28 mm ;27 Boy / 37 Boy / 40 Boy / 45 Boy ;?;16/12;;;;;;
;"223/212;214
;617;620;622;712";RİVET;12 mm / 14 mm ;19 Boy / 22 Boy ;?;?;;;;;;
;"223/212;214
;617;620;622;712";ÇAKMA DÜĞME;17 mm / 20 mm / 22 mm ;27 Boy / 32 Boy / 35 Boy ;?;?;;;;;;
;"223/212;214
;617;620;622;712";ÇIT ÇIT;12 mm ;19;?;?;;;;;;
;"224/212;214
;617;620;622;210;";RİVET;10 mm / 12 mm / 14 mm ;16 Boy / 19 Boy / 22 Boy ;?;?;;;;;;
;"224/212;214
;617;620;622;210;";ÇAKMA DÜĞME;17 mm / 20 mm / 22 mm ;27 Boy / 32 Boy / 35 Boy ;?;?;;;;;;
;"225/212;214;617;620;622";RİVET;12 mm / 14 mm ;19 Boy / 22 Boy ;?;?;;;;;;
;"225/212;214;617;620;622";ÇAKMA DÜĞME;17 mm / 20 mm / 22 mm ;27 Boy / 32 Boy / 35 Boy ;?;?;;;;;;
;"226/010;012;210;212;217
;617;620;622;712;812;";ALTTAN DİKME DÜĞME;10 mm / 12 mm ;16 Boy / 19 Boy ;?;?;;;;;;
;"226/010;012;210;212;217
;617;620;622;712;812;";RİVET;10 mm / 12 mm / 17 mm ;16 Boy / 19 Boy / 27 Boy ;?;?;;;;;;
;"226/010;012;210;212;217
;617;620;622;712;812;";ÇAKMA DÜĞME;17 mm / 20 mm / 22 mm ;27 Boy / 32 Boy / 35 Boy ;?;?;;;;;;
;"226/010;012;210;212;217
;617;620;622;712;812;";ÇIT ÇIT;12 mm;19 Boy  ;?;?;;;;;;
;"226/010;012;210;212;217
;617;620;622;712;812;";SALLANTI;12 mm ;19 Boy  ;?;?;;;;;;
;227/021;ALTTAN DİKME DÜĞME;21 mm ;34;?;?;;;;;;
;"228/210;212;615;617;
620;624;717 ;";RİVET;10 mm / 12 mm ;16 Boy / 19 Boy ;?;?;;;;;;
;"228/210;212;615;617;
620;624;717 ;";ÇAKMA DÜĞME;15 mm / 17 mm / 20 mm / 24 mm ;24 Boy / 27 Boy / 32 Boy / 38 Boy ;?;?;;;;;;
;"228/210;212;615;617;
620;624;717 ;";ÇIT ÇIT;17 mm ;27;?;?;;;;;;
;"229/012;620;622";ALTTAN DİKME DÜĞME;12 mm ;19;?;?;;;;;;
;"229/012;620;622";ÇAKMA DÜĞME;20 mm / 22 mm ;32 Boy / 35 Boy ;?;?;;;;;;
;230/210;RİVET;10 mm ;16;?;?;;;;;;
;"231/210;214;617;620;
624;620-İ;
624-İ ;025-İ";RİVET;10 mm / 14 mm ;16 Boy / 22 Boy ;?;?;;;;;;
;"231/210;214;617;620;
624;620-İ;
624-İ ;025-İ";ÇAKMA DÜĞME;"17 mm / 20 mm / 24 mm / 20İ mm / 
24İ mm ";27 Boy / 32 Boy / 38 Boy ;?;?;;;;;;
;"231/210;214;617;620;
624;620-İ;
624-İ ;025-İ";ALTTAN DİKME DÜĞME;25İ mm ;40;?;?;;;;;;
;232/715;ÇIT ÇIT;15 mm ;24;?;?;;;;;;
;"233/014;017;020;
022;210;212;617
620;914;917;017-T;
020-T;022-T
212-T;214-T;620-T;622-T";ALTTAN DİKME DÜĞME;"14 mm / 17 mm / 20 mm / 22 mm /
17T mm / 20T mm / 22T mm ";22 Boy / 27 Boy / 32 Boy / 35 Boy ;?;?;;;;;;
;"233/014;017;020;
022;210;212;617
620;914;917;017-T;
020-T;022-T
212-T;214-T;620-T;622-T";RİVET;10 mm / 12 mm / 12T mm / 14T mm ;16 Boy / 19 Boy / 22 Boy ;?;?;;;;;;
;"233/014;017;020;
022;210;212;617
620;914;917;017-T;
020-T;022-T
212-T;214-T;620-T;622-T";ÇAKMA DÜĞME;17 mm / 20 mm / 20T mm / 22T mm  ;27 Boy / 32 Boy / 35 Boy ;?;?;;;;;;
;"233/014;017;020;
022;210;212;617
620;914;917;017-T;
020-T;022-T
212-T;214-T;620-T;622-T";ÜSTTEN DİKME DÜĞME;14 mm / 17 mm ;22 Boy / 27 Boy ;?;?;;;;;;
;"234/209;620;";RİVET;9 mm ;14;?;?;;;;;;
;"234/209;620;";ÇAKMA DÜĞME;20 mm ;32;?;?;;;;;;
;235/ 210;RİVET;10 mm ;16;?;?;;;;;;
;236/020;ALTTAN DİKME DÜĞME;20 mm ;32;?;?;;;;;;
YOK;237/;;;YOK;?;?;;;;;;
;"238/210;212;617;620;
622;012 ;017;022;";RİVET;10 mm / 12 mm ;16 Boy / 19 Boy ;?;?;;;;;;
;"238/210;212;617;620;
622;012 ;017;022;";ÇAKMA DÜĞME;17 mm / 20 mm / 22 mm ;27 Boy / 32 Boy / 35 Boy ;?;?;;;;;;
;"238/210;212;617;620;
622;012 ;017;022;";ALTTAN DİKME DÜĞME;12 mm / 17 mm / 22 mm ;19 Boy / 27 Boy / 35 Boy ;?;?;;;;;;
;"239/212;214;617;620;
622;023;025;028";RİVET;12 mm / 14 mm ;19 Boy / 22 Boy ;?;?;;;;;;
;"239/212;214;617;620;
622;023;025;028";ÇAKMA DÜĞME;17 mm / 20 mm / 22 mm;27 Boy / 32 Boy / 35 Boy ;?;?;;;;;;
;"239/212;214;617;620;
622;023;025;028";ALTTAN DİKME DÜĞME;23 mm / 25 mm / 28 mm ;37 Boy / 40 Boy / 45 Boy ;?;?;;;;;;
;"240/210;";RİVET;10 mm ;16;?;?;;;;;;
;"241/214;620;622";RİVET;14 mm ;22;?;?;;;;;;
;"241/214;620;622";ÇAKMA DÜĞME;20 mm / 22 mm ;32 Boy / 35 Boy ;?;?;;;;;;
;"242/212;214;617;620;624
712;714";RİVET;12 mm / 14 mm ;19 Boy / 22 Boy ;?;?;;;;;;
;"242/212;214;617;620;624
712;714";ÇAKMA DÜĞME;17 mm / 20 mm / 24 mm ;27 Boy / 32 Boy / 38 Boy ;?;?;;;;;;
;"242/212;214;617;620;624
712;714";ÇIT ÇIT;12 mm / 14 mm ;19 Boy / 22 Boy ;?;?;;;;;;
;"243/210;212;214;
617;620;622";RİVET;10 mm / 12 mm / 14 mm ;16 Boy / 19 Boy / 22 Boy ;?;?;;;;;;
;"243/210;212;214;
617;620;622";ÇAKMA DÜĞME;17 mm / 20 mm / 22 mm ;27 Boy / 32 Boy / 35 Boy ;?;?;;;;;;
;"244/624;023;028;025";ÇAKMA DÜĞME;24 mm ;38;?;?;;;;;;
;"244/624;023;028;025";ALTTAN DİKME DÜĞME;23 mm / 25 mm / 28 mm ;37 Boy / 40 Boy / 45 Boy ;?;?;;;;;;
;"245/017;015";ALTTAN DİKME DÜĞME;15 mm / 17 mm ;24 Boy / 27 Boy ;?;?;;;;;;
;"246/012;214;617;620;625";ALTTAN DİKME DÜĞME;12 mm ;19;?;?;;;;;;
;"246/012;214;617;620;625";ÇAKMA DÜĞME;17 mm / 20 mm / 25 mm ;27 Boy / 32 Boy / 40 Boy ;?;?;;;;;;
;"246/012;214;617;620;625";RİVET;14 mm ;22;?;?;;;;;;
;"247/210;212;214
;620;622;625;617";RİVET;10 mm / 12 mm / 14 mm ;16 Boy / 19 Boy / 22 Boy ;?;?;;;;;;
;"247/210;212;214
;620;622;625;617";ÇAKMA DÜĞME;17 mm / 20 mm / 22 mm / 25 mm ;27 Boy / 32 Boy / 35 Boy / 40 Boy ;?;?;;;;;;
YOK;248/;;;YOK;?;?;;;;;;
;"249/212;217
;617;622;012";RİVET;12 mm / 17 mm ;19 Boy / 27 Boy ;?;?;;;;;;
;"249/212;217
;617;622;012";ÇAKMA DÜĞME;17 mm / 22 mm ;27 Boy / 35 Boy ;?;?;;;;;;
;"249/212;217
;617;622;012";ALTTAN DİKME DÜĞME;12 mm ;19;?;?;;;;;;
;"250/214;617;622;714;";RİVET;14 mm ;22;?;?;;;;;;
;"250/214;617;622;714;";ÇAKMA DÜĞME;17 mm / 22 mm ;27 Boy / 35 Boy ;?;?;;;;;;
;"250/214;617;622;714;";ÇIT ÇIT;14 mm ;22;?;?;;;;;;
;251/622;ÇAKMA DÜĞME;22 mm ;35 Boy  ;?;?;;;;;;
;"252/212;214;616;
620;622";RİVET;12 mm / 14 mm ;19 Boy / 22 Boy ;?;?;;;;;;
;"252/212;214;616;
620;622";ÇAKMA DÜĞME;16 mm / 20 mm / 22 mm ;26 Boy / 32 Boy / 35 Boy ;?;?;;;;;;
;"253/210;617
;620;622;";RİVET;10 mm ;16 Boy  ;?;?;;;;;;
;"253/210;617
;620;622;";ÇAKMA DÜĞME;17 mm / 20 mm / 22 mm ;27 Boy / 32 Boy / 35 Boy ;?;?;;;;;;
;"254/212;214
;617;620;622;812";RİVET;12 mm / 14 mm ;19 Boy / 22 Boy ;?;?;;;;;;
;"254/212;214
;617;620;622;812";ÇAKMA DÜĞME;17 mm / 20 mm / 22 mm ;27 Boy / 32 Boy / 35 Boy ;?;?;;;;;;
;"254/212;214
;617;620;622;812";SALLANTI;12 mm ;19;?;?;;;;;;
;255/806;SALLANTI;06 mm;10;?;?;;;;;;
;256/908;ÜSTTEN DİKME DÜĞME;08 mm;13;?;?;;;;;;
;257/209;RİVET;09 mm;14;?;?;;;;;;
;258/210;RİVET;10 mm ;16;?;?;;;;;;
;259/214;RİVET;14 mm ;22;?;?;;;;;;
;"260/212;215;617;620;622";RİVET;12 mm / 15 mm ;19 Boy / 24 Boy ;?;?;;;;;;
;"260/212;215;617;620;622";ÇAKMA DÜĞME;17 mm / 20 mm / 22 mm ;27 Boy / 32 Boy / 35 Boy ;?;?;;;;;;
;"261/210;214;620;212";RİVET;10 mm / 12 mm / 14 mm ;16 Boy / 19 Boy / 22 Boy ;?;?;;;;;;
;"261/210;214;620;212";ÇAKMA DÜĞME;20 mm;32;?;?;;;;;;
;"262/025;030
;017;014 ;028;023";ALTTAN DİKME DÜĞME;"14 mm / 17 mm / 23 mm / 25 mm / 
28 mm / 30 mm ";22 Boy / 27 Boy / 37 Boy / 40 Boy / 45 Boy / 48 Boy ;?;?;;;;;;
;263/623 ( aslan kafası );ÇAKMA DÜĞME;23 mm ;37;?;?;;;;;;
;"264/212 ;623
";RİVET;12 mm ;19;?;?;;;;;;
;"264/212 ;623
";ÇAKMA DÜĞME;23 mm ;37;?;?;;;;;;
;265/215;RİVET;15 mm ;24;?;?;;;;;;
;266/210;RİVET;10 mm ;16;?;?;;;;;;
;"267/617;620;220";ÇAKMA DÜĞME;17 mm / 20 mm ;27 Boy / 32 Boy ;?;?;;;;;;
;"267/617;620;220";RİVET;20 mm ;32;?;?;;;;;;
;"268/214;217;
220;228
617;620;624;628;
522;530;538;548;212";RİVET;"12 mm / 14 mm / 17 mm / 20 mm / 
28 mm / ";19 Boy / 22 Boy / 27 Boy / 32 Boy / 45 Boy ;?;?;;;;;;
;"268/214;217;
220;228
617;620;624;628;
522;530;538;548;212";ÇAKMA DÜĞME;17 mm / 20 mm / 24 mm / 28 mm ;27 Boy / 32 Boy / 38 Boy / 45 Boy ;?;?;;;;;;
;"268/214;217;
220;228
617;620;624;628;
522;530;538;548;212";?;?;YOK;?;?;;;;;;
;269/007;?;07 mm ;11;?;?;;;;;;
;"270/012;212;617";ALTTAN DİKME DÜĞME;12 mm ;19;?;?;;;;;;
;"270/012;212;617";RİVET;12 mm ;19;?;?;;;;;;
;"270/012;212;617";ÇAKMA DÜĞME;17 mm ;27;?;?;;;;;;
;"271/917;923
;920;914";ÜSTTEN DİKME DÜĞME;14 mm / 17 mm / 20 mm / 23 mm ;22 Boy / 27 Boy / 32 Boy / 37 Boy ;?;?;;;;;;
;272/014;ALTTAN DİKME DÜĞME;14 mm ;22;?;?;;;;;;
;273/012;ALTTAN DİKME DÜĞME;12 mm ;19;?;?;;;;;;
;"274/014;214
;022;222;215-T";RİVET;14 mm / 15T mm / 22 mm ;22 Boy / 24 Boy / 35 Boy ;?;?;;;;;;
;"274/014;214
;022;222;215-T";ALTTAN DİKME DÜĞME;14 mm / 22 mm ;22 Boy / 35 Boy ;?;?;;;;;;
;275/217;RİVET;17 mm ;27;?;?;;;;;;
;"276/010;210";RİVET;10 mm ;16;?;?;;;;;;
;"276/010;210";ALTTAN DİKME DÜĞME;10 mm ;16;?;?;;;;;;
;277/915;ÜSTTEN DİKME DÜĞME;15 mm;24;?;?;;;;;;
YOK;"278;012";?;12 mm;19;?;?;;;;;;
;"279/209;214
;212,620;210";RİVET;09 mm / 10 mm / 12 mm / 14 mm;14 Boy / 16 Boy / 19 Boy / 22 Boy ;?;?;;;;;;
;"279/209;214
;212,620;210";ÇAKMA DÜĞME;20 mm ;32;?;?;;;;;;
;"280/212;620";RİVET;12 mm ;19;?;?;;;;;;
;"280/212;620";ÇAKMA DÜĞME;20 mm ;32;?;?;;;;;;
;281/115;RİVET;15  mm ;24;?;?;;;;;;
;"282/212;620;212-T;012";RİVET;12 mm / 12T mm ;19 Boy / 19 Boy ;?;?;;;;;;
;"282/212;620;212-T;012";ÇAKMA DÜĞME;20 mm ;32;?;?;;;;;;
;"282/212;620;212-T;012";ALTTAN DİKME DÜĞME;12 mm ;19;?;?;;;;;;
;283/217;RİVET;17 mm ;27;?;?;;;;;;
;"284/212;620";RİVET;12 mm ;19;?;?;;;;;;
;"284/212;620";ÇAKMA DÜĞME;20 mm ;32;?;?;;;;;;
;"285/617;216";RİVET;16 mm ;26;?;?;;;;;;
;"285/617;216";ÇAKMA DÜĞME;17 mm ;27;?;?;;;;;;
;286/212;RİVET;12 mm ;19;?;?;;;;;;
YOK;"287/620;212;220";RİVET;12 mm / 20 mm ;19 Boy / 32 Boy ;?;?;;;;;;
YOK;"287/620;212;220";ÇAKMA DÜĞME;20 mm ;32;?;?;;;;;;
;"288/620;212";RİVET;12 mm ;19;?;?;;;;;;
;"288/620;212";ÇAKMA DÜĞME;20 mm ;32;?;?;;;;;;
;"289/210;617";RİVET;10 mm ;16;?;?;;;;;;
;"289/210;617";ÇAKMA DÜĞME;17 mm ;27;?;?;;;;;;
;"290/625;215";RİVET;15 mm ;24;?;?;;;;;;
;"290/625;215";ÇAKMA DÜĞME;25 mm ;40;?;?;;;;;;
;"291/;540";?;?;;?;?;;;;;;
;"292/210;617;117";RİVET;10 mm / 17 mm ;16 Boy / 27 Boy ;?;?;;;;;;
;"292/210;617;117";ÇAKMA DÜĞME;17 mm ;27;?;?;;;;;;
YOK;293/ ;?;?;YOK;?;?;;;;;;
;"294/;712";ÇIT ÇIT;12 mm ;19;?;?;;;;;;
;"295/217;223;220";RİVET;17 mm / 20 mm / 23 mm ;27 Boy / 32 Boy / 37 Boy ;?;?;;;;;;
;"296/221-T ;221-4 TAS;
221-5 TAS";RİVET;21T mm / 21-4T  mm / 21-5T mm ;34;?;?;;;;;;
;"297/216;625";RİVET;16 mm ;26;?;?;;;;;;
;"297/216;625";ÇAKMA DÜĞME;25 mm ;40;?;?;;;;;;
;298/ 212;RİVET;12 mm ;19;?;?;;;;;;
;299/ 938,925;ÜSTTEN DİKME DÜĞME;25 mm / 38 mm ;40 Boy / 61 Boy ;?;?;;;;;;
;"300/ 938;928";ÜSTTEN DİKME DÜĞME;28 mm / 38 mm ;45 Boy / 61 Boy ;?;?;;;;;;
;"301/028;023
;025;015";ALTTAN DİKME DÜĞME;15 mm / 23 mm / 25 mm / 28 mm ;24 Boy / 37 Boy / 40 Boy / 45 Boy ;?;?;;;;;;
;"302,/025;020";ALTTAN DİKME DÜĞME;20 mm / 25 mm ;32 Boy / 40 Boy ;?;?;;;;;;
;"303/028;017;033;022;";ALTTAN DİKME DÜĞME;17 mm / 22 mm / 28 mm / 33 mm ;27 Boy / 35 Boy / 45 Boy / 53 Boy ;?;?;;;;;;
;"304/814;215";RİVET;15 mm ;24;?;?;;;;;;
;"304/814;215";SALLANTI;14 mm ;22;?;?;;;;;;
;"305/214;620
;625;714;622";RİVET;14 mm ;22;?;?;;;;;;
;"305/214;620
;625;714;622";ÇAKMA DÜĞME;20 mm / 22 mm / 25 mm ;32 Boy / 35 Boy / 40 Boy ;?;?;;;;;;
;"305/214;620
;625;714;622";ÇIT ÇIT;14 mm ;22;?;?;;;;;;
;"306/215;215-T";RİVET;15 mm / 15T mm ;24;?;?;;;;;;
;"307/818;";SALLANTI;18 mm ;29;?;?;;;;;;
;308/812;SALLANTI;12 mm ;19;?;?;;;;;;
;309/819;SALLANTI;19 mm;30;?;?;;;;;;
;"310/017;022,015";ALTTAN DİKME DÜĞME;15 mm / 17 mm / 22 mm ;24 Boy / 27 Boy / 35 Boy ;?;?;;;;;;
;"311/517;520
;525;530; 
";?;?;;?;?;;;;;;
;"312/220;224";RİVET;20 mm / 24 mm ;32 Boy / 38 Boy ;?;?;;;;;;
;"313/220;224";RİVET;20 mm / 24 mm ;32 Boy / 38 Boy ;?;?;;;;;;
;"314/220;224";RİVET;20 mm / 24 mm ;32 Boy / 38 Boy ;?;?;;;;;;
;"315/214;620";RİVET;14 mm ;22;?;?;;;;;;
;"315/214;620";ÇAKMA DÜĞME;20 mm ;32;?;?;;;;;;
;316/ 822;SALLANTI;22 mm ;35;?;?;;;;;;
;"317/ 215;620 ";RİVET;15 mm ;24;?;?;;;;;;
;"317/ 215;620 ";ÇAKMA DÜĞME;20 mm ;32;?;?;;;;;;
;318/ 865;SALLANTI;65 mm ;104;?;?;;;;;;
;"319/ 022 ;014;018";ALTTAN DİKME DÜĞME;14 mm / 18 mm / 22 mm ;22 Boy / 29 Boy / 35 Boy ;?;?;;;;;;
;320/ 224 X 12;RİVET;24x12 mm ;19;?;?;;;;;;
;321/ 218 X 15;RİVET;18x15 mm ;29;?;?;;;;;;
;"322/ 215 ;620";RİVET;15 mm ;24;?;?;;;;;;
;"322/ 215 ;620";ÇAKMA DÜĞME;20 mm ;32;?;?;;;;;;
;323/012;TOKA;12 mm ;19;?;?;;;;;;
;"324 / 219  ;224";RİVET;19 mm / 24 mm ;30 Boy / 38 Boy ;?;?;;;;;;
;325/824;SALLANTI;24 mm ;38;?;?;;;;;;
;326/218 x 17;RİVET;18x17 mm ;29;?;?;;;;;;
;"327/224 ;829";RİVET;24 mm ;38;?;?;;;;;;
;"327/224 ;829";SALLANTI;29 mm ;46;?;?;;;;;;
;328 /023  ;TOKA;23 mm ;37;?;?;;;;;;
;"329 / 224 x 10(10 içcap)
;224 x12";RİVET;24x10 mm / 24x12 mm;16 Boy / 19 Boy ;?;?;;;;;;
;330/215 x29 ;RİVET;15x29 mm ;24;?;?;;;;;;
;331/014 ;TOKA;14 mm ;22;?;?;;;;;;
;332 /023;ALTTAN DİKME DÜĞME;23 mm ;37;?;?;;;;;;
;"333/224x12-d 
(delikli)";RİVET;24x12D mm ;38;?;?;;;;;;
;"334/826 
 ( zmk0058)";SALLANTI;26 mm ;42;?;?;;;;;;
;"335/ 224 ;829
 ";RİVET;24 mm ;38;?;?;;;;;;
;"335/ 224 ;829
 ";SALLANTI;29 mm ;46;?;?;;;;;;
;"336/928
İNGİLTERE";ÜSTTEN DİKME DÜĞME;28 mm ;45;?;?;;;;;;
;"337/224 ;829
";RİVET;24 mm ;38;?;?;;;;;;
;"337/224 ;829
";SALLANTI;29 mm ;46;?;?;;;;;;
;"338/217 ;217-T
211; 211-T
208 ";RİVET;08 mm / 11 mm / 11T mm / 17 mm / 17T mm ;13 Boy / 18 Boy / 27 Boy ;?;?;;;;;;
;"339/222;";RİVET;22 mm;35;?;?;;;;;;
;340/012;TOKA;12 mm ;19;?;?;;;;;;
;"341/225 ; 825;620";RİVET;25 mm ;40;?;?;;;;;;
;"341/225 ; 825;620";SALLANTI;25 mm ;40;?;?;;;;;;
;"341/225 ; 825;620";ÇAKMA DÜĞME;20 mm ;32;?;?;;;;;;
;"342/620 ; 214;214-M";RİVET;14 mm / 14M mm ;22;?;?;;;;;;
;"342/620 ; 214;214-M";ÇAKMA DÜĞME;20 mm ;32;?;?;;;;;;
;"343/220 ;214";RİVET;14 mm / 20 mm ;22 Boy / 32 Boy ;?;?;;;;;;
;344/017;ALTTAN DİKME DÜĞME;17 mm ;27;?;?;;;;;;
;"345/120 ;217;220
";RİVET;17 mm / 20 mm ;27 Boy / 32 Boy ;?;?;;;;;;
;"346/224 ;829";RİVET;24 mm ;38;?;?;;;;;;
;"346/224 ;829";SALLANTI;29 mm ;46;?;?;;;;;;
;347/620;ÇAKMA DÜĞME;20 mm ;32;?;?;;;;;;
;"348/224 ;829";RİVET;24 mm ;38;?;?;;;;;;
;"348/224 ;829";SALLANTI;29 mm ;46;?;?;;;;;;
;"349/224 ;829";RİVET;24 mm ;38;?;?;;;;;;
;"349/224 ;829";SALLANTI;29 mm ;46;?;?;;;;;;
;"350/217;620";RİVET;17 mm ;27 Boy  ;?;?;;;;;;
;"350/217;620";ÇAKMA DÜĞME;20 mm ;32;?;?;;;;;;
;351/217;RİVET;17 mm ;27;;;;;;;;
;352/218;RİVET;18 mm ;29;;;;;;;;
;"353/224-K; 823-A";RİVET;24K mm ;38;;;;;;;;
;"353/224-K; 823-A";SALLANTI;23A mm ;37;?;?;;;;;;
;"354/220;215";RİVET;15 mm / 20 mm ;24 Boy / 32 Boy ;?;?;;;;;;
;"355/ 037;030";TOKA;30 mm / 37 mm ;48 Boy / 59 Boy ;?;?;;;;;;
;"356/025;225";TOKA;25 mm ;40;?;?;;;;;;
;"356/025;225";RİVET;25 mm ;40;?;?;;;;;;
;"357/620; 617;622;212";RİVET;12 mm ;19;?;?;;;;;;
;"357/620; 617;622;212";ÇAKMA DÜĞME;17 mm / 20 mm / 22 mm ;27 Boy / 32 Boy / 35 Boy ;?;?;;;;;;
;"358/017;";TOKA;17 mm ;27;?;?;;;;;;
;"359/846;214";RİVET;14 mm ;22;?;?;;;;;;
;"359/846;214";SALLANTI;46 mm ;74;?;?;;;;;;
;360/230;RİVET;30 mm ;48;?;?;;;;;;
;361/041;TOKA;14 mm ;22;?;?;;;;;;
;362/230;RİVET;30 mm ;48;?;?;;;;;;
;363/020  ;TOKA;20 mm ;32;?;?;;;;;;
;364/215;RİVET;15 mm ;24;?;?;;;;;;
;"365/208-ss28  ; 210-ss34";RİVET;08-28SS mm / 10-34SS mm ;13 Boy / 16 Boy ;?;?;;;;;;
;"366/138;130;123";RİVET;23 mm / 30 mm / 38 mm ;37 Boy / 48 Boy / 61 Boy ;?;?;;;;;;
;367/220;RİVET;20 mm ;32;?;?;;;;;;
;"368/818 ;218";SALLANTI;18 mm ;29;?;?;;;;;;
;"368/818 ;218";RİVET;18 mm ;29;?;?;;;;;;
;369/030;TOKA;30 mm ;48;?;?;;;;;;
;"370/218 ;";RİVET;18 mm ;29;?;?;;;;;;
;"371/210;212;214";RİVET;10 mm / 12 mm / 14 mm ;16 Boy / 19 Boy / 22 Boy ;?;?;;;;;;
;"372/210;212";RİVET;10 mm / 12 mm ;16 Boy / 19 Boy ;?;?;;;;;;
;373/211;RİVET;11 mm ;18;?;?;;;;;;
;374/218;RİVET;18 mm ;29;?;?;;;;;;
;375/827;SALLANTI;27 mm ;43;?;?;;;;;;
;376/826;SALLANTI;26 mm ;42;?;?;;;;;;
;377/140 ;RİVET;40 mm ;64;?;?;;;;;;
;378/216;RİVET;16 mm ;26;?;?;;;;;;
;379/840;SALLANTI;40 mm ;64;?;?;;;;;;
;380/840;SALLANTI;40 mm ;64;?;?;;;;;;
;381/840;SALLANTI;40 mm ;64;?;?;;;;;;
;"382/834 -M;850-P,834
TEKLİ";SALLANTI;34 mm / 34M mm / 50P mm;54 Boy / 54 Boy / 80 Boy ;?;?;;;;;;
;383 / 023;ALTTAN DİKME DÜĞME;23 mm ;37;?;?;;;;;;
;384 /025;ALTTAN DİKME DÜĞME;25 mm ;40;?;?;;;;;;
;385/619  ;ÇAKMA DÜĞME;19 mm ;30;?;?;;;;;;
;386 /938;ÜSTTEN DİKME DÜĞME;38 mm ;61;?;?;;;;;;
;"387/220;228;
216_220_PARÇASI";RİVET;20 mm / 28 mm;32 Boy / 45 Boy ;?;?;;;;;;
;388/224;RİVET;24 mm ;38;?;?;;;;;;
;"389/028;018";ALTTAN DİKME DÜĞME;18 mm / 28 mm ;29 Boy / 45 Boy ;?;?;;;;;;
;"390/020;025;030,027.5 
( STANDART ALT )";ALTTAN DİKME DÜĞME;20 mm / 25 mm / 28 mm / 30 mm ;32 Boy / 40 Boy / 45 Boy / 48 Boy ;?;?;;;;;;
;391/028;ALTTAN DİKME DÜĞME;28 mm ;45;?;?;;;;;;
;392/923;ÜSTTEN DİKME DÜĞME;23 mm ;37;?;?;;;;;;
;393/224;RİVET;24 mm ;38;?;?;;;;;;
;"394 /025;023";ALTTAN DİKME DÜĞME;23 mm / 25 mm ;37 Boy / 40 Boy ;?;?;;;;;;
;395/214;RİVET;14 mm ;22;?;?;;;;;;
;"396/210 ;212/008";RİVET;10 mm / 12 mm;16 Boy / 19 Boy ;?;?;;;;;;
;"396/210 ;212/008";ALTTAN DİKME DÜĞME;08 mm ;13;?;?;;;;;;
;397 / 210  ;RİVET;10 mm ;16;?;?;;;;;;
;398/125;RİVET;25 mm ;40;?;?;;;;;;
;399/923;ÜSTTEN DİKME DÜĞME;23 mm ;37;?;?;;;;;;
;400/020 ;TOKA;20 mm ;32;?;?;;;;;;
;401/050;TOKA;50 mm ;80;?;?;;;;;;
;"402/623;215";ÇAKMA DÜĞME;23 mm;37;?;?;;;;;;
;"402/623;215";RİVET;15 mm;24;?;?;;;;;;
;"403 /819 ; 835";SALLANTI;19 mm / 35 mm ;30 Boy / 56 Boy ;?;?;;;;;;
;404 /215;RİVET;15 mm ;24;?;?;;;;;;
;405/228;RİVET;28 mm ;45;?;?;;;;;;
;406/618;ÇAKMA DÜĞME;18 mm ;29;?;?;;;;;;
;"407/111;111-K";RİVET;11 mm / 11K mm ;18;?;?;;;;;;
;"408/715;620";ÇAKMA DÜĞME;20 mm ;32;?;?;;;;;;
;"408/715;620";ÇIT ÇIT;15 mm ;24;?;?;;;;;;
;"409/209;212";RİVET;09 mm / 12 mm ;14 Boy / 19 Boy ;?;?;;;;;;
;410 /925;ÜSTTEN DİKME DÜĞME;25 mm ;40;?;?;;;;;;
;411/037;TOKA;37 mm ;59;?;?;;;;;;
;412/040;TOKA;40 mm ;64;?;?;;;;;;
;413/013;TOKA;13 mm ;21;?;?;;;;;;
;"414/109;707;208";RİVET;08 mm / 09 mm ;13 Boy / 14 Boy ;?;?;;;;;;
;"414/109;707;208";ÇIT ÇIT;07 mm ;11;?;?;;;;;;
;415/011;?;11 mm ;18;?;?;;;;;;
;416/015;TOKA;15 mm ;24;?;?;;;;;;
;417/011;TOKA;11 mm ;18;?;?;;;;;;
;418/042;TOKA;42 mm ;67;?;?;;;;;;
;419 / 038;TOKA;38 mm ;61;?;?;;;;;;
;420 / 038;TOKA;38 mm ;61;?;?;;;;;;
;421/018;TOKA;18 mm ;29;?;?;;;;;;
;422 / 035;TOKA;35 mm ;56;?;?;;;;;;
;423 / 159;RİVET;59 mm ;94;?;?;;;;;;
;424 /  207;RİVET;07 mm ;11;?;?;;;;;;
;425 /060;TOKA;60 mm ;96;?;?;;;;;;
;426/195  ;RİVET;95 mm ;152;?;?;;;;;;
;427/ 214;RİVET;14 mm ;22;?;?;;;;;;
;"428  / 018 ;014";TOKA;14 mm / 18 mm ;22 Boy / 29 Boy ;?;?;;;;;;
;429/ 015;TOKA;15 mm ;24;?;?;;;;;;
;"430/020;016";TOKA;16 mm / 20 mm ;26 Boy / 32 Boy ;?;?;;;;;;
;431/ 025;TOKA;25 mm ;40;?;?;;;;;;
;"432/016;035";TOKA;16 mm / 35 mm ;26 Boy / 56 Boy ;?;?;;;;;;
;433/ 019;TOKA;19 mm ;30;?;?;;;;;;
;434/108;RİVET;08 mm ;13;?;?;;;;;;
;"435/025 ;030;035";TOKA;25 mm / 30 mm / 35 mm ;40 Boy / 48 Boy / 56 Boy ;?;?;;;;;;
;436/108  ;RİVET;08 mm ;13;?;?;;;;;;
;437/840;SALLANTI;40 mm ;64;?;?;;;;;;
;438/225;RİVET;25 mm ;40;?;?;;;;;;
;"439/923;928 (İNGİLTERE)";ÜSTTEN DİKME DÜĞME;23 mm / 28 mm ;37 Boy / 45 Boy ;?;?;;;;;;
;"440/216;210;620";RİVET;10 mm / 16 mm ;16 Boy / 26 Boy ;?;?;;;;;;
;"440/216;210;620";ÇAKMA DÜĞME;20 mm ;32;?;?;;;;;;
;441/220;RİVET;20 mm ;32;?;?;;;;;;
;442/230;RİVET;30 mm ;48;?;?;;;;;;
;443/041;TOKA;41 mm ;66;?;?;;;;;;
;444/214;RİVET;14 mm ;22;?;?;;;;;;
;445/212;RİVET;12 mm ;19;?;?;;;;;;
;"446/212;210";RİVET;10 mm / 12 mm ;16 Boy / 19 Boy ;?;?;;;;;;
;447/215;RİVET;15 mm ;24;?;?;;;;;;
;448/213;RİVET;13 mm ;21;?;?;;;;;;
;"449/835;214";SALLANTI;35 mm ;56;?;?;;;;;;
;"449/835;214";RİVET;14 mm ;22;?;?;;;;;;
;450/213;RİVET;13 mm ;21;?;?;;;;;;
;"451 / 213;210";RİVET;10 mm / 13 mm ;16 Boy / 21 Boy ;?;?;;;;;;
;"452 /212  ;210";RİVET;10 mm / 12 mm ;16 Boy / 19 Boy ;?;?;;;;;;
;"453/212;620";RİVET;12 mm ;19;?;?;;;;;;
;"453/212;620";ÇAKMA DÜĞME;20 mm ;32;?;?;;;;;;
;454/212 ;RİVET;12 mm ;19;?;?;;;;;;
;455/212;RİVET;12 mm ;19;?;?;;;;;;
;456/212;RİVET;12 mm ;19;?;?;;;;;;
;"457/105;108";RİVET;05 mm / 08 mm ;8 Boy / 13 Boy ;?;?;;;;;;
;458/212;RİVET;12 mm ;19;?;?;;;;;;
;459/019;TOKA;19 mm ;30;?;?;;;;;;
;460/220;RİVET;20 mm ;32;?;?;;;;;;
;461/218;RİVET;18 mm ;29;?;?;;;;;;
;462/215;RİVET;15 mm ;24;?;?;;;;;;
;463/215;RİVET;15 mm ;24;?;?;;;;;;
;464/213;RİVET;13 mm ;21;?;?;;;;;;
;465/840;SALLANTI;40 mm ;64;?;?;;;;;;
;466/120;RİVET;20 mm ;32;?;?;;;;;;
;467/212;RİVET;12 mm ;19;?;?;;;;;;
;468/219;RİVET;19 mm ;30;?;?;;;;;;
;469/210;RİVET;10 mm ;16;?;?;;;;;;
;470/912;ÜSTTEN DİKME DÜĞME;12 mm ;19;?;?;;;;;;
;471/223;RİVET;23 mm ;37;?;?;;;;;;
;472/010;TOKA;10 mm ;16;?;?;;;;;;
;473/011;TOKA;11 mm ;18;?;?;;;;;;
;"474/008;009;011";TOKA;08 mm / 09 mm / 11 mm ;13 Boy / 14 Boy / 18 Boy ;?;?;;;;;;
;"475/010;012;018,020";TOKA;10 mm / 12 mm / 18 mm / 20 mm ;16 Boy / 19 Boy / 29 Boy / 32 Boy ;?;?;;;;;;
;476/016;TOKA;16 mm ;26;?;?;;;;;;
YOK;477/622;ÇAKMA DÜĞME;22 mm ;35;?;?;;;;;;
;478/012;ALTTAN DİKME DÜĞME;12 mm ;19;?;?;;;;;;
;"481/ 210;212";RİVET;10 mm / 12 mm ;16 Boy / 19 Boy ;?;?;;;;;;
;"482/210; 214";RİVET;10 mm / 14 mm ;16 Boy / 22 Boy ;?;?;;;;;;
;483/212;RİVET;12 mm ;19;?;?;;;;;;
;"484/210;620";RİVET;10 mm ;16;?;?;;;;;;
;"484/210;620";ÇAKMA DÜĞME;20 mm ;32;?;?;;;;;;
;485/212;RİVET;12 mm ;19;?;?;;;;;;
;"486/210;214;620";RİVET;10 mm / 14 mm ;16 Boy / 22 Boy ;?;?;;;;;;
;"486/210;214;620";ÇAKMA DÜĞME;20 mm ;32;?;?;;;;;;
;487/820;SALLANTI;20 mm ;32;?;?;;;;;;
;488/823;SALLANTI;23 mm ;37;?;?;;;;;;
;489/216;RİVET;16 mm ;26;?;?;;;;;;
;"490/210;214;620";RİVET;10 mm / 14 mm ;16 Boy / 22 Boy ;?;?;;;;;;
;"490/210;214;620";ÇAKMA DÜĞME;20 mm ;32;?;?;;;;;;
;491/212;RİVET;12 mm ;19;?;?;;;;;;
;492/214;RİVET;14 mm ;22;?;?;;;;;;
;493/215;RİVET;15 mm ;24;?;?;;;;;;
;494/214;RİVET;14 mm ;22;?;?;;;;;;
;495/212;RİVET;12 mm ;19;?;?;;;;;;
;496/212;RİVET;12 mm;19;?;?;;;;;;
;497/212;RİVET;12 mm;19;?;?;;;;;;
;498/212;RİVET;12 mm;19;?;?;;;;;;
;499/213;RİVET;13 mm ;21;?;?;;;;;;
;"500/010;012";TOKA;10 mm / 12 mm ;16 Boy / 19 Boy ;?;?;;;;;;
;501/212;RİVET;12 mm ;19;?;?;;;;;;
;502/817;SALLANTI;17 mm ;27;?;?;;;;;;
;503/820;SALLANTI;20 mm ;32;?;?;;;;;;
;504/212;RİVET;12 mm ;19;?;?;;;;;;
;505/215;RİVET;15 mm ;24;?;?;;;;;;
;506/214;RİVET;14 mm ;22;?;?;;;;;;
;507/212;RİVET;12 mm ;19;?;?;;;;;;
;508/824;SALLANTI;24 mm ;38;?;?;;;;;;
;509/218;RİVET;18 mm ;29;?;?;;;;;;
;510/214;RİVET;14 mm ;22;?;?;;;;;;
;"511/210;214;620";RİVET;10 mm / 14 mm ;16 Boy / 22 Boy ;?;?;;;;;;
;"511/210;214;620";ÇAKMA DÜĞME;20 mm ;32;?;?;;;;;;
;"512/210;214;620";RİVET;10 mm / 14 mm ;16 Boy / 22 Boy ;?;?;;;;;;
;"512/210;214;620";ÇAKMA DÜĞME;20 mm ;32;?;?;;;;;;
;513/212;RİVET;12 mm ;19;?;?;;;;;;
;"514/210;810";RİVET;10 mm ;16;?;?;;;;;;
;"514/210;810";SALLANTI;10 mm ;16;?;?;;;;;;
;"515/210;214;620";RİVET;10 mm / 14 mm ;16 Boy / 22 Boy ;?;?;;;;;;
;"515/210;214;620";ÇAKMA DÜĞME;20 mm ;32;?;?;;;;;;
;"516/210;214;620";RİVET;10 mm / 14 mm ;16 Boy / 22 Boy ;?;?;;;;;;
;"516/210;214;620";ÇAKMA DÜĞME;20 mm ;32;?;?;;;;;;
;517/214;RİVET;14 mm ;22;?;?;;;;;;
;518/214;RİVET;14 mm ;22;?;?;;;;;;
;519/214;RİVET;14 mm ;22;?;?;;;;;;
;"520/214;620";RİVET;14 mm ;22;?;?;;;;;;
;"520/214;620";ÇAKMA DÜĞME;20 mm ;32;?;?;;;;;;
;521/214;RİVET;14 mm ;22;?;?;;;;;;
;522/830;SALLANTI;30 mm ;48;?;?;;;;;;
;523/214;RİVET;14 mm ;22;?;?;;;;;;
;524/214;RİVET;14 mm ;22;?;?;;;;;;
;525/830;SALLANTI;30 mm ;48;?;?;;;;;;
;526/214;RİVET;14 mm ;22;?;?;;;;;;
;527/ 040;TOKA;40 mm ;64;?;?;;;;;;
;528/118;RİVET;18 mm ;29;?;?;;;;;;
;"529/020;025";TOKA;20 mm / 25 mm ;32 Boy / 40 Boy ;?;?;;;;;;
;530/215;RİVET;15 mm ;24;?;?;;;;;;
;"531/215;620";RİVET;15 mm ;24;?;?;;;;;;
;"531/215;620";ÇAKMA DÜĞME;20 mm ;32;?;?;;;;;;
;532/215;RİVET;15 mm ;24;?;?;;;;;;
;"533/124;124;D";RİVET;124 mm / 124D mm ;198;?;?;;;;;;
;"534 / 723 ; 711";ÇIT ÇIT;11 mm / 23 mm ;18 Boy / 37 Boy ;?;?;;;;;;
;"535 / 025;030";TOKA;25 mm / 30 mm ;40 Boy / 48 Boy ;?;?;;;;;;
;536_012_015;TOKA;12 mm / 15 mm ;19 Boy / 24 Boy ;?;?;;;;;;
;537/015_025;TOKA;15 mm / 25 mm ;24 Boy / 40 Boy ;?;?;;;;;;
;"538/030;040;050;020;025";TOKA;20 mm / 25 mm / 30 mm / 40 mm / 50 mm ;32 Boy / 40 Boy / 48 Boy / 64 Boy / 80 Boy ;?;?;;;;;;
;539/012;TOKA;12 mm ;19;?;?;;;;;;
;540  / 012 ;TOKA;12 mm ;19;?;?;;;;;;
;541 / 038;TOKA;38 mm ;61;?;?;;;;;;
;542/015,012;TOKA;12 mm / 15 mm ;19 Boy / 24 Boy ;?;?;;;;;;
;"543/012;015";TOKA;12 mm / 15 mm ;19 Boy / 24 Boy ;?;?;;;;;;
;"544/108;110";RİVET;08 mm / 10 mm ;13 Boy / 16 Boy ;?;?;;;;;;
;545/023;ALTTAN DİKME DÜĞME;23 mm ;37;?;?;;;;;;
;546/828;SALLANTI;28 mm ;45;?;?;;;;;;
;547/020;TOKA;20 mm ;32;?;?;;;;;;
;"548/020;014";TOKA;14 mm / 20 mm ;22 Boy / 32 Boy ;?;?;;;;;;
;"549/215;620";RİVET;15 mm ;24;?;?;;;;;;
;"549/215;620";ÇAKMA DÜĞME;20 mm ;32;?;?;;;;;;
;550/210;RİVET;10 mm ;16;?;?;;;;;;
;"551/010;013";TOKA;10 mm / 13 mm ;16 Boy / 21 Boy ;?;?;;;;;;
;"552/012 ;010;008;018";TOKA;08 mm / 10 mm / 12 mm / 18 mm ;13 Boy / 16 Boy / 19 Boy / 29 Boy ;?;?;;;;;;
;"553/015;012";TOKA;12 mm / 15 mm ;19 Boy / 24 Boy ;?;?;;;;;;
;"554/060_ÜST;060-ALT";TOKA;60 mm;96;?;?;;;;;;
;"555/060;";TOKA;60 mm ;96;?;?;;;;;;
;556/020;TOKA;20 mm ;32;?;?;;;;;;
;557/040;TOKA;40 mm ;64;?;?;;;;;;
;558/840;SALLANTI;40 mm ;64;?;?;;;;;;
;"559/212;620";RİVET;12 mm ;19;?;?;;;;;;
;"559/212;620";ÇAKMA DÜĞME;20 mm ;32;?;?;;;;;;
;"560/212;620";RİVET;12 mm ;19;?;?;;;;;;
;"560/212;620";ÇAKMA DÜĞME;20 mm ;32;?;?;;;;;;
;"561/212;620";RİVET;12 mm ;19;?;?;;;;;;
;"561/212;620";ÇAKMA DÜĞME;20 mm ;32;?;?;;;;;;
;"562/210;620";RİVET;10 mm ;16;?;?;;;;;;
;"562/210;620";ÇAKMA DÜĞME;20 mm;32;?;?;;;;;;
;563/210;RİVET;10 mm ;16;?;?;;;;;;
;564/210;RİVET;10 mm ;16;?;?;;;;;;
;565/210;RİVET;10 mm ;16;?;?;;;;;;
;"566/210;620";RİVET;10 mm ;16;?;?;;;;;;
;"566/210;620";ÇAKMA DÜĞME;20 mm ;32;?;?;;;;;;
;"567/210;620";RİVET;10 mm ;16;?;?;;;;;;
;"567/210;620";ÇAKMA DÜĞME;20 mm ;32;?;?;;;;;;
;568/212;RİVET;12 mm ;19;?;?;;;;;;
;569/210/220;RİVET;10 mm / 20 mm;16 Boy / 32 Boy ;?;?;;;;;;
;"570/210;110";RİVET;10 mm ;16;?;?;;;;;;
;"571/210;620";RİVET;10 mm ;16;?;?;;;;;;
;"571/210;620";ÇAKMA DÜĞME;20 mm ;32;?;?;;;;;;
;572/050-050(3.45);TOKA;50 mm ;80;?;?;;;;;;
;573/051-051-ALT;TOKA;51 mm ;82;?;?;;;;;;
;574/035;TOKA;35 mm ;56;?;?;;;;;;
;"575/212;620";RİVET;12 mm ;19;?;?;;;;;;
;"575/212;620";ÇAKMA DÜĞME;20 mm ;32;?;?;;;;;;
;576/212;RİVET;12 mm ;19;?;?;;;;;;
;577/210;RİVET;10 mm ;16;?;?;;;;;;
;578/212;RİVET;12 mm ;19;?;?;;;;;;
;579/210;RİVET;10 mm ;16;?;?;;;;;;
;580/212;RİVET;12 mm ;19;?;?;;;;;;
;581/212;RİVET;12 mm ;19;?;?;;;;;;
;"582/212;620";RİVET;12 mm ;19;?;?;;;;;;
;"582/212;620";ÇAKMA DÜĞME;20 mm ;32;?;?;;;;;;
;583/212;RİVET;12 mm ;19;?;?;;;;;;
;584/212;RİVET;12 mm;19;?;?;;;;;;
;585 / 928;ÜSTTEN DİKME DÜĞME;28 mm ;45;?;?;;;;;;
;"586/620;212";RİVET;12 mm ;19;?;?;;;;;;
;"586/620;212";ÇAKMA DÜĞME;20 mm ;32;?;?;;;;;;
;587/106;RİVET;06 mm ;10;?;?;;;;;;
;588/016 KOL DÜGMESİ;ALTTAN DİKME DÜĞME;16 mm ;26;?;?;;;;;;
;"589/026;126";TOKA;26 mm ;42;?;?;;;;;;
;"589/026;126";RİVET;26 mm ;42;?;?;;;;;;
;590/018 KOL DÜGMESİ;ALTTAN DİKME DÜĞME;18 mm ;29;?;?;;;;;;
;"591/210;215";RİVET;10 mm / 15 mm ;16 Boy / 24 Boy ;?;?;;;;;;
;592/057;TOKA;57 mm ;91;?;?;;;;;;
;593/215;RİVET;15 mm ;24;?;?;;;;;;
;594/012;ALTTAN DİKME DÜĞME;12 mm ;19;?;?;;;;;;
;595/720;ÇIT ÇIT;20 mm ;32;?;?;;;;;;
;596/215;RİVET;15 mm ;24;?;?;;;;;;
;597/040;TOKA;40 mm ;64;?;?;;;;;;
;598/212;RİVET;12 mm ;19;?;?;;;;;;
;599/210;RİVET;10 mm ;16;?;?;;;;;;
;600/210;RİVET;10 mm ;16;?;?;;;;;;
;601/210;RİVET;10 mm;16;?;?;;;;;;
;602/010;ALTTAN DİKME DÜĞME;10 mm;16;?;?;;;;;;
;"603/210;620";RİVET;10 mm ;16;?;?;;;;;;
;"603/210;620";ÇAKMA DÜĞME;20 mm ;32;?;?;;;;;;
;604/027;TOKA;27 mm ;43;?;?;;;;;;
;605/210;RİVET;10 mm ;16;?;?;;;;;;
;606/210;RİVET;10 mm ;16;?;?;;;;;;
;"607/208;213;215;210";RİVET;8 mm / 10 mm / 13 mm / 15 mm ;13 Boy / 16 Boy / 21 Boy / 24 Boy ;?;?;;;;;;
;608/210;RİVET;10 mm ;16;?;?;;;;;;
;609/107;RİVET;07 mm ;11;?;?;;;;;;
;610/210;RİVET;10 mm ;16;?;?;;;;;;
;611/212;RİVET;12 mm ;19;?;?;;;;;;
;612 /212;RİVET;12 mm ;19;?;?;;;;;;
;613 / 212;RİVET;12 mm ;19;?;?;;;;;;
;614/212;RİVET;12 mm ;19;?;?;;;;;;
;615/212;RİVET;12 mm ;19;?;?;;;;;;
;616/211;RİVET;11 mm ;18;?;?;;;;;;
;617/211;RİVET;11 mm ;18;?;?;;;;;;
;618/210;RİVET;10 mm ;16;?;?;;;;;;
;619/209;RİVET;09 mm ;14;?;?;;;;;;
;620/215;RİVET;15 mm ;24;?;?;;;;;;
;621/107;RİVET;07 mm ;11;?;?;;;;;;
;622/211;RİVET;11 mm ;18;?;?;;;;;;
;623/209;RİVET;09 mm ;14;?;?;;;;;;
;624/219;RİVET;19 mm ;30;?;?;;;;;;
;"625/210;620";RİVET;10 mm ;16;?;?;;;;;;
;"625/210;620";ÇAKMA DÜĞME;20 mm ;32;?;?;;;;;;
;626/213 626_013;RİVET;13 mm ;21;?;?;;;;;;
;626/213 626_013;ALTTAN DİKME DÜĞME;13 mm ;21;?;?;;;;;;
;627/214;RİVET;14 mm ;22;?;?;;;;;;
;628/214;RİVET;14 mm ;22;?;?;;;;;;
;629/209;RİVET;09 mm ;14;?;?;;;;;;
;630/212;RİVET;12 mm ;19;?;?;;;;;;
;631/211;RİVET;11 mm ;18;?;?;;;;;;
;632/213;RİVET;13 mm ;21;?;?;;;;;;
;633/207;RİVET;07 mm ;11;?;?;;;;;;
;634/208;RİVET;08 mm ;13;?;?;;;;;;
;635/925;ÜSTTEN DİKME DÜĞME;25 mm ;40;?;?;;;;;;
;"636/105;209";RİVET;09 mm ;14;?;?;;;;;;
;"637/206;209";RİVET;06 mm / 09 mm ;10 Boy / 14 Boy ;?;?;;;;;;
;"638/209;620";ÇAKMA DÜĞME;20 mm ;32;?;?;;;;;;
;"638/209;620";RİVET;09 mm ;17;?;?;;;;;;
;639/217;RİVET;17 mm ;27;?;?;;;;;;
;640/212;RİVET;12 mm ;19;?;?;;;;;;
;641/212;RİVET;12 mm ;19;?;?;;;;;;
;642/210;RİVET;10 mm ;16;?;?;;;;;;
;643/210/209;RİVET;09 mm / 10 mm ;14 Boy / 16 Boy ;?;?;;;;;;
;644/016;TOKA;16 mm ;26;?;?;;;;;;
;645/015;TOKA;15 mm ;24;?;?;;;;;;
;646/219;RİVET;19 mm ;30;?;?;;;;;;
;"647/212;210";RİVET;10 mm / 12 mm ;16 Boy / 19 Boy ;?;?;;;;;;
;648/913;ÜSTTEN DİKME DÜĞME;13 mm ;21;?;?;;;;;;
;649/050;TOKA;50 mm ;80;?;?;;;;;;
;650/023;TOKA;23 mm ;37;?;?;;;;;;
;651/618/209;ÇAKMA DÜĞME;18 mm;29;?;?;;;;;;
;651/618/209;RİVET;09 mm;14;?;?;;;;;;
;652/045;TOKA;45 mm;72;?;?;;;;;;
;653/709;ÇIT ÇIT;09 mm;14;?;?;;;;;;
;654_032;TOKA;32 mm;51;?;?;;;;;;
;655_217;RİVET;17 mm;27;?;?;;;;;;
;656_207/656_620;RİVET;07 mm;11;?;?;;;;;;
;656_207/656_620;ÇAKMA DÜĞME;20 mm;32;?;?;;;;;;
;657_208/657_620;RİVET;08 mm;13;?;?;;;;;;
;657_208/657_620;ÇAKMA DÜĞME;20 mm;32;?;?;;;;;;
;658_208/658_620;RİVET;08 mm;13;?;?;;;;;;
;658_208/658_620;ÇAKMA DÜĞME;20 mm;32;?;?;;;;;;
;659_210/659_620;RİVET;10 mm;16;?;?;;;;;;
;659_210/659_620;ÇAKMA DÜĞME;20 mm;32;?;?;;;;;;
;660_211/660_620;RİVET;11 mm;18;?;?;;;;;;
;660_211/660_620;ÇAKMA DÜĞME;20 mm;32;?;?;;;;;;
;661_210/661_620;RİVET;10 mm;16;?;?;;;;;;
;661_210/661_620;ÇAKMA DÜĞME;20 mm;32;?;?;;;;;;
;662_210/662_620;RİVET;10 mm;16;?;?;;;;;;
;662_210/662_620;ÇAKMA DÜĞME;20 mm;32 Boy  ;?;?;;;;;;
;663_020;TOKA;20 mm;32;?;?;;;;;;
;664_213;RİVET;13 mm;21;?;?;;;;;;
;665_210;RİVET;10 mm;16;?;?;;;;;;
;666_010;TOKA;10 mm;16;?;?;;;;;;
;667_015;ALTTAN DİKME DÜĞME;15 mm;24;?;?;;;;;;
;668_208;RİVET;08 mm;13;?;?;;;;;;
;669_712;ÇIT ÇIT;12 mm;19;?;?;;;;;;
;670_106;RİVET;06 mm;10;?;?;;;;;;
;671_111;RİVET;11 mm;18;?;?;;;;;;
;672_713;ÇIT ÇIT;13 mm;21;?;?;;;;;;
;673_212;RİVET;12 mm;19;?;?;;;;;;
;674_013;ALTTAN DİKME DÜĞME;13 mm;21;?;?;;;;;;
;675_210;RİVET;10 mm;16;?;?;;;;;;
;676_213;RİVET;13 mm;21;?;?;;;;;;
;678_020;TOKA;20 mm;32;?;?;;;;;;
;679_208;RİVET;08 mm;13;?;?;;;;;;
;680_212;RİVET;12 mm;19;?;?;;;;;;
;681_212;RİVET;12 mm;19;?;?;;;;;;
;682_012;TOKA;12 mm;19;?;?;;;;;;
;683_045;TOKA;45 mm;72;?;?;;;;;;
;684045;TOKA;45 mm;72;?;?;;;;;;
;685014;TOKA;14 mm;22;?;?;;;;;;
;68601822;?;18 mm / 22 mm;29 Boy / 35 Boy ;?;?;;;;;;
;687042;?;42 mm;67;?;?;;;;;;
;688056;TOKA;56 mm;90;?;?;;;;;;
;689212;RİVET;12 mm;19;?;?;;;;;;
;690212;RİVET;12 mm;19;?;?;;;;;;
;691212/620;RİVET;12 mm;19;?;?;;;;;;
;691212/620;ÇAKMA DÜĞME;20 mm;32;?;?;;;;;;
;692213;RİVET;13 mm;21;?;?;;;;;;
;693212;RİVET;12 mm;19;?;?;;;;;;
;694212/620;RİVET;12 mm;19;?;?;;;;;;
;694212/620;ÇAKMA DÜĞME;20 mm;32;?;?;;;;;;
;695_212;RİVET;12 mm;19;?;?;;;;;;
;696_211/620;RİVET;11 mm;18;?;?;;;;;;
;696_211/620;ÇAKMA DÜĞME;20 mm;32;?;?;;;;;;
;697210;RİVET;10 mm;16 Boy  ;?;?;;;;;;
;698213/208/209;RİVET;08 mm / 09 mm / 13 mm;13 Boy / 14 Boy / 21 Boy ;?;?;;;;;;
;699211;RİVET;11 mm;18 Boy  ;?;?;;;;;;
;700212;RİVET;12 mm;19 Boy  ;?;?;;;;;;
;701211;RİVET;11 mm;18 Boy  ;?;?;;;;;;
;702_212;RİVET;12 mm;19 Boy  ;?;?;;;;;;
;703212;RİVET;12 mm;19;?;?;;;;;;
;704027;?;27 mm;43;?;?;;;;;;
;705212;RİVET;12 mm;19;?;?;;;;;;
;706711;ÇIT ÇIT;11 mm;18;?;?;;;;;;
;707212;RİVET;12 mm;19;?;?;;;;;;
;708205;RİVET;05 mm;8;?;?;;;;;;
;709212;RİVET;12 mm;19;?;?;;;;;;
;710215;RİVET;15 mm;24;?;?;;;;;;
;711210;RİVET;10 mm;16;?;?;;;;;;
;712210;RİVET;10 mm;16;?;?;;;;;;
;713023;?;23 mm;37;?;?;;;;;;
;714210;RİVET;10 mm;16;?;?;;;;;;
;715010;?;10 mm;16;?;?;;;;;;
;716213;RİVET;13 mm;21;?;?;;;;;;
;717209;RİVET;09 mm;14;?;?;;;;;;
;718207;RİVET;07 mm;11;?;?;;;;;;
;719045;TOKA;45 mm;72;?;?;;;;;;
;720011;TOKA;11 mm;18;?;?;;;;;;
;721617;ÇAKMA DÜĞME;17 mm;27;?;?;;;;;;
;722046;TOKA;46 mm;74;?;?;;;;;;
;723210;RİVET;10 mm;16;?;?;;;;;;
;724218214;RİVET;14 mm / 18 mm;22 Boy / 29 Boy ;?;?;;;;;;
;725209;RİVET;09 mm;14;?;?;;;;;;
;726210;RİVET;10 mm;16;?;?;;;;;;
;727210;RİVET;10 mm;16;?;?;;;;;;
;728062;TOKA;62 mm;99;?;?;;;;;;
;729059;TOKA;59 mm;94;?;?;;;;;;
;730210;RİVET;10 mm;16;?;?;;;;;;
;731209;RİVET;09 mm;14;?;?;;;;;;
;732_210/208/620/209;RİVET;08 mm / 09 mm / 10 mm;13 Boy / 14 Boy / 16 Boy ;?;?;;;;;;
;732_210/208/620/209;ÇAKMA DÜĞME;20 mm;32;?;?;;;;;;
;733210;RİVET;10 mm;16;?;?;;;;;;
;734210;RİVET;10 mm;16;?;?;;;;;;
;735210/209;RİVET;09 mm / 10 mm;14 Boy / 16 Boy ;?;?;;;;;;
;736210;RİVET;10 mm;16;?;?;;;;;;
;737210;RİVET;10 mm;16;?;?;;;;;;
;738210;RİVET;10 mm;16;?;?;;;;;;
;739210;RİVET;10 mm;16;?;?;;;;;;
;740210;RİVET;10 mm;16;?;?;;;;;;
;741043/029;TOKA;29 mm / 43 mm;46 Boy / 69 Boy ;?;?;;;;;;
;742008/010;TOKA;08 mm/ 10 mm;13 Boy / 16 Boy ;?;?;;;;;;
;743209/620;RİVET;09 mm;14;?;?;;;;;;
;743209/620;ÇAKMA DÜĞME;20 mm;32;?;?;;;;;;
;744209;RİVET;09 mm;14;?;?;;;;;;
;745209;RİVET;09 mm;14;?;?;;;;;;
;746209;RİVET;09 mm;14;?;?;;;;;;
;747027;TOKA;27 mm;43;?;?;;;;;;
;748208;RİVET;08 mm;13;?;?;;;;;;
;749208620;RİVET;08 mm;13;?;?;;;;;;
;749208620;ÇAKMA DÜĞME;20 mm;32;?;?;;;;;;
;750206;RİVET;06 mm;10;?;?;;;;;;
;751027;TOKA;27 mm;43;?;?;;;;;;
;752031035;TOKA;31 mm / 35 mm;50 Boy / 56 Boy ;?;?;;;;;;
;753_032;TOKA;32 mm;51;?;?;;;;;;
;754210;RİVET;10 mm;16;?;?;;;;;;
;755208;RİVET;08 mm;13;?;?;;;;;;
;756208;RİVET;08 mm;13;?;?;;;;;;
;757208620;RİVET;08 mm;13;?;?;;;;;;
;757208620;ÇAKMA DÜĞME;20 mm;32;?;?;;;;;;
;758208;RİVET;08 mm;13;?;?;;;;;;
;759208;RİVET;08 mm;13;?;?;;;;;;
;760210;RİVET;10 mm;16;?;?;;;;;;
;761020;TOKA;20 mm;32;?;?;;;;;;
;762012;TOKA;12 mm;19;?;?;;;;;;
;763017212;RİVET;12 mm;19;?;?;;;;;;
;763_017/212;ALTTAN DİKME DÜĞME;17 mm;27;?;?;;;;;;
;764034;TOKA;34 mm;54;?;?;;;;;;
;765005;TOKA;05 mm;8;?;?;;;;;;
;766_020;TOKA;20 mm;32;?;?;;;;;;
;766028;TOKA;28 mm;45;?;?;;;;;;
;767020;TOKA;20 mm;32;?;?;;;;;;
;768020;TOKA;20 mm;32;?;?;;;;;;
;768028;TOKA;28 mm;45;?;?;;;;;;
;769025;TOKA;25 mm;40;?;?;;;;;;
;770025;TOKA;25 mm;40;?;?;;;;;;
;771015;TOKA;15 mm;24;?;?;;;;;;
;772010;TOKA;10 mm;16;?;?;;;;;;
;773020;TOKA;20 mm;32;?;?;;;;;;
;774020;TOKA;20 mm;32;?;?;;;;;;
;775_018;TOKA;18 mm;29;?;?;;;;;;
;776016;TOKA;16 mm;26;?;?;;;;;;
;777030;TOKA;30 mm;48;?;?;;;;;;
;778011;TOKA;11 mm;18;?;?;;;;;;
;779043;TOKA;43 mm;69;?;?;;;;;;
;780023;TOKA;23 mm;37;?;?;;;;;;
;781215212;RİVET;12 mm / 15 mm;19 Boy / 24 Boy ;?;?;;;;;;
;782212209;RİVET;09 mm / 12 mm;14 Boy / 19 Boy ;?;?;;;;;;
;783212;RİVET;12 mm;19;?;?;;;;;;
;784209;RİVET;09 mm;14;?;?;;;;;;
;785209;RİVET;09 mm;14;?;?;;;;;;
;786724;ÇIT ÇIT;24 mm;38;?;?;;;;;;
;787213;RİVET;13 mm;21;?;?;;;;;;
;788214;RİVET;14 mm;22;?;?;;;;;;
;789213;RİVET;13 mm;21;?;?;;;;;;
;790057;TOKA;57 mm;91;?;?;;;;;;
;791024;TOKA;24 mm;38;?;?;;;;;;
;792009;?;09 mm;14;?;?;;;;;;
;793209;RİVET;09 mm;14;?;?;;;;;;
;794012;?;12 mm;19;?;?;;;;;;
;794015012;?;12 mm / 15 mm;19 Boy / 24 Boy ;?;?;;;;;;
;796210;RİVET;10 mm;16;?;?;;;;;;
;797209;RİVET;09 mm;14;?;?;;;;;;
;798620210;RİVET;10 mm;16;?;?;;;;;;
;798_620/210;ÇAKMA DÜĞME;20 mm;32;?;?;;;;;;
;799013;?;13 mm;21;?;?;;;;;;
;800030;TOKA;30 mm;48;?;?;;;;;;
;801031;TOKA;31 mm;50;?;?;;;;;;
;802030;TOKA;30 mm;48;?;?;;;;;;
;803210/212A;RİVET;10 mm / 12A mm;16 Boy / 19 Boy ;?;?;;;;;;
;803208A;RİVET;08A mm;13;?;?;;;;;;
;803208B;RİVET;08B mm;13;?;?;;;;;;
;803210B;RİVET;10B mm;16;?;?;;;;;;
;803210C;RİVET;10C mm;16;?;?;;;;;;
;803210D;RİVET;10D mm;16;?;?;;;;;;
;803_208_C/212_B;RİVET;08C mm / 12B mm;13 Boy / 19 Boy ;?;?;;;;;;
;803208D;RİVET;08D mm;13;?;?;;;;;;
;803210E;RİVET;10E mm;16;?;?;;;;;;
;803212C;RİVET;12C mm;19;?;?;;;;;;
;803212D;RİVET;12D mm;19;?;?;;;;;;
;803209A;RİVET;09A mm;14;?;?;;;;;;
;803212E;RİVET;12E mm;19;?;?;;;;;;
;803212F;RİVET;12F mm;19;?;?;;;;;;
;804209;RİVET;09 mm;14;?;?;;;;;;
;805209;RİVET;09 mm;14;?;?;;;;;;
;806209;RİVET;09 mm;14;?;?;;;;;;
;807208;RİVET;08 mm;13;?;?;;;;;;
;808208;RİVET;08 mm;13;?;?;;;;;;
;809209A;RİVET;09 mm;14;?;?;;;;;;
;809209B;RİVET;09 mm;14;?;?;;;;;;
;809209C;RİVET;09 mm;14;?;?;;;;;;
;809210A;RİVET;10 mm;16;?;?;;;;;;
;809_210_B;RİVET;10 mm;16;?;?;;;;;;
;809208A;RİVET;08 mm;13;?;?;;;;;;
;809212A;RİVET;12 mm;19;?;?;;;;;;
;809210C;RİVET;10 mm;16;?;?;;;;;;
;809210D;RİVET;10 mm;16;?;?;;;;;;
;809208B;RİVET;08 mm;13;?;?;;;;;;
;809210E;RİVET;10 mm;16;?;?;;;;;;
;809212B;RİVET;12 mm;19;?;?;;;;;;
;809210F;RİVET;10 mm;16;?;?;;;;;;
;809210G;RİVET;10 mm;16;?;?;;;;;;
;809210H;RİVET;10 mm;16;?;?;;;;;;
;809210I;RİVET;10 mm;16;?;?;;;;;;
;810208620;RİVET;08 mm;13;?;?;;;;;;
;810208620;ÇAKMA DÜĞME;20 mm;32;?;?;;;;;;
;811208620;RİVET;08 mm;13;?;?;;;;;;
;811208620;ÇAKMA DÜĞME;20 mm;32;?;?;;;;;;
;812209212;RİVET;09 mm / 12 mm;14 Boy / 19 Boy ;?;?;;;;;;
;813209;RİVET;09 mm;14;?;?;;;;;;
;814208;RİVET;08 mm;13;?;?;;;;;;
;815209620;RİVET;09 mm;14;?;?;;;;;;
;815209620;ÇAKMA DÜĞME;20 mm;32;?;?;;;;;;
;816209620;RİVET;09 mm;14;?;?;;;;;;
;816209620;ÇAKMA DÜĞME;20 mm;32;?;?;;;;;;
;817209;RİVET;09 mm;14;?;?;;;;;;
;818208;RİVET;"08 mm
";13;?;?;;;;;;
;819208/212620;RİVET;08 mm / 12 mm;13 Boy / 19 Boy ;?;?;;;;;;
;819208/212/620;ÇAKMA DÜĞME;20 mm;32;?;?;;;;;;
;820208620;RİVET;08 mm;13;?;?;;;;;;
;820208620;ÇAKMA DÜĞME;20 mm;32;?;?;;;;;;
;821209620;RİVET;09 mm;14;?;?;;;;;;
;821_209/620;ÇAKMA DÜĞME;20 mm;32;?;?;;;;;;
;822209;RİVET;09 mm;14;?;?;;;;;;
;823620A;ÇAKMA DÜĞME;20 mm;32;?;?;;;;;;
;823620B;ÇAKMA DÜĞME;20 mm;32;?;?;;;;;;
;823620C;ÇAKMA DÜĞME;20 mm;32;?;?;;;;;;
;823620D;ÇAKMA DÜĞME;20 mm;32;?;?;;;;;;
;823620E;ÇAKMA DÜĞME;20 mm;32;?;?;;;;;;
;823620F;ÇAKMA DÜĞME;20 mm;32;?;?;;;;;;
;823620G;ÇAKMA DÜĞME;20 mm;32;?;?;;;;;;
;823620H;ÇAKMA DÜĞME;20 mm;32;?;?;;;;;;
;823620I;ÇAKMA DÜĞME;20 mm;32;?;?;;;;;;
;823620J;ÇAKMA DÜĞME;20 mm;32;?;?;;;;;;
;824209A;RİVET;09 mm;14;?;?;;;;;;
;824209B;RİVET;09 mm;14;?;?;;;;;;
;824210A;RİVET;10 mm;16;?;?;;;;;;
;824210B;RİVET;10 mm;16;?;?;;;;;;
;824210C;RİVET;10 mm;16;?;?;;;;;;
;824209C;RİVET;09 mm;14;?;?;;;;;;
;824212;RİVET;12 mm;19;?;?;;;;;;
;824210D;RİVET;10 mm;16;?;?;;;;;;
;824210E;RİVET;10 mm;16;?;?;;;;;;
;824209D;RİVET;09 mm;14;?;?;;;;;;
;824208;RİVET;08 mm;13;?;?;;;;;;
;824209E;RİVET;"09 mm
";14;?;?;;;;;;
;824209F;RİVET;09 mm;14;?;?;;;;;;
;824209G;RİVET;09 mm;14;?;?;;;;;;
;824209H;RİVET;09 mm;14;?;?;;;;;;
;824210F;RİVET;10 mm;16;?;?;;;;;;
;825209;RİVET;09 mm;14;?;?;;;;;;
;826_210/620;RİVET;10 mm;16;?;?;;;;;;
;826_210/620;ÇAKMA DÜĞME;20 mm;32;?;?;;;;;;
;827209;RİVET;09 mm;14;?;?;;;;;;
;828210;RİVET;10 mm;16;?;?;;;;;;
;829209;RİVET;09 mm;14;?;?;;;;;;
;830209;RİVET;09 mm;14;?;?;;;;;;
;831210;RİVET;10 mm;16;?;?;;;;;;
;832620;ÇAKMA DÜĞME;20 mm;32;?;?;;;;;;
;833_620/212;RİVET;12 mm;19;?;?;;;;;;
;833_620/212;ÇAKMA DÜĞME;20 mm;32;?;?;;;;;;
;834209;RİVET;09 mm;14;?;?;;;;;;
;835210;RİVET;10 mm;16;?;?;;;;;;
;836210;RİVET;10 mm;16;?;?;;;;;;
;837210;RİVET;10 mm;16;?;?;;;;;;
;838210;RİVET;10 mm;16;?;?;;;;;;
;839210;RİVET;10 mm;16;?;?;;;;;;
;840210;RİVET;10 mm;16;?;?;;;;;;
;841208;RİVET;08 mm;13;?;?;;;;;;
;842210;RİVET;10 mm;16;?;?;;;;;;
;843012;ALTTAN DİKME DÜĞME;12 mm;19;?;?;;;;;;
;844020;TOKA;20 mm;32;?;?;;;;;;
;845015;TOKA;15 mm;24;?;?;;;;;;
;846_015;TOKA;15 mm;24;?;?;;;;;;
;847620;ÇAKMA DÜĞME;20 mm;32;?;?;;;;;;
;848_010/014/024;TOKA;10 mm / 14 mm / 24 mm;16 Boy / 22 Boy / 38 Boy ;?;?;;;;;;
;849060;TOKA;60 mm;96;?;?;;;;;;
;850030;TOKA;30 mm;48;?;?;;;;;;
;851011;TOKA;11 mm;18;?;?;;;;;;
;852209;RİVET;09 mm;14;?;?;;;;;;
;853209;RİVET;09 mm;14;?;?;;;;;;
;854209;RİVET;09 mm;14;?;?;;;;;;
;855210;RİVET;10 mm;16;?;?;;;;;;
;856209;RİVET;09 mm;14;?;?;;;;;;
;857715;ÇIT ÇIT;15 mm;24;?;?;;;;;;
;858_015/018/020;ALTTAN DİKME DÜĞME;15 mm / 18 mm / 20 mm;24 Boy / 29 Boy / 32 Boy ;?;?;;;;;;
;859_715/711;ÇIT ÇIT;11 mm / 15 mm;18 Boy / 24 Boy ;?;?;;;;;;
;861015;ALTTAN DİKME DÜĞME;15 mm;24;?;?;;;;;;
;862011;ALTTAN DİKME DÜĞME;11 mm;18;?;?;;;;;;
;863011;ALTTAN DİKME DÜĞME;11 mm;18;?;?;;;;;;
;864_017_012;ALTTAN DİKME DÜĞME;12 mm / 17 mm;19 Boy / 27 Boy ;?;?;;;;;;
;865_018/015/12;ALTTAN DİKME DÜĞME;12 mm / 15 mm / 18 mm;19 Boy / 24 Boy / 29 Boy ;?;?;;;;;;
;867_019_014_012;ALTTAN DİKME DÜĞME;12 mm / 14 mm / 19 mm;19 Boy / 22 Boy / 30 Boy ;?;?;;;;;;
;870723;ÇIT ÇIT;23 mm;37;?;?;;;;;;
;871724;ÇIT ÇIT;24 mm;38;?;?;;;;;;
;872208;RİVET;08 mm;13;?;?;;;;;;
;873_027,5/22,5/17,5;ALTTAN DİKME DÜĞME;18 mm / 23 mm / 28 mm;29 Boy / 37 Boy / 45 Boy ;?;?;;;;;;
;874011;ALTTAN DİKME DÜĞME;11 mm;18;?;?;;;;;;
;  875_617,5/210;RİVET;10 mm;16;?;?;;;;;;
;  875_617,5/210;ÇAKMA DÜĞME;18 mm;29;?;?;;;;;;
;876910.5;ÜSTTEN DİKME DÜĞME;11 mm;18;?;?;;;;;;
;877_011,5/015,5;ALTTAN DİKME DÜĞME;12 mm / 16 mm;19 Boy / 26 Boy ;?;?;;;;;;
;878011.5;ALTTAN DİKME DÜĞME;12 mm;19;?;?;;;;;;
;879_915 :912;ÜSTTEN DİKME DÜĞME;12 mm / 15 mm;19 Boy / 24 Boy ;?;?;;;;;;
;880_29,5;SALLANTI;30 mm;48;?;?;;;;;;
;881_620;ÇAKMA DÜĞME;20 mm;32;?;?;;;;;;
;882_037;TOKA;37 mm;59;?;?;;;;;;
;883217;RİVET;17 mm;27;?;?;;;;;;
;884030;TOKA;30 mm;48;?;?;;;;;;
;885208;RİVET;08 mm;13 Boy  ;?;?;;;;;;
;886056;TOKA;56 mm;90;?;?;;;;;;
;887020;TOKA;20 mm;32;?;?;;;;;;
;888019;ALTTAN DİKME DÜĞME;19 mm;30;?;?;;;;;;
;"889_008/013/017
/022/027";TOKA;08 mm / 13 mm / 17 mm / 22 mm / 27 mm;13 Boy / 21 Boy / 27 Boy / 35 Boy / 43 Boy ;?;?;;;;;;
;890_020/024;TOKA;20 mm / 24 mm;32 Boy / 38 Boy ;?;?;;;;;;
;891_020/025/030;TOKA;20 mm / 25 mm / 30 mm;32 Boy / 40 Boy / 48 Boy ;?;?;;;;;;
;892_020/025/030;TOKA;20 mm / 25 mm / 30 mm;32 Boy / 40 Boy / 48 Boy ;?;?;;;;;;
;893025;TOKA;25 mm;40;?;?;;;;;;
;894022;ALTTAN DİKME DÜĞME;22 mm;35;?;?;;;;;;
;895022;TOKA;22 mm;35;?;?;;;;;;
;896207.5;RİVET;08 mm;13;?;?;;;;;;
;897206;RİVET;06 mm;10;?;?;;;;;;
;898113.5;RİVET;14 mm;22;?;?;;;;;;
;899020;TOKA;20 mm;32;?;?;;;;;;
;900716;ÇIT ÇIT;16 mm;26;?;?;;;;;;
;901008;ALTTAN DİKME DÜĞME;08 mm;13;?;?;;;;;;
;"902_008Y / 010-Y 
/ 012 /  016 / 018
/020";TOKA;"08Y mm / 10Y mm / 12 mm / 16 mm / 
18 mm / 20 mm";13 Boy / 16 Boy / 19 Boy / 26 Boy / 29 Boy / 32 Boy ;?;?;;;;;;
;"903_010-Y / 012 
/016/ 018 / 020";TOKA;10Y mm / 12 mm / 16 mm / 18 mm / 20 mm;16 Boy / 19 Boy / 26 Boy / 29 Boy / 32 Boy ;?;?;;;;;;
;904_A;?;?;;?;?;;;;;;
;904_B;?;?;;?;?;;;;;;
;905010;ALTTAN DİKME DÜĞME;10 mm;16;?;?;;;;;;
;906044;TOKA;44 mm;70;?;?;;;;;;
;907133;RİVET;13 mm;21;?;?;;;;;;
;9080100;TOKA;100 mm;160;?;?;;;;;;
;909025;TOKA;25 mm;40;?;?;;;;;;
;910_121/130;RİVET;21 mm / 30 mm;34 Boy / 48 Boy ;?;?;;;;;;
;911060;TOKA;60 mm;96;?;?;;;;;;
;912922;ÜSTTEN DİKME DÜĞME;22 mm;35;?;?;;;;;;
;913913;ÜSTTEN DİKME DÜĞME;13 mm;21;?;?;;;;;;
;914013;ALTTAN DİKME DÜĞME;13 mm;21;?;?;;;;;;
;915_019 /  030  ;ALTTAN DİKME DÜĞME;19 mm / 30 mm;30 Boy / 48 Boy ;?;?;;;;;;
;916_207,5*12;RİVET;08x12 mm;19;?;?;;;;;;
;917208008;RİVET;08 mm;13;?;?;;;;;;
;917_208/008  ;ALTTAN DİKME DÜĞME;08 mm;13;?;?;;;;;;
;"918_207,5/
007,5";RİVET;08 mm;13;?;?;;;;;;
;"918_207,5/
007,5";ALTTAN DİKME DÜĞME;08 mm;13;?;?;;;;;;
;919_014/023,5;TOKA;14 mm / 24 mm;22 Boy / 38 Boy ;?;?;;;;;;
;920027;SALLANTI;27 mm;43;?;?;;;;;;
;921910;ÜSTTEN DİKME DÜĞME;10 mm;16;?;?;;;;;;
;922040;ÜSTTEN DİKME DÜĞME;40 mm;64;?;?;;;;;;
;923209;RİVET;09 mm;14;?;?;;;;;;
;924912;ÜSTTEN DİKME DÜĞME;12 mm;19;?;?;;;;;;
;925015;AGRAF;15 mm;24;?;?;;;;;;
;926010;TOKA;10 mm;16;?;?;;;;;;
;927014;AYAR;14 mm;22;?;?;;;;;;
;928008;SALLANTI;08 mm;13;?;?;;;;;;
;929012;AGRAF;12 mm;19;?;?;;;;;;
;"930_008/10/12/
14/18/20";AYAR;"08 mm / 10 mm / 12 mm / 14 mm / 
18 mm / 20 mm";13 Boy / 16 Boy / 19 Boy / 22 Boy / 29 Boy / 32 Boy ;?;?;;;;;;
;931809;SALLANTI;09 mm;14;?;?;;;;;;
;932_910/908;ÜSTTEN DİKME DÜĞME;08 mm / 10 mm;13 Boy / 16 Boy ;?;?;;;;;;
;933910;ÜSTTEN DİKME DÜĞME;10 mm;16;?;?;;;;;;
;"934_015/20/25/30
aynı ebatlarda 
taşlı";TOKA;15 mm / 20 mm / 25 mm / 30 mm;24 Boy / 32 Boy / 40 Boy / 48 Boy ;?;?;;;;;;
;935918;ÜSTTEN DİKME DÜĞME;18 mm;29;?;?;;;;;;
;936013.2;TOKA;14 mm;22;?;?;;;;;;
;937911;ÜSTTEN DİKME DÜĞME;11 mm;18;?;?;;;;;;
;938050;TOKA;50 mm;80;?;?;;;;;;
;"939_060
taşlı ve kulplu";TOKA;60 mm;96;?;?;;;;;;
;940917;ÜSTTEN DİKME DÜĞME;17 mm;27;?;?;;;;;;
;941209;RİVET;09 mm;14;?;?;;;;;;
;942208;RİVET;08 mm;13;?;?;;;;;;
;943_çoklu kalıp;TOKA;?;;?;?;;;;;;
;944_çoklu kalıp;TOKA;?;;?;?;;;;;;
;945_çoklu kalıp;TOKA;?;;?;?;;;;;;
;"946_No:24
kuşgözü";?;?;;?;?;;;;;;
;947_038/025/080;TOKA;25 mm / 38 mm / 80 mm;40 Boy / 61 Boy / 128 Boy ;?;?;;;;;;
;948011;ALTTAN DİKME DÜĞME;11 mm;18;?;?;;;;;;
;949011;ALTTAN DİKME DÜĞME;11 mm;18;?;?;;;;;;
;950010;ALTTAN DİKME DÜĞME;10 mm;16;?;?;;;;;;
;951207,5/07,5;RİVET;08 mm;13;?;?;;;;;;
;951207,5/07,5;ALTTAN DİKME DÜĞME;08 mm;13;?;?;;;;;;
;952036;TOKA;36 mm;58;?;?;;;;;;
;953210;RİVET;10 mm;16;?;?;;;;;;
;954007;ALTTAN DİKME DÜĞME;07 mm;11;?;?;;;;;;
;955016;ALTTAN DİKME DÜĞME;16 mm;26;?;?;;;;;;
;956012;TOKA;12 mm;19;?;?;;;;;;
;957207*7,8;RİVET;07x08 mm;11;?;?;;;;;;
;957207*7,8;ALTTAN DİKME DÜĞME;07x08 mm;11;?;?;;;;;;
;958209*5,8;RİVET;09x06 mm;14;?;?;;;;;;
;959207;RİVET;07 mm;11;?;?;;;;;;
;960018/024/15;ALTTAN DİKME DÜĞME;18 mm / 24 mm;29 Boy / 38 Boy ;?;16;;;;;;
;961211/011;ALTTAN DİKME DÜĞME;11 mm;18;?;?;;;;;;
;961211/011;RİVET;11 mm;18;?;?;;;;;;
;962910;ÜSTTEN DİKME DÜĞME;10 mm;16;?;?;;;;;;
;963009/012;?;09 mm / 12 mm;14 Boy / 19 Boy ;?;?;;;;;;
;964911;ÜSTTEN DİKME DÜĞME;11 mm;18;?;?;;;;;;
;965015/025;ALTTAN DİKME DÜĞME;15 mm / 25 mm;24 Boy / 40 Boy ;?;?;;;;;;
;966023.5;ALTTAN DİKME DÜĞME;24 mm;38;?;?;;;;;;
;967312;;12 mm;19;?;?;;;;;;
;"968206,5/
207,5/208,5
209,5/210,5
";RİVET;7 mm / 8 mm / 9 mm / 10 mm / 11 mm;11 Boy / 13 Boy / 14 Boy / 16 Boy / 18 Boy ;?;?;;;;;;
;969092;TOKA;92 mm;147;?;?;;;;;;
;970012;TOKA;12 mm;19;?;?;;;;;;
;"971_024/030/040/020/
027/034";TOKA;"20 mm / 24 mm / 27 mm / 30 mm / 
34 mm / 40 mm";32 Boy / 38 Boy / 43 Boy / 48 Boy / 54 Boy / 64 Boy ;?;?;;;;;;
;972;?;?;;?;?;;;;;;
;973208;RİVET;08 mm;13;?;?;;;;;;
;974_909 / 910;ÜSTTEN DİKME DÜĞME;09 mm / 10 mm;14 Boy / 16 Boy ;?;?;;;;;;
;975009;ALTTAN DİKME DÜĞME;09 mm;14;?;?;;;;;;
;976025;TOKA;25 mm;40;?;?;;;;;;
;?;ALTTAN DİKME DÜĞME;13 mm / 20 mm / 23 mm;21 Boy / 32 Boy / 36 Boy;?;?;;;;;;
;"978_015/018/
020/023/025";ALTTAN DİKME DÜĞME;15 mm / 18 mm / 20 mm / 23 mm / 25 mm;24 Boy / 29 Boy / 32 Boy / 37 Boy / 40 Boy ;?;?;;;;;;
;979_015/020;ALTTAN DİKME DÜĞME;15 mm / 20 mm;24 Boy / 32 Boy ;?;?;;;;;;
;980005;ALTTAN DİKME DÜĞME;05mm;8;;;;;;;;
;980006;ALTTAN DİKME DÜĞME; 06 mm;10;?;?;;;;;;
;981013;ALTTAN DİKME DÜĞME;13mm;21;;;;;;;;
;981015;ALTTAN DİKME DÜĞME;15mm;24;;;;;;;;
;"981020
";ALTTAN DİKME DÜĞME;20 mm;32;?;?;;;;;;
;982013;ALTTAN DİKME DÜĞME;13mm;21;;;;;;;;
;982015;ALTTAN DİKME DÜĞME;15mm;24;;;;;;;;
;982020;ALTTAN DİKME DÜĞME;20 mm;32;?;?;;;;;;
;"983025
";TOKA;25 mm;40;?;?;;;;;;
;984_017X13,5;ALTTAN DİKME DÜĞME;17x14 mm;27;?;?;;;;;;
;985_022X10 ;TOKA;22x10 mm;35;?;?;;;;;;
;986_053 ;TOKA;53 mm;85;?;?;;;;;;
;987010;AGRAF;10mm;16;;;;;;;;
;987012;TOKA;12 mm;19;?;?;;;;;;
;988111;RİVET;11 mm;18;?;?;;;;;;
;"989810

";SALLANTI;10 mm;16;?;?;;;;;;
;"990035


";ALTTAN DİKME DÜĞME;35 mm;56;?;?;;;;;;
;991008;ALTTAN DİKME DÜĞME;08 mm;13;?;?;;;;;;
;992008;ALTTAN DİKME DÜĞME;08 mm;13;?;?;;;;;;
;993008;ALTTAN DİKME DÜĞME;08 mm;13;?;?;;;;;;
;994008;ALTTAN DİKME DÜĞME;08 mm;13;?;?;;;;;;
;"995_013/020

";TOKA;13 mm / 20 mm;21 Boy / 32 Boy ;?;?;;;;;;
;"996008,5
";ALTTAN DİKME DÜĞME;09 mm;14;?;?;;;;;;
;"997030
";ALTTAN DİKME DÜĞME;30 mm;48;?;?;;;;;;
;"998024
KULPLU ÜÇGEN DİKME
MERTER ŞUBE";ALTTAN DİKME DÜĞME;24 mm;38;?;?;;;;;;
;999010;TOKA;10 mm;16;?;?;;;;;;
;"1000_108 / 212/208/
217";RİVET;08 mm / 12 mm / 17 mm;13 Boy / 19 Boy / 27 Boy ;0,5/0,7/1,7;BELİRTİLMEMİŞ;;;;;;
;1001020;ALTTAN DİKME DÜĞME;20mm;32;BELİRTİLMEMİŞ;BELİRTİLMEMİŞ;;;;;;
;"1001013
";ALTTAN DİKME DÜĞME;13 mm ;21 Boy ;4.2;BELİRTİLMEMİŞ;;;;;;
;"1002909
";ÜSTTEN DİKME DÜĞME;09 mm;14;0.4;BELİRTİLMEMİŞ;;;;;;
;"1003_025
HALTER METAL
AKSESUAR";;25 mm;40;4.7;BELİRTİLMEMİŞ;;;;;;
;"1004_019
PAPATYA BRİT
AKSESUAR
MERTER ŞUBE";ALTTAN DİKME DÜĞME;19 mm;30;2.2;BELİRTİLMEMİŞ;;;;;;
;1005910;ÜSTTEN DİKME DÜĞME;10 mm;16;0.8;16;;;;;;
;1006911;ÜSTTEN DİKME DÜĞME;11 mm;18;0.5;48;;;;;;
;1007_010;TOKA;10 mm;16;1.1;BELİRTİLMEMİŞ;;;;;;
;1008010;TOKA;10 mm;16;0.5;24;;;;;;
;YOK;TOKA;?;;0.7;20;;;;;;
;"1010008
";ALTTAN DİKME DÜĞME;08 mm;13;0.6;BELİRTİLMEMİŞ;;;;;;
;"1011007
";ALTTAN DİKME DÜĞME;07 mm;11;0.7;BELİRTİLMEMİŞ;;;;;;
;1012618;ÇAKMA DÜĞME;18 mm;29;3.5;BELİRTİLMEMİŞ;;;;;;
;1013917;ÜSTTEN DİKME DÜĞME;17 mm;27;1.5;BELİRTİLMEMİŞ;;;;;;
;1014809;SALLANTI;09 mm;14;1.2;16;;;;;;
;1015808;BAĞ UCU;08mm;13;1;;;;;;;
;10158012.5;BAĞ UCU;13 mm;21;2.2;12;;;;;;
;1016809;SALLANTI;09 mm;14;1.5;BELİRTİLMEMİŞ;;;;;;
;1017809;SALLANTI;09 mm;14;1.7;BELİRTİLMEMİŞ;;;;;;
;1018808;SALLANTI;08 mm;13;1.8;16;;;;;;
;1019207;RİVET;07 mm;11;0.8;BELİRTİLMEMİŞ;;;;;;
;1020920;ÜSTTEN DİKME DÜĞME;20 mm;32;2.8;BELİRTİLMEMİŞ;;;;;;
;1021112;RİVET;12 mm;19;1.2;BELİRTİLMEMİŞ;;;;;;
;1022011;TOKA;11 mm;18;1.9;12;;;;;;
;1023009;TOKA;09 mm;14;1.5;BELİRTİLMEMİŞ;;;;;;
;1024035;TOKA;35 mm;56;4.2;BELİRTİLMEMİŞ;;;;;;
;1025019;TOKA;19 mm;30;1.2;BELİRTİLMEMİŞ;;;;;;
;1026033;TOKA;33 mm;53;4.6;E;;;;;;
;1027007;ALTTAN DİKME DÜĞME;07 mm;11;0.5;BELİRTİLMEMİŞ;;;;;;
;1028028;TOKA;28 mm;45;2.5;6;;;;;;
;1029033;TOKA;33 mm;53;6.9;4;;;;;;
;1030013;ALTTAN DİKME DÜĞME;13 mm;21;1.9;16;;;;;;
;1031017;TOKA;17 mm;27;24.5;BELİRTİLMEMİŞ;;;;;;
;1032011;ALTTAN DİKME DÜĞME;11 mm;18;0.9;22;;;;;;
;1033207;RİVET;07 mm;11 Boy  ;0,5GR;BELİRTİLMEMİŞ;;;;;;
;1034010;ALTTAN DİKME DÜĞME;10 mm;16;0.9;22;;;;;;
;1035030;TOKA;30 mm;48;1.9;BELİRTİLMEMİŞ;;;;;;
;1036017;TOKA;17 mm;27;2.4;BELİRTİLMEMİŞ;;;;;;
;1037010;TOKA;10 mm;16;2.7;BELİRTİLMEMİŞ;;;;;;
;1038053;TOKA;53 mm;85;8.5;4;;;;;;
;1039024;TOKA;24 mm;38;9.7;4;;;;;;
;1040025;TOKA;25 mm;40;13.3;BELİRTİLMEMİŞ;;;;;;
;1041030;TOKA;30 mm;48;21.8;BELİRTİLMEMİŞ;;;;;;
;1042014;TOKA;14 mm;22;3.9;BELİRTİLMEMİŞ;;;;;;
;1043010;ALTTAN DİKME DÜĞME;10 mm;16;0.6;BELİRTİLMEMİŞ;;;;;;
;1044009;ALTTAN DİKME DÜĞME;09 mm;14;1.6;2;;;;;;
;1045025;TOKA;25 mm;40;17.5;4;;;;;;
;1046046;ALTTAN DİKME DÜĞME;46 mm;74;1,5GR KÜÇÜKLER 0,3GR;BELİRTİLMEMİŞ;;;;;;
;1047919;ÜSTTEN DİKME DÜĞME;19 mm;30;2.7;12;;;;;;
;1048824;SALLANTI;24 mm;38;3;BELİRTİLMEMİŞ;;;;;;
;1049906;ÜSTTEN DİKME DÜĞME;06 mm;10;0.12;32;;;;;;
;1050907.5;ÜSTTEN DİKME DÜĞME;08 mm;13;0.3;32;;;;;;
;1051911;ÜSTTEN DİKME DÜĞME;11 mm;18;0.7;20;;;;;;
;1052030;TOKA;30 mm;48;19.8;BELİRTİLMEMİŞ;;;;;;
;1053804;SALLANTI;04 mm;6;0.5;BELİRTİLMEMİŞ;;;;;;
;1054908.5;ÜSTTEN DİKME DÜĞME;09 mm;14;0.6;24;;;;;;
;1055007;TOKA;07 mm;11;1.6;BELİRTİLMEMİŞ;;;;;;
;1056911;ÜSTTEN DİKME DÜĞME;11 mm;18;0.6;BELİRTİLMEMİŞ;;;;;;
;1057810;SALLANTI;10 mm;16;2.17;16;;;;;;
;1058922;ÜSTTEN DİKME DÜĞME;22 mm;35;3.5;BELİRTİLMEMİŞ;;;;;;
;1059014;TOKA;14 mm;22;6.06;TEK GÖZ;;;;;;
;1060020;TOKA;20 mm;32;13,4GR;BELİRTİLMEMİŞ;;;;;;
;1061020;TOKA;20 mm;32;10.8;TEK GÖZ;;;;;;
;1062030;TOKA;30 mm;48;25.8;2;;;;;;
;1063063;TOKA;63 mm;101;8.4;BELİRTİLMEMİŞ;;;;;;
;1064-P;PUL;64mm ;;6.2;BELİRTİLMEMİŞ;;;;;;
;1064064;TOKA;64 mm 16 taşlı;102;24.8;BELİRTİLMEMİŞ;;;;;;
;1065920;ÜSTTEN DİKME DÜĞME;20 mm;32;2.4;BELİRTİLMEMİŞ;;;;;;
;1066066;TOKA;66 mm;106;8.7;BELİRTİLMEMİŞ;;;;;;
;1067209.5;RİVET;10 mm;16;0.7;BELİRTİLMEMİŞ;;;;;;
;1068119;RİVET;19 mm;30;1.5;BELİRTİLMEMİŞ;;;;;;
;1069024;TOKA;24mm;28;2;;;;;;;
;1069036;TOKA;36 mm; 58 boy;2.7;BELİRTİLMEMİŞ;;;;;;
;1070109;RİVET;09 mm;14;0.7;BELİRTİLMEMİŞ;;;;;;
;1070812;SALLANTI;12 mm;19;1.3;BELİRTİLMEMİŞ;;;;;;
;1071809;SALLANTI;09 mm;14;2.9;BELİRTİLMEMİŞ;;;;;;
;1072010;ALTTAN DİKME DÜĞME;10 mm;16;1;BELİRTİLMEMİŞ;;;;;;
;1073910;ÜSTTEN DİKME DÜĞME;10 mm;16;0.4;BELİRTİLMEMİŞ;;;;;;
;1074205;RİVET;05 mm;8;0.1;BELİRTİLMEMİŞ;;;;;;
;1075009;ALTTAN DİKME DÜĞME;09 mm;14;?;?;;;;;;
;1076005.3;ALTTAN DİKME DÜĞME;6 mm;10;0.1;BELİRTİLMEMİŞ;;;;;;
;1077010;ALTTAN DİKME DÜĞME;10mm;;1;BELİRTİLMEMİŞ;;;;;;
;1078110;TOKA;10 mm;16;21.7;BELİRTİLMEMİŞ;;;;;;
ÜRÜN YOK ;1079;ÜRÜN YOK;ÜRÜN YOK ;;ÜRÜN YOK ;ÜRÜN YOK ;;;;;;
YOK;108006;SALLANTI;6mm;;0.5;24;;;;;;
;1081065;SALLANTI;65mm;;9.1;2;;;;;;
;108034;SALLANTI;34 mm;54;2.9;BELİRTİLMEMİŞ;;;;;;
;1082030;TOKA;30 mm;48;12.8;BELİRTİLMEMİŞ;;;;;;
;1083040;TOKA;40MM;;7.8;4;;;;;;
;1083050;TOKA;50 mm;80;8.3;4;;;;;;
;1084_020;TOKA;20 mm;32;13.3;BELİRTİLMEMİŞ;;;;;;
;1085012;TOKA;12 mm;19;1.3;BELİRTİLMEMİŞ;;;;;;
;1086008;TOKA;08 mm;13;1;24;;;;;;
;1087007;TOKA;07 mm;11;0.01;BELİRTİLMEMİŞ;;;;;;
;1088017;TOKA;17 mm;27;4.7;BELİRTİLMEMİŞ;;;;;;
;1089017;TOKA;17MM;;2,4GR;BELİRTİLMEMİŞ;;;;;;
;1090010;AGRAF;10MM;;1.7;BELİRTİLMEMİŞ;;;;;;
;109104;TOKA;4CM;;10.2;BELİRTİLMEMİŞ;;;;;;
;10920911;ÜSTTEN DİKME DÜĞME;11 mm;18;0.6;BELİRTİLMEMİŞ;;;;;;
;1093050;TOKA;50 mm;80;5.5;2+2;;;;;;
;1094040;TOKA;40 mm;64;5.6;6;;;;;;
;1095214;RİVET;14mm;22;?;?;;;;;;
;1095212;RİVET;12 mm ;19;0.9;BELİRTİLMEMİŞ;;;;;;
;1096210;RİVET;10 mm;16;0.6;BELİRTİLMEMİŞ;;;;;;
;10970209;RİVET;09 mm;14;BELİRTİLMEMİŞ;BELİRTİLMEMİŞ;;;;;;
;1098020;ALTTAN DİKME DÜĞME;20 mm;32;1.8;BELİRTİLMEMİŞ;;;;;;
;1099050;ALTTAN DİKME DÜĞME;50 mm;80;13.5;BELİRTİLMEMİŞ;;;;;;
;1100017;ALTTAN DİKME DÜĞME;17 mm;27;2.1;BELİRTİLMEMİŞ;;;;;;
;1101017;ALTTAN DİKME DÜĞME;17 mm;27;2.5;BELİRTİLMEMİŞ;;;;;;
;1102011;ALTTAN DİKME DÜĞME;11 mm;18;1.3;BELİRTİLMEMİŞ;;;;;;
;1103_050 / _040;TOKA;40 mm / 50 mm;64 Boy / 80 Boy ;50MM/16,1GR 40 ÜRÜN YOK ;50/2GÖZ402GÖZ;;;;;;
;1104207;RİVET;07 mm;11;0.9;BELİRTİLMEMİŞ;;;;;;
;1105020;TOKA;20 mm;32;9.7;4;;;;;;
;1106910;ÜSTTEN DİKME DÜĞME;10 mm;16;0.5;BELİRTİLMEMİŞ;;;;;;
;1107910;ÜSTTEN DİKME DÜĞME;10mm;16;?;?;;;;;;
;1107909;ÜSTTEN DİKME DÜĞME;9mm;14;0.8;BELİRTİLMEMİŞ;;;;;;
;1108_030;TOKA;30 mm;48;5.7;BELİRTİLMEMİŞ;;;;;;
;"1109_040
1109-B";TOKA;40 mm;64;30.5;BELİRTİLMEMİŞ;;;;;;
;"1109_035
1109-A";TOKA;35 mm;56;0.6;46;;;;;;
;1110909.5;ÜSTTEN DİKME DÜĞME;10 mm;16;?;48;;;;;;
;1111207.5;RİVET;08 mm;13;0.5;BELİRTİLMEMİŞ;;;;;;
;1112;SALLANTI;?;;?;?;;;;;;
;1113011;TOKA;11 mm;18;2.5;BELİRTİLMEMİŞ;;;;;;
;1114908;ÜSTTEN DİKME DÜĞME;08 mm;13;1.1;BELİRTİLMEMİŞ;;;;;;
;1115920;ÜSTTEN DİKME DÜĞME;20mm;32;?;?;;;;;;
;1115917;ÜSTTEN DİKME DÜĞME;17mm;27;?;?;;;;;;
;1115915;ÜSTTEN DİKME DÜĞME;15 mm;24;3.6;BELİRTİLMEMİŞ;;;;;;
;1116913;ALTTAN DİKME DÜĞME;13;21;?;?;;;;;;
;1116915;ALTTAN DİKME DÜĞME;15mm;24;?;?;;;;;;
;1116917;ALTTAN DİKME DÜĞME;17;27;?;?;;;;;;
;111613t;ALTTAN DİKME DÜĞME;13tmm;21;?;?;;;;;;
;1116915;ALTTAN DİKME DÜĞME;15tmm;24;?;?;;;;;;
;1116917;ALTTAN DİKME DÜĞME; 17T mm;27;/3,3GR;BELİRTİLMEMİŞ;;;;;;
;1117011;TOKA;11 mm;18;1.2;BELİRTİLMEMİŞ;;;;;;
;1118023;TOKA;23 mm;37;2.82;12;;;;;;
;111911;TOKA;11mm;18;?;?;;;;;;
;111913;TOKA;13mm;21;?;?;;;;;;
;111915;TOKA;15mm;24;?;?;;;;;;
;111917;TOKA;17mm;27;?;?;;;;;;
;111919;TOKA;19mm;30;?;?;;;;;;
;111921;TOKA;21mm;34;?;?;;;;;;
;111923;TOKA;23mm;37;?;?;;;;;;
;111925;TOKA;25mm;40;?;?;;;;;;
;111930;TOKA;30mm;48;?;?;;;;;;
;"111935
";TOKA;35 mm;56;BELİRTİLMEMİŞ;BELİRTİLMEMİŞ;;;;;;
;1120208;RİVET;08 mm;13;0.5;BELİRTİLMEMİŞ;;;;;;
;1121025;TOKA;25 mm;40;12.1;BELİRTİLMEMİŞ;;;;;;
;112202;TOKA;2cm;;9.5;BELİRTİLMEMİŞ;;;;;;
;1123035;TOKA;35 mm;56;2.5;BELİRTİLMEMİŞ;;;;;;
;1124020;TOKA;20 mm;32;2.6;5;;;;;;
;1125822;SALLANTI;22 mm;35;1.3;6;;;;;;
;1126812;SALLANTI;12 mm;19;2.2;BELİRTİLMEMİŞ;;;;;;
;1127620;ÇAKMA DÜĞME;20 mm;32;ÜRÜN YPK;ÜRÜN YOK ;;;;;;
;1128025;TOKA;25 mm;40;14.2;BELİRTİLMEMİŞ;;;;;;
YOK;1129017;TOKA;17mm;;22.1;BELİRTİLMEMİŞ;;;;;;
;1130030;TOKA;30 mm;48;1.3;BELİRTİLMEMİŞ;;;;;;
;1131023;TOKA;23 mm;37;1.6;BELİRTİLMEMİŞ;;;;;;
;1132030;TOKA;30 mm;48;1.6;BELİRTİLMEMİŞ;;;;;;
;1133015;ALTTAN DİKME DÜĞME;15 mm;24;2.2;BELİRTİLMEMİŞ;;;;;;
;1134207;RİVET;07 mm;11;0.5;BELİRTİLMEMİŞ;;;;;;
;1135618;RİVET;09 mm;14;0.6;BELİRTİLMEMİŞ;;;;;;
;1135 209;ÇAKMA DÜĞME;18 mm;29;3.7;BELİRTİLMEMİŞ;;;;;;
;113604;AKSESUAR;4cm;;8.8;4;;;;;;
;113704;AKSESUAR;4cm;;9.5;4;;;;;;
;1138013;ALTTAN DİKME DÜĞME;13 mm;21;1.82;16;;;;;;
;1139915;ÜSTTEN DİKME DÜĞME;15mm;24;?;2;;;;;;
;113911;ÜSTTEN DİKME DÜĞME;11 mm;18;ÜRÜN YOK ;14GÖZ;;;;;;
;114043;TOKA;43 mm;69;14.7;2;;;;;;
;1141820;SALLANTI;20 mm;32;3.1;BELİRTİLMEMİŞ;;;;;;
;1142717;ÇIT ÇIT;17mm;27;;;;;;;;
;1142720;ÇIT ÇIT;20mm;32;2.3;;;;;;;
;1142725;ÇIT ÇIT; 25 mm; 40 Boy ;2.6;BELİRTİLMEMİŞ;;;;;;
;1143023;TOKA;23 mm;37;3.1;BELİRTİLMEMİŞ;;;;;;
;"1144015
";TOKA;15mm;;0,5GR METAL3,2 GR;BELİRTİLMEMİŞ;;;;;;
;1145020;ALTTAN DİKME DÜĞME;20mm;;?;?;;;;;;
;1145015;ALTTAN DİKME DÜĞME;15mm;;?;?;;;;;;
;1145012;ALTTAN DİKME DÜĞME;12 mm;19;?;32/12/24;;;;;;
;1146015;TOKA;15 mm;24;1.1;BELİRTİLMEMİŞ;;;;;;
;11471016;TOKA;16 mm;26;2.4;BELİRTİLMEMİŞ;;;;;;
;114820;TOKA;20 mm;32;4GR;BELİRTİLMEMİŞ;;;;;;
;1149010;ALTTAN DİKME DÜĞME;10 mm;16;0.8;BELİRTİLMEMİŞ;;;;;;
;1150050;TOKA;50 mm;80;1.6;BELİRTİLMEMİŞ;;;;;;
;1151048;TOKA;48 mm;77;8.6;BELİRTİLMEMİŞ;;;;;;
;1152025;TOKA;25 mm;40;19.3;BELİRTİLMEMİŞ;;;;;;
;1153028;TOKA;28 mm;45;15.5;BELİRTİLMEMİŞ;;;;;;
;1153029;TOKA;"29 mm
";46;16.4;BELİRTİLMEMİŞ;;;;;;
;115405;TOKA;50mm;;28.4;BELİRTİLMEMİŞ;;;;;;
;1155;TOKA;ÜRÜN YOK ;;ÜRÜN YOK ;ÜRÜN YOK ;;;;;;
;115603;TOKA;30mm;;4.3;BELİRTİLMEMİŞ;;;;;;
;115704;TOKA;40mm;;10.5;BELİRTİLMEMİŞ;;;;;;
;115805;PLAKA;50mm;;20.9;BELİRTİLMEMİŞ;;;;;;
;1159025;TOKA;25 mm;40;16;BELİRTİLMEMİŞ;;;;;;
;1160020;TOKA;20 mm;32;10.4;4;yok;;;;;
;1161010;TOKA;10 mm;16 Boy  ;BELİRTİLMEMİŞ;BELİRTİLMEMİŞ;yok;;;;;
;1162;TOKA;?;;resimde yazıyor;1;yok;;;;;
;1163025;TOKA;25mm;;6;BELİRTİLMEMİŞ;yok;;;;;
;1164033;TOKA;33mm;;2.7;BELİRTİLMEMİŞ;;;;;;
;1165030  024;TOKA;24 mm / 30 mm;38       48 ;18.6;BELİRTİLMEMİŞ;;;;;;
;1166 ZİNCİR;TOKA;ÜRÜN YOK ;;15.9;BELİRTİLMEMİŞ;;;;;;
;1167009;ALTTAN DİKME DÜĞME;09 mm;14;0.8;BELİRTİLMEMİŞ;yok;;;;;
;1168810 X 7;SALLANTI;10x7 mm;16;1.2;16;;;;;;
;1169025;TOKA;25 mm;40;1.6;24;;;;;;
;1170912;ÜSTTEN DİKME DÜĞME;12 mm;19;0.8;BELİRTİLMEMİŞ;;;;;;
;1171;TOKA;?;;5,8+5,7=11,5;BELİRTİLMEMİŞ;;;;;;
;1172052;TOKA;52mm;83;2.5;BELİRTİLMEMİŞ;;;;;;
;1172034;TOKA;34mm;54;1.8;BELİRTİLMEMİŞ;;;;;;
;1172029;TOKA; 29mm;46;1.5;BELİRTİLMEMİŞ;;;;;;
;1173011;ALTTAN DİKME DÜĞME;11 mm;18;0.8;36;;;;;;
;1174009;ALTTAN DİKME DÜĞME;09 mm;14;0.7;BELİRTİLMEMİŞ;;;;;;
;1175012;TOKA;12 mm;19;0.7;20;;;;;;
;1176013;TOKA;13 mm;21;0.8;BELİRTİLMEMİŞ;;;;;;
;1177021;TOKA;21 mm;34;8.9;BELİRTİLMEMİŞ;;;;;;
;1178020;TOKA;20 mm;32;3.7;BELİRTİLMEMİŞ;;;;;;
;1179027;TOKA;27 mm;43;5.3;BELİRTİLMEMİŞ;;;;;;
;1180070;TOKA;70 mm;112;16.3;BELİRTİLMEMİŞ;;;;;;
;1181_050 / 016;TOKA;16 mm / 50 mm;26       80 ;46.6;BELİRTİLMEMİŞ;;;;;;
;1182014;SALLANTI;14 mm;22;1.5;BELİRTİLMEMİŞ;;;;;;
;1183011;ALTTAN DİKME DÜĞME;11 mm;18;1.1;BELİRTİLMEMİŞ;;;;;;
;1184016;ALTTAN DİKME DÜĞME;16 mm;26;"Kafa-3,4
Zemin-3,2
    Toplam-6,6 gr";BELİRTİLMEMİŞ;;;;;;
;1185010;TOKA;10mm;16;2.2;16;;;;;;
;1185014;TOKA; 14 mm;22;"
2,4";12;;;;;;
;1186018;ALTTAN DİKME DÜĞME;18 mm;29;1.5;BELİRTİLMEMİŞ;;;;;;
;1187035;ALTTAN DİKME DÜĞME;35 mm;56;3.2;BELİRTİLMEMİŞ;;;;;;
;1188910;ÜSTTEN DİKME DÜĞME;10 mm;16;0.6;BELİRTİLMEMİŞ;;;;;;
;1189139;RİVET;39 mm;62;4.7;BELİRTİLMEMİŞ;;;;;;
;1190056;TOKA;56 mm;90;16.6;BELİRTİLMEMİŞ;yok;;;;;
;1191735;TOKA;35 mm;56;14.2;BELİRTİLMEMİŞ;;;;;;
;1192011;TOKA;11 mm;18;1.1;14;;;;;;
?;1193 A;SALLANTI;?;;1.1;BELİRTİLMEMİŞ;;;;;;
;1194011;SALLANTI;YUNUS14MM DENİZ KABUK 11MM DÜMEN 12MM;;"Balık=1,7
Deniz K=1,3
Dümen =1,3";BELİRTİLMEMİŞ;;;;;;
;1195023;ALTTAN DİKME DÜĞME;23 mm;37;3.4;10;;;;;;
;1196011;ALTTAN DİKME DÜĞME;11 mm;18;1;24;;;;;;
;1197808;SALLANTI;08 mm;13;1.4;BELİRTİLMEMİŞ;;;;;;
;1198807;SALLANTI;07 mm;11;1;42;;;;;;
;1199805;SALLANTI;05 mm;8;1.1;16;;;;;;
;1200010;ALTTAN DİKME DÜĞME;10 mm;16;0.9;BELİRTİLMEMİŞ;;;;;;
;1201023;ALTTAN DİKME DÜĞME;23 mm;37;3.6;BELİRTİLMEMİŞ;;;;;;
;1202718;ÇIT ÇIT;18mm;29;?;?;;;;;;
;1202715;ÇIT ÇIT;15 mm;24;?;?;;;;;;
;1203020;ÜRÜN YOK;20 mm;32;ÜRÜN YOK;ÜRÜN YOK ;yok;;;;;
;1204012;BAĞ UCU;12mm;19;5.9;;;;;;;
;1204014;BAĞ UCU;14 mm;22; 6,8 gr;8;;;;;;
;1205036;TOKA;36mm;;7.8;4;;;;;;
;1206040;TOKA;40mm;;13.9;BELİRTİLMEMİŞ;;;;;;
;1207006;TOKA;06mm;10;18.7;?;;;;;;
;1207005;TOKA;05mm;8;15.8;?;;;;;;
;1207004;TOKA;04mm;6;13.3;?;;;;;;
;1207003;TOKA;03 mm ;5;?;?;;;;;;
;1208720;ÇIT ÇIT;20 mm;32;4.2;BELİRTİLMEMİŞ;;;;;;
;1209009;ALTTAN DİKME DÜĞME;09 mm;14;0.5;BELİRTİLMEMİŞ;;;;;;
;1210041;TOKA;41 mm;66;15.5;BELİRTİLMEMİŞ;;;;;;
;1211040;TOKA;40 mm;64;17.1;2;;;;;;
;1212020;TOKA;20 mm;32;5.2;8;;;;;;
;1213032;TOKA;32mm;;10.1;BELİRTİLMEMİŞ;;;;;;
;1214910;ÜSTTEN DİKME DÜĞME;10 mm;16;0.8;66;;;;;;
;1215811;TOKA;11x8 mm;18;1.9;12;;;;;;
;1216008;TOKA;08 mm;13;0.2;BELİRTİLMEMİŞ;;;;;;
;1217020;TOKA;20 mm;32;1.7;BELİRTİLMEMİŞ;;;;;;
;1218020;ÜRÜN YOK;20 mm;32;ÜRÜN YOK;ÜRÜN YOK ;yok;;;;;
;1219007;ALTTAN DİKME DÜĞME;07 mm;11;0.43;BELİRTİLMEMİŞ;;;;;;
ÜRÜN YOK ;1220009;ÜRÜN YOK;09 mm;14;?;?;yok;;;;;
;1221809;TOKA;09 mm;14;1.1;16;;;;;;
;1222020;TOKA;20 mm;32;11.7;BELİRTİLMEMİŞ;;;;;;
;1223018;TOKA;18 mm;29;4.1;BELİRTİLMEMİŞ;;;;;;
;1224018;TOKA;18 mm;29;4.1;16;;;;;;
;1225006;ALTTAN DİKME DÜĞME;06 mm;10;0.3;BELİRTİLMEMİŞ;yok;;;;;
;1226030;TOKA;30 mm;48;18;2;yok;;;;;
;1227028;TOKA;28 mm;45;21;2;;;;;;
;1228;TOKA;BELİRTİLMEMİŞ;BELİRTİLMEMİŞ;BELİRTİLMEMİŞ;BELİRTİLMEMİŞ;yok;;;;;
;1229;ALTTAN DİKME DÜĞME;BELİRTİLMEMİŞ;;4.9;BELİRTİLMEMİŞ;yok;;;;;
;1230052;TOKA;52mm;;15.8;BELİRTİLMEMİŞ;yok;;;;;
;12311024;TOKA;24 mm;38;15.3;BELİRTİLMEMİŞ;;;;;;
;1232020;ALTTAN DİKME DÜĞME;20mm;32;3.1;?;;;;;;
;1232015;ALTTAN DİKME DÜĞME;15 mm ;24;"1,7 
";?;;;;;;
;1233030;TOKA;30mm;48;?;?;;;;;;
;1233045;TOKA;45mm;72;?;?;;;;;;
;1233040;TOKA; 40 mm;64;10.6;?;;;;;;
;1234044;?;44 mm;70;3;BELİRTİLMEMİŞ;yok;;;;;
;1235024;ALTTAN DİKME DÜĞME;24 mm;38;0.3;BELİRTİLMEMİŞ;;;;;;
;1236018;TOKA;18 mm;29;7.2;BELİRTİLMEMİŞ;;;;;;
;1237024;TOKA;24 mm;38;4.6;BELİRTİLMEMİŞ;;;;;;
;1238109;RİVET;09 mm;14;0.8;BELİRTİLMEMİŞ;;;;;;
;1239205;RİVET;05 mm;8;0.01;120;;;;;;
;1240008;TOKA;08 mm;13;1.2;24;;;;;;
;1241014 X 7;TOKA;14x7 mm;22;2.7;6;;;;;;
;1242816;SALLANTI;16 mm;26;1.1;BELİRTİLMEMİŞ;;;;;;
;1243806;SALLANTI;06 mm;10;0.5;56;;;;;;
;1244006;SALLANTI;6mm;;1;BELİRTİLMEMİŞ;;;;;;
;1245015;TOKA;15mm;;3.1;BELİRTİLMEMİŞ;;;;;;
;1246008;TOKA;08 mm;13;1.9;BELİRTİLMEMİŞ;;;;;;
;1247023;TOKA;23 mm;37;?;8;yok;;;;;
;"1248010
";TOKA;10 mm;16;1.3;48;;;;;;
;"1249106
     ";RİVET;06 mm;10;ÜRÜN YOK ;120;;;;;;
;"1250105,5 
";RİVET;06 mm;10;0.6;120;;;;;;
;1251015;ALTTAN DİKME DÜĞME;15mm;24;1.6;?;;;;;;
;1251010;ALTTAN DİKME DÜĞME;10mm;16;0.9;?;;;;;;
;1251009;ALTTAN DİKME DÜĞME;9mm;14;0.7;?;;;;;;
;1251023;ALTTAN DİKME DÜĞME;23mm;37;3.9;?;;;;;;
;1252015;TOKA;15 mm;24;4.4;8;;;;;;
;1253015;TOKA;15 mm;24;4.5;12;yok;;;;;
;1254021-Y;TOKA;21 mm;34;1;18;;;;;;
;1255011;ÜSTTEN DİKME DÜĞME;11mm;18;0.7;;;;;;;
;1255010;ÜSTTEN DİKME DÜĞME;10 mm ;16;"0,5 
";48;;;;;;
;1256014;ÇANTA TOKASI;14 mm;22;?;12;yok;;;;;
;1257020;TOKA;20mm;32;?;?;;;;;;
;"1257025
";TOKA; 25 mm;40;13.2;8;;;;;;
;1258025;TOKA;25 mm;40;19.3;4;yok;;;;;
;1259035;TOKA;35 mm;56;29.7;BELİRTİLMEMİŞ;yok;;;;;
;"1260008
(mineli düğme)";ALTTAN DİKME DÜĞME;08 mm;13;0.5;24;;;;;;
;1261108;RİVET;08 mm;13;0,8+0,4 =1,2;12+12;;;;;;
;1262007;ALTTAN DİKME DÜĞME;07 mm;11;0.7;24;;;;;;
;1263020;TOKA;20 mm;32;2.3;12;;;;;;
;126403.5;TOKA;3,5cm;;4.4;BELİRTİLMEMİŞ;;;;;;
YOK;1265013;YAKALIK;13 mm;21;9.2;?;;;;;;
;1266006;TOKA;6cm;;7.7;4;;;;;;
?;1267;?;ÜRÜN YOK ;;?;?;;;;;;
;1268050;TOKA;50mm;80;21.7;BELİRTİLMEMİŞ;;;;;;
;1268030;TOKA;30mm;48;8.4;8;;;;;;
;1268020;TOKA;20 mm;32;"8,1 gr
";8;;;;;;
;1269019;TOKA;19mm;;1.5;BELİRTİLMEMİŞ;;;;;;
;1270020;TOKA;20 mm;32;2.4;12;yok;;;;;
;1271023;ÇIT ÇIT;23 mm;37;5;BELİRTİLMEMİŞ;;;;;;
;1272008;ALTTAN DİKME DÜĞME;08 mm;13;0.5;24;;;;;;
;1273011;TOKA;11 mm;18;?;?;;;;;;
;1274107;RİVET;07mm;11;;120;;;;;;
;1274109;RİVET;09 mm;14;0.6 ; 109;yok;;;;;
;1275105;RİVET;05mm;8;;;;;;;;
;1275106;RİVET; 06 mm;10;0.5;120;yok;;;;;
;1276020;TOKA;20mm;;13.5;BELİRTİLMEMİŞ;yok;;;;;
;"127704
(set)";TOKA;4cm;;32+42=74;BELİRTİLMEMİŞ;yok;;;;;
;1278020;TOKA;20 mm / 3,3mm;32;3.8;24;;;;;;
;1279010;TOKA;10 mm / 1,5mm;16;0.5;40;;;;;;
;1280805;TOKA;05 mm;8;1.1;16;;;;;;
;128104.5;PİRSİNG;4,5cm;;9.3;4;;;;;;
;128204;ELCİK;4cm;;6.5;6;;;;;;
;1283020;TOKA;20 mm / 5mm;32;3.7;18;yok;;;;;
;1284025;TOKA;25 mm / 5mm;40;12.3;20;;;;;;
;128505;TOKA;5mm;?;?;?;;;;;;
;1285020;TOKA;20mm;32;?;?;;;;;;
;1285025;TOKA; 25 mm;40;13.2;20;;;;;;
;128602.5;TOKA;2,5cm;;8.2;20;;;;;;
;1287030;PAPAĞAN;30mm;;17.6;8;yok;;;;;
;1288020-25;KÖPRÜ;20 mm / 25 mm;32    40 ;7.2;20;;;;;;
;1289025;KÖPRÜ;25 mm;40;4.3;40;;;;;;
;1289-PUL;PUL;36.8;;3.1;10;;;;;;
;1290722;ÇIT ÇIT;22 mm;35;2.7;4+4;;;;;;
;1291024;KUŞGÖZÜ;24 mm;38;6.9;20+20;;;;;;
;1292020;TOKA;20mm;32;4.2;20;;;;;;
;1292025;TOKA; 25 mm;40;4.1;24 ;;;;;;
;1293036;ELCİK;36mm;;4.1;8;;;;;;
;1294107;TROP;07 mm;11;0.6;120;;;;;;
;1295025;TOKA;25 mm;40;6.7;16;;;;;;
;129603;ÇANTA TOKASI;3cm;;5.8;20;;;;;;
;1297025;TOKA;25 mm;40;2.3;24;;;;;;
;1298020;TOKA;20mm;32;12.5;16;;;;;;
;1298025;TOKA;25 mm ;40; ?; 16;;;;;;
;1299020;TOKA;20 mm;32;2.1;24;;;;;;
;1300034;ELCİK;34mm;;3.6;"Eski 24
Yeni 20";;;;;;
;1301;TOKA;ÜRÜN YOK ;;ÜRÜN YOK ;ÜRÜN YOK ;;;;;;
;1302106;TROP;06 mm;10;0.2;8+120 göz olacak;;;;;;
;1303024;TOKA;24 mm / 3mm;38;4.4;24;;;;;;
;1304020;TOKA;20 mm / 5mm;32;10.5;26;;;;;;
;1305040;TOKA;40 mm / 3,3mm;64;8.7;12;;;;;;
;1306035;TOKA;35 mm / 3,3mm;56;8.1;12;;;;;;
;1307039;TOKA;39 mm / 3,5mm;62;7.8;16;;;;;;
;1308020;TOKA;20 mm / 3,3mm;32;7.7;26;;;;;;
;1309020;TOKA;20 mm / 3mm;32;3.9;26;;;;;;
;1310025;TOKA;25 mm / 3mm;40;4.7;26;;;;;;
;1311025;TOKA;25 mm / 3mm;40;4;26;;;;;;
;1312020;TOKA;20 mm / 3,25mm;32;4.4;24;;;;;;
;1313015;TOKA;15 mm / 1,85mm;24;1.1;42;;;;;;
;1314810;SALLANTI;10 mm;16;1.6;BELİRTİLMEMİŞ;;;;;;
;1315028;ÇANTA TOKASI;28mm;;2.5;20;;;;;;
;1316012;AGRAF;12 mm;19;1.4;32     24;;;;;;
;1317032;PLAKA;32mm;;2;24;;;;;;
;1318049;PLAKA;49mm;;6.5;16;;;;;;
;1319080;ELCİK;8mm;;1.3;20;;;;;;
;1320;ELCİK;ÜRÜN YOK ;;ÜRÜN YOK ;ÜRÜN YOK ;;;;;;
;132103;TOKA;30mm;;8.2;BELİRTİLMEMİŞ;;;;;;
;132203;TOKA;30mm;;4;16;;;;;;
;132302.5;ÇANTA TOKASI;25mm;;12;BELİRTİLMEMİŞ;;;;;;
;1324019;ALTTAN DİKME DÜĞME;19 mm;30;1.5;28;;;;;;
;1325910;ÜSTTEN DİKME DÜĞME;10 mm;16;0.7;40;;;;;;
;1326027;TOKA;27mm;;4.7;BELİRTİLMEMİŞ;;;;;;
;1327810;BAĞ UCU;10 mm;16;1.6;24;;;;;;
;1328021;TOKA;21mm;;1,3+0,6=1,9GR;BELİRTİLMEMİŞ;;;;;;
;1329;YAKALIK;ÜRÜN YOK ;;ÜRÜN YOK ;ÜRÜN YOK ;;;;;;
;133003;PAPAĞAN;30mm;;17.9;BELİRTİLMEMİŞ;;;;;;
;1331019;PAPAĞAN;19mm;;9.6;8;;;;;;
;1332;TOKA;ÜRÜN YOK ;;8.4;8;;;;;;
;133301;TOKA;10mm;;2.6;8;;;;;;
;133402;TOKA;20mm;;5;8;;;;;;
;133502;KÖPRÜ;20mm;;2.9;20;;;;;;
ÜRÜN YOK ;1336;ÇIT ÇIT;?;;?;?;;;;;;
;1337032;PLAKA;32mm;;11.4;BELİRTİLMEMİŞ;;;;;;
;1338025;TOKA;25mm;40;8.2;10 MAÇALI;;;;;;
;133905;TOKA;50mm;;85.2;BELİRTİLMEMİŞ;;;;;;
;1340745;ÇIT ÇIT;45 mm;72;25.1;BELİRTİLMEMİŞ;;;;;;
;1341720;ÇIT ÇIT;20 mm;32;8.3;BELİRTİLMEMİŞ;;;;;;
;1342018;TOKA;18mm;;4.4;BELİRTİLMEMİŞ;;;;;;
;1343015;TOKA;15mm;24;6.8;10;;;;;;
;134401.5;TOKA;1,5cm;;;BELİRTİLMEMİŞ;;;;;;
;1345717;ÇIT ÇIT;17 mm;27;3.3;16;;;;;;
;134605;KISTIRMA;5mm;;2.5;BELİRTİLMEMİŞ;;;;;;
;134703;TOKA;30mm;;6.8;8;;;;;;
;134803;PLAKA;30mm;;3.8;8;;;;;;
;1349017;ÇANTA KLİT;17mm;;7.8;BELİRTİLMEMİŞ;;;;;;
;135001.5;ÇAN;15mm;;5.1;10;;;;;;
;1351011;TOKA;11 mm;18;2.4;BELİRTİLMEMİŞ;;;;;;
;1352020;TOKA;20 mm;32;13.5;14;;;;;;
;135304;PLAKA;40mm;;5.2;BELİRTİLMEMİŞ;;;;;;
;1354106;RİVET;06 mm;10;0.6;120;;;;;;
;1355115;RİVET;15 mm;24;0.9;72;;;;;;
;135605;TOKA;50mm;;23.4;BELİRTİLMEMİŞ;;;;;;
;1357(KISTIRMA);KISTIRMA;20mm;;1.8;BELİRTİLMEMİŞ;;;;;;
;1358815;PAPAĞAN;15 mm;24;3.6;16;;;;;;
;1359909;ÜSTTEN DİKME DÜĞME;09mm;14;0.5;40;;;;;;
;13599010;ÜSTTEN DİKME DÜĞME; 10 mm;16;0.6;48;;;;;;
;1360020;TOKA;20 mm;32;5;12;;;;;;
;1361909;ÜSTTEN DİKME DÜĞME;09 mm;14;0.9;BELİRTİLMEMİŞ;;;;;;
;1362020;ALTTAN DİKME DÜĞME;20mm;32;?;?;;;;;;
;1362015;ALTTAN DİKME DÜĞME; 15mm;24;?;?;;;;;;
;136308;SALLANTI;8mm;;0.7;BELİRTİLMEMİŞ;;;;;;
;1364911;ÜSTTEN DİKME DÜĞME;11 mm;18;1.1;BELİRTİLMEMİŞ;;;;;;
;136502.5;ÇANTA AKSESUAR;25mm;;27.6;BELİRTİLMEMİŞ;;;;;;
;1366020;TOKA;20 mm;32;2;32;;;;;;
;1367209;RİVET;09 mm;14;1;52;;;;;;
;1368;TOKA;22mm;;6.2;BELİRTİLMEMİŞ;;;;;;
;136903;TOKA;3cm;;2.7;18;;;;;;
;1370014;TOKA;14 mm;22;1.5;29;;;;;;
;1371021;SALLANTI;21 mm;34;6.7;8;;;;;;
;1372012;SALLANTI;12mm;;0.4;40;;;;;;
;1373015.5;TOKA;16 mm;26;7.9;8;;;;;;
;1374911.3;ÜSTTEN DİKME DÜĞME;11,3 mm;18;0.4;96;;;;;;
;1375;ÜRÜN YOK;ÜRÜN YOK ;;ÜRÜN YOK ;ÜRÜN YOK ;;;;;;
;1376025;TOKA;25 mm;40;7.8;6;;;;;;
;1377618;ÇIT ÇIT;18mm;;3.8;10;;;;;;
;1378207;ÇIT ÇIT;07 mm;11;0.4;28;;;;;;
;1378620;ÇIT ÇIT;20 mm;32;3;BELİRTİLMEMİŞ;;;;;;
;1379030;AGRAF;30 mm;48;ÜRÜN YOK ;ÜRÜN YOK ;;;;;;
;1380037;TOKA;37 mm;59;ÜRÜN YOK ;ÜRÜN YOK ;;;;;;
;1381025;KÖPRÜ;25 mm;40;6.4;BELİRTİLMEMİŞ;;;;;;
;1382020;TOKA;20 mm;32;7.7;8 MAÇALI;;;;;;
;"1383
TOKA + PUL";TOKA;ÜRÜN YOK ;;2.9;3 / 3;;;;;;
;1384;PAPAĞAN;ÜRÜN YOK ;;3.4;?;;;;;;
;1385020;PAPAĞAN;20mm;;3;8;;;;;;
;1386011.5;TOKA;12 mm;19;5;12;;;;;;
;138702;ÇAN;20mm;;10.7;8;;;;;;
;1388071;PİERCİNG;71 mm;114;3.4;12;;;;;;
;1389032;TOKA;32 mm;51;3.2;20;;;;;;
;139005.5;TOKA;06 mm;10;0.7;20;;;;;;
;1391028;ELCİK;28mm;;4.1;8;;;;;;
;13920125;YAKALIK;120mm;;7.6;8;;;;;;
;139303.5;ÇANTA AKSESUAR;3,5mm;;16.8;6;;;;;;
;1394040;ÇANTA AKSESUAR;40mm;;5.4;16;;;;;;
;1395;TOKA;ÜRÜN YOK ;;36.5;4;;;;;;
;1396009;AKSESUAR;9mm;;3.5;12;;;;;;
;1397031.4;KANCA;1,4mm;;4;10;;;;;;
;1398009;PAPAĞAN HALKA;9mm;;1;20;;;;;;
;1399018;ALTTAN DİKME DÜĞME;18mm;29;2.4;;;;;;;
;1399015;ALTTAN DİKME DÜĞME;15mm;24;1.6;;;;;;;
;1399021;ALTTAN DİKME DÜĞME;21mm;34;4.2;24;;;;;;
;1400802;SALLANTI;02 mm;3;ÜRÜN YOK ;ÜRÜN YOK ;;;;;;
;1401019;PLAKA;19 mm;30;1,4 gr+3,7 gr=5,1 gr;24 / 28;;;;;;,
;1402030;HALKA;30 mm;48;8.3;8;;;;;;
;1403040;HALKA;40 mm;64;10.8;6;;;;;;
;140404;AKSESUAR;04 mm;6;ÜRÜN YOK ;BELİRTİLMEMİŞ;;;;;;
;1405033;ÜSTTEN DİKME DÜĞME;33 mm;53;10.6;"Eski Kalı 4
Yeni Kalıp 8";;;;;;
;1406030;AKSESUAR;30mm;;5;?;;;;;;
;1407030;AKSESUAR;30mm;;3.7;12;;;;;;
;1408026;AKSESUAR;26mm;;1.1;10;;;;;;
;1409014;AYAR;14mm;;0.9;18;;;;;;
;1410040;AKSESUAR;40mm;;93;BELİRTİLMEMİŞ;;;;;;
;1411030;SALLANTI;30 mm;48;2.9;32;;;;;;
;1412020;PLAKA;20mm;;0.6;40;;;;;;
;141302.5;PLAKA;25mm;;3.9;BELİRTİLMEMİŞ;;;;;;
;1414050;PLAKA;50mm;;1.7;3;;;;;;
?;1415820;BAĞ UCU;20 mm;32;3;16;;;;;;
;141601.5;AGRAF;15mm;;08+0,1=0,9;36    64;;;;;;
;1417026;SALLANTI;26mm;;1.8;12;;;;;;
;1418020;SALLANTI;20mm;;0.9;12;;;;;;
;1419;PLAKA;38mm  48mm;;4,2 gr+5,6 gr=9,8 gr;5 / 5GÖZ;;;;;;
;1420;;ÜRÜN YOK ;;ÜRÜN YOK ;ÜRÜN YOK ;;;;;;
?;1421;?;ÜRÜN YOK ;;ÜRÜN YOK ;ÜRÜN YOK ;;;;;;
;1422027;TOKA;27 mm;43;1.6;20;;;;;;
;1423016;HALKA;16 mm;26;1.7;12;;;;;;
;1424021;AYAR;21 mm;34;1.3;BELİRTİLMEMİŞ;;;;;;
;1425024;TOKA;24mm;;3,2+0,8  =4;8  / pul ayrı kalıpta BOY;;;;;;
;1426004;BAĞ UCU;4mm;;0.6;BELİRTİLMEMİŞ;;;;;;
;1427911;ÜSTTEN DİKME DÜĞME;12 mm;19;0.8;40;;;;;;
;1428048;HALKA;48 mm;77;19.1;6;;;;;;
;1428050;HALKA;50 mm;80;19.1;2;;;;;;
;1429023;PLAKA;23 mm;37;1.9;24;;;;;;
;1430030;D TOKA;30 mm;48;2.5;24;;;;;;
;1431020;TOKA;20 mm;32;4.7;8;;;;;;
;1432020;PAPAĞAN;20mm;;15.8;BELİRTİLMEMİŞ;;;;;;
;1433;PAPAĞAN;ÜRÜN YOK ;;15.9;ÜRÜN YOK ;;;;;;
;1434030;TOKA;30 mm;48;14.4;NUMUNE KALIBI ;;;;;;
;1435015;ALTTAN DİKME DÜĞME;15 mm;24;4.3;?;;;;;;
;1436060;YAKALIK;60mm;;4.6;;;;;;;
;143703.5;ALTTAN DİKME DÜĞME;35mm;;2.8;16;;;;;;
;1438014;YAKALIK;140mm;;15;4;;;;;;
;1439020;TOKA;20mm;;7.8;8;;;;;;
;1440010;ALTTAN DİKME DÜĞME;10 mm;16;1.3;40;;;;;;
;1441008;TOKA;08 mm;13;0.4;32;;;;;;
;1442;TOKA;25mm;;20.7;2;;;;;;
;1443;TOKA;25mm;;12.9;6;;;;;;
;1444;TOKA;40mm;;10.6;6;;;;;;
;1445025;ÇIT ÇIT;25 mm;40;3,7    5,6;4;;;;;;
;1446014;ÜSTTEN DİKME DÜĞME;14 mm;22;1.1;BELİRTİLMEMİŞ;;;;;;
;1447030;TOKA;30 mm;48;?;?;;;;;;
;1448040;ELCİK;40mm;64;12.3;BELİRTİLMEMİŞ;;;;;;
;1449021;ELCİK;21 mm;34;2.2;8;;;;;;
;1450012;ELCİK;12 mm;19;1.3;BELİRTİLMEMİŞ;;;;;;
YOK;1451050;ELCİK;50 mm;80;8.1;6;;;;;;
YOK;1452035;HALKA;35 mm;56;6.2;BELİRTİLMEMİŞ;;;;;;
;1453070;TOKA;70 mm;112;12.8;BELİRTİLMEMİŞ;;;;;;
;1454020;TOKA;20 mm;32;6.4;8;;;;;;
;1455050;D TOKA;50mm;8;6.9;8;;;;;;
;1455045;D TOKA;45 mm;64;6.1; 8;;;;;;
;1456030;HALKA;30mm;;1.1;12;;;;;;
YOK;1456013;HALKA;13 mm;21;1.1;32;;;;;;
;1457020;TOKA;20 mm;32;21;2;;;;;;
;1458020;TOKA;20 mm;32;13.3;6;;;;;;
;1459016;TOKA;16 mm;26;10.9;6;;;;;;
?;1460;?;ÜRÜN YOK ;ÜRÜN YOK ;?;?;;;;;;
?;1461;?;ÜRÜN YOK ;;?;?;;;;;;
?;1462;?;ÜRÜN YOK ;;?;?;;;;;;
?;1463;?;ÜRÜN YOK ;;?;?;;;;;;
?;1464;?;ÜRÜN YOK ;;?;?;;;;;;
;1465035;HALKA;35 mm;56;5.4;10;;;;;;
;1465050;HALKA;50mm;;ÜRÜN YOK ;8;;;;;;
;1465040;HALKA;40 mm;64;6.4;10;;;;;;
;1465070;HALKA;70 mm;112;12.5;BELİRTİLMEMİŞ;;;;;;
;1466013;SALLANTI;13 mm;21;1.2;32;;;;;;
;1467010;RİVET;10mm;;1.4;BELİRTİLMEMİŞ;;;;;;
;1468015;TOKA;15 mm;24;4.4;BELİRTİLMEMİŞ;;;;;;
;1469015;TOKA;15 mm;24;2.5;BELİRTİLMEMİŞ;;;;;;
;1470720;ÇIT ÇIT;20 mm;32;5.4;BELİRTİLMEMİŞ;;;;;;
;1471025;TOKA;25 mm;40;7.8;8;;;;;;
;1472015;ALTTAN DİKME DÜĞME;15mm;24;?;?;;;;;;
;1472018;ALTTAN DİKME DÜĞME;18 mm;29;3.4;24;;;;;;
ÜRÜN YOK ;1473035 41;?;35 mm / 41 mm;56     66 ;?;?;;;;;;
;1474815;BAĞ UCU;15 mm;24;1.9;24;;;;;;
YOK;1475818;BAĞ UCU;18 mm;29;2,5+1,3=3,8;10+20;;;;;;
;1476015;ÇIT ÇIT;15mm;24;1.8;34;;;;;;
;1476013;ÇIT ÇIT;13mm;21;1.8;34;;;;;;
;1476017;ÇIT ÇIT;17 mm;27;2.4;16;;;;;;
YOK;1477025;HALKA;25 mm;40;4;6;;;;;;
;1478016;TOKA;16 mm;26;11.6;12;;;;;;
;"1479013
(Kesik)";TOKA;13 mm;21;0.7;48;;;;;;
;1480012;?;12 mm;19;2.8;?;;;;;;
;1481025;D TOKA;25mm;40;2.8;?;;;;;;
;1481030;D TOKA;30mm;48;?;?;;;;;;
;1481035;D TOKA;35mm;56;3.7;?;;;;;;
;1481040;D TOKA;40mm;64;6;?;;;;;;
;1481045;D TOKA;45mm;72;?;?;;;;;;
;1481055;D TOKA;55mm;88;9.8;?;;;;;;
;1481060;D TOKA;60mm;96;10.6;?;;;;;;
;14810065;TOKA;65mm;104;?;?;;;;;;
;14820100;TOKA;100mm;160;55.3;?;;;;;;
;1482080;TOKA;80mm;128;36.6;?;;;;;;
;1482060;TOKA;60mm;96;?;?;;;;;;
;1482050;TOKA;50mm;80;?;?;;;;;;
;1482040;TOKA;40mm;64;9.4;?;;;;;;
;1482030;TOKA; 30 mm;48;"
5,6";?;;;;;;
;1483918;ÜSTTEN DİKME DÜĞME;18 mm;29;1.6;16;;;;;;
;1484046;PLAKA;46mm;;24.8;?;;;;;;
YOK;"1485025
(1477025 ile aynı ürün)";TOKA;25 mm;40;3.8;12;;;;;;
;1486025;TOKA;25 mm;40;5.8;16;;;;;;
YOK;1487090;TOKA;80 mm;144;9.1;8;;;;;;
YOK;1488040;TOKA;40 mm;64;4.4;20;;;;;;
YOK;1489;SALLANTI;?;;2,2    3,5    5,1   9,5;?;;;;;;
;1490;PLAKA;?;;4.5;8;;;;;;
;1491;PLAKA;?;;3.6;8;;;;;;
;149204.5;PLAKA;4,5CM;;3.5;6;;;;;;
?;1493;?;?;;?;?;;;;;;
;1494020;PAPAĞAN;20 mm;32;4;?;;;;;;
YOK;1495011;ALTTAN DİKME DÜĞME;11 mm;18;1.7;32;;;;;;
?;1496;?;?;;?;?;;;;;;
;1497025;TOKA;25 mm;40;6.7;8;;;;;;
;1498012.5;ÜSTTEN DİKME DÜĞME;13 mm;21;0.4;?;;;;;;
?;1499025;?;25 mm;40;?;?;;;;;;
;1500;TOKA;?;;9;?;;;;;;
;1501;PAPAĞAN;?;;4.9;?;;;;;;
?;1502;?;?;;?;?;;;;;;
;1503;?;?;;58.3;?;;;;;;
;1504080;TOKA;80 mm;128;24.5;2;;;;;;
;1505921;ÜSTTEN DİKME DÜĞME;21mm;34;3.1;40;;;;;;
;1505917;ÜSTTEN DİKME DÜĞME;17 mm ;27;"
1,9 ";"
48";;;;;;
;1506070;HALKA;70 mm;112;13.2;2;;;;;;
?;1507040;HALKA;40 mm;64;15.278;8;;;;;;
;1508025;YILDIZ RİVET;25mm;;4.3;12;;;;;;
;1509020;TOKA;20mm;;8,4    15 ;8;;;;;;
;1510015;KESİK HALKA;15 mm;24;0.8;40;;;;;;
ÜRÜN YOK ;1511010;?;10 mm;16;?;?;;;;;;
YOK;1512011;ALTTAN DİKME DÜĞME;11 mm;18;0.8;40;;;;;;
;1513045;HALKA;45 mm;72;8.9;8;;;;;;
ÜRÜN YOK ;1514025;?;25mm;;?;?;;;;;;
;1515010;AYAR;8mm;;0.5;BELİRTİLMEMİŞ;;;;;;
;1516 / y / ç / ç2;SALLANTI;YILDIZ 22mm DUMEN 20mm ÇAPA 20mm;;1,3    1,8    2,7;BELİRTİLMEMİŞ;;;;;;
ÜRÜN YOK ;1517020;?;?;;?;?;;;;;;
ÜRÜN YOK ;1518030;?;30mm;;?;?;;;;;;
;1519;KÜÇÜK PİERCİNG;?;;?;BELİRTİLMEMİŞ;;;;;;
;1520;BÜYÜK PİERCİNG;50 mm;;8.516.;8 göz;;;;;;
;1521;PİERCİNG;ÜRÜN YOK ;;?;?;;;;;;
;1522024;TOKA;24 mm;38;12.5;;;;;;;
ÜRÜN YOK ;1523025;?;25 mm;40;?;?;;;;;;
ÜRÜN YOK ;15230036;?;25 mm;40;?;?;;;;;;
;1524034;ALTTAN DİKME DÜĞME;34 mm;54;2.8;BELİRTİLMEMİŞ;;;;;;
;1525039;TOKA;39 mm;62;12.8;8;;;;;;
;1526008;PİRSİNG;08 mm;13;0.5;BELİRTİLMEMİŞ;;;;;;
YOK;1527020;TOKA;20 mm;32;9;4;;;;;;
ÜRÜN YOK ;1528024;?;?;;?;?;;;;;;
;1529010;ALTTAN DİKME DÜĞME;10 mm;16;0.7;36;;;;;;
?;1530007;TOKA;07 mm;11;0.7;60;;;;;;
;1531070;HALKA;70 mm;112;13;2;;;;;;
;1532025;TOKA;25 mm;40;12.6;8;;;;;;
;1533012;TOKA;12 mm;19;1.8;BELİRTİLMEMİŞ;;;;;;
;1534006;ALTTAN DİKME DÜĞME;6 mm;10;0.1;BELİRTİLMEMİŞ;;;;;;
ÜRÜN YOK ;1535020;?;?;;?;?;;;;;;
;1536039;PİERCİNG;39mm;;6.6;BELİRTİLMEMİŞ;;;;;;
;1537210;RİVET;10 mm;16;1.5;52;;;;;;
;1538210;RİVET;10 mm;16;1.2;2,;;;;;;
;1539025;TOKA;25 mm;40;2.2;20;;;;;;
;1540020;TOKA;20 mm;32;4.1;12     24;;;;;;
;1541;TOKA;ÜRÜN YOK ;ÜRÜN YOK ;ÜRÜN YOK?;?;;;;;;
;1542026;TOKA;26mm;;6.6;6;;;;;;
?;1543;?;ÜRÜN YOK ;;?;?;;;;;;
?;1544;?;ÜRÜN YOK ;;?;?;;;;;;
;1545045;TOKA;45 mm;72;11.2;8;;;;;;
;1546030;PİERCİNG TOKA;30 mm;48;6.4;6;;;;;;
ÜRÜN YOK ;1547010;?;10 mm;16;?;?;;;;;;
;1548046;PİERCİNG;46mm;;3.4;8;;;;;;
;1549012;ALTTAN DİKME DÜĞME;12mm;20;1.2;BELİRTİLMEMİŞ;;;;;;
;1550010/013;TOKA;10 mm / 13 mm;16     21 ;1,4      2,6;36;;;;;;
YOK;1551027;TOKA;27 mm;43;9.8;4;;;;;;
;1552016;ALTTAN DİKME DÜĞME;16 mm;26;1.6;32;;;;;;
;1552030;ALTTAN DİKME DÜĞME;16mm;26;1.6;32;;;;;;
;15533030;TOKA;30 mm;48;29.7;2;;;;;;
;1554022;PLAKA;22 mm;35;1.5;40;;;;;;
ÜRÜN YOK ;1555;?;?;;?;?;;;;;;
;155607.81;ÇİVİ;7,81mm;;0.04;56;;9;;;;
;1557012;ALTTAN DİKME DÜĞME;12mm;;0.3;40;;;;;;
;155801.7;TOP DÜĞME;11mm;18;4.17;32;;;;;;
;1558008;TOP DÜĞME;8mm;14;1.4;48;;;;;;
;1559036;TOKA;36 mm;58;2.3;32;;9;;;;
;1560720;ÇIT ÇIT;20 mm;32;2.8;12;;;;;;
;156109;YAN AKSESUAR;90mm;14;4.2;8;;;;;;
;1562010;ALTTAN DİKME DÜĞME;10 mm;16;1GR;36;;;;;;
;1563022;ALTTAN DİKME DÜĞME;22 mm;35;6.5;22;;;;;;
;1564724;ÇIT ÇIT;24 mm;38;7.2;24;;9;;;;
;1565040;TOKA;40 mm;64;6.4;24;;9;;;;
;1566;KÜÇÜK ÇİVİ;?;;?;160;;;;;;
;1567049;TOKA;49 mm;78;4.6;16;;;;;;
;1569010;TOKA;10 mm;16;2.7;32;;;;;;
;1570020;SALLANTI;20mm;;2.1;BELİRTİLMEMİŞ;;9;;;;
;1571016.55;SALLANTI;16,55mm;;5.6;BELİRTİLMEMİŞ;;9;;;;
;1572023;SALLANTI;23mm;;1;20;;;;;;
;1573031;TOKA;31 mm;50;15.2;?;;9;;;;
;1574920;ÜSTTEN DİKME DÜĞME;20 mm;32;3.2;12;;;;;;
;1575920;ÜSTTEN DİKME DÜĞME;20 mm;32;2.9;12;;9;;;;
;1576060;HALKA;60 mm;96;13;6;;;;;;
;1577040;TOKA;40 mm;64;11.8;4;;;;;;
;1578207;RİVET;07 mm;11;ÜRÜN YOK ;ÜRÜN YOK ;;;;;;
;1579914;ÜSTTEN DİKME DÜĞME;14 mm;22;1.5;32;;;;;;
;1580627;ÇAKMA DÜĞME;27 mm;43;7;10 iken 6 basıyorGÖZ;;;;;;
;1580728;ÇAKMA DÜĞME;27 mm;43;4.9;6;;;;;;
;1581017;KESİK HALKA;17 mm;27;0.9;40;;;;;;
;1582050;HALKA;50 mm;80;4;8;;;;;;
;1583207;RİVET;07 mm;11;0.7;56;;;;;;
;1584006;ALTTAN DİKME DÜĞME;06 mm;10;0.4;60;;;;;;
;1585023/19/17/15;ALTTAN DİKME DÜĞME;23 mm;37;5;20/20/20GÖZ;;;;;;
;1586018;ALTTAN DİKME DÜĞME;18 mm;29;1;40GÖZ;;;;;;
;1587012;ALTTAN DİKME DÜĞME;12 mm;19;1;40;;;;;;
;1588007;ALTTAN DİKME DÜĞME;07 mm;11;0.5;BELİRTİLMEMİŞ;;;;;;
;1589910;ÜSTTEN DİKME DÜĞME;10 mm;16;1;40;;;;;;
;1590015;ALTTAN DİKME DÜĞME;15mm;24;1.55;24;;;;;;
;1590020;ALTTAN DİKME DÜĞME;20mm;32 boy;2,44.;40;;;;;;
;1590020/22/15;ALTTAN DİKME DÜĞME;20 mm;32;3.9;24;;;;;;
;1591020;ÇIT ÇIT;20 mm;32;5.3;10;;;;;;
;1592030;PLAKA;30 mm;48;2.6;20;;;;;;
?;1592030-P;PLAKA;28 mm;45;1;16;;;;;;
;1593925;ÜSTTEN DİKME DÜĞME;25 mm;40;6.3;10;;;;;;
;15940022.5;ALTTAN DİKME DÜĞME;22,5mm;36;2.72;24;;;;;;
;1595015;ALTTAN DİKME DÜĞME;15mm;24;1.27;32;;;;;;
;1594020;ALTTAN DİKME DÜĞME;20 mm;32;4.2;26;;;;;;
;1595018;ALTTAN DİKME DÜĞME;18mm;29;3;20;;;;;;
;1595016.5;ALTTAN DİKME DÜĞME;16,5mm;26;2.5;24;;;;;;
;1595020;ALTTAN DİKME DÜĞME;20mm;32;3;20;;;;;;
;1595012.5;ALTTAN DİKME DÜĞME;12,5mm;20;1.3;32;;;;;;
;1595023;ALTTAN DİKME DÜĞME;23mm;37;3;21;;;;;;
;1595025;ALTTAN DİKME DÜĞME;25mm;40;3.2;16;;;;;;
;1595015;ALTTAN DİKME DÜĞME;15 mm;24;1.6;24;;;;;;
;ABS007;?;?;;?;?;;;;;;
;1596019;ALTTAN DİKME DÜĞME;19 mm;30;1.6;28;;;;;;
;1597014;ÜSTTEN DİKME DÜĞME;14 mm ;22;1;72;;;;;;
;1598026;PLAKA;26 mm;42;2;10;;;;;;
;1599008;ALTTAN DİKME DÜĞME;08 mm;13;0.5;44;;;;;;
;1600049;ALTTAN DİKME DÜĞME;49mm;;9,2977.;6;;;;;;
;1601035;PLAKA;35 mm;56;6,4+5,2=11,6;8+8;;;;;;
;1602030;PLAKA;30 mm;48;4,9+4,3=5,2;10+10;;;;;;
;1603060;D TOKA;60mm;96;12;6;;;;;;
;1603050;D TOKA;50mm;80;8.4;8;;;;;;
;1603040;D TOKA;40mm;64BOY;4.9;10;;;;;;
;16030/35;D TOKA; 35 mm;56;3.7;BELİRTİLMEMİŞ;;;;;;
;1604923;ÜSTTEN DİKME DÜĞME;23mm;37;3.2;8;;;;;;
;16049013;ÜSTTEN DİKME DÜĞME;13 mm ;37;?;?;;;;;;
;1605070;D TOKA;70mm;112;11.5;12 ;;;;;;
;1605065;D TOKA;65mm;104;11.3;;;;;;;
;1605060;D TOKA;60mm;96;10.6;;;;;;;
;1605055;D TOKA;55mm;88;9.8;;;;;;;
;1605050;D TOKA;50mm;80;7.3;;;;;;;
;1605045;D TOKA;45mm;72;6.4;;;;;;;
;1605040;D TOKA;40mm;64;6.2;;;;;;;
;1605035;D TOKA;35mm;56;3.8;;;;;;;
;1605030;D TOKA;30mm;48;3.3;;;;;;;
;1605025;D TOKA;25mm;40;2.9;;;;;;;
;1605020;TOKA; 20 mm;32;2.5;;;;;;;
;1603912;İKİ DELİKLİ DİKME DÜĞME;12mm;20;0.5;36;;;;;;
;1606915;İKİ DELİKLİ DİKME DÜĞME;15mm;24;1;8;;;;;;
;1606923;İKİ DELİKLİ DİKME DÜĞME;23mm;37;3.2;8;;;;;;
;1606925;İKİ DELİKLİ DİKME DÜĞME;25mm;40;3.2;8;;;;;;
;1606927;İKİ DELİKLİ DİKME DÜĞME;27mm;43;4.6;8;;;;;;
;1606934;İKİ DELİKLİ DİKME DÜĞME;34mm;54;7.4;4;;;;;;
;;;;;;;;;;;;
;1607015;ALTTAN DİKME DÜĞME;15mm;24;1.4;?;;;;;;
;1607017;ALTTAN DİKME DÜĞME;17mm;28;2.06;12;;;;;;
;1607020;ALTTAN DİKME DÜĞME;20mm;32;2.86;12;;;;;;
;1607023;ALTTAN DİKME DÜĞME;23mm;36;3.76;12;;;;;;
;1607025;ALTTAN DİKME DÜĞME;25mm;40;5.2;10;;;;;;
;1608017;ALTTAN DİKME DÜĞME;17mm;28;2.1;20;;;;;;
;1608025;ALTTAN DİKME DÜĞME;25mm;40;?;10;;;;;;
;1608012;ALTTAN DİKME DÜĞME;12mm;20;?;32;;;;;;
;1608010;ALTTAN DİKME DÜĞME;10mm;16;?;40;;;;;;
;1608015;ALTTAN DİKME DÜĞME;15mm;24;1,28.;32;;;;;;
;1608023;ALTTAN DİKME DÜĞME;23mm;37;3.8;12;;;;;;
;1608030;ALTTAN DİKME DÜĞME;30mm;48;6.7;4;;;;;;
;1608036;ALTTAN DİKME DÜĞME;36 mm;58;13.5;4;;;;;;
;1609020;ALTTAN DİKME DÜĞME;20 mm;32;?;?;;;;;;
;1610022;ALTTAN DİKME DÜĞME;22 mm;35;?;?;;;;;;
;1611045;ALTTAN DİKME DÜĞME;45 mm;72;?;?;;;;;;
;16127028;ÇIT ÇIT;28mm;45;5.3;;;;;;;
;16127016;ÇIT ÇIT; 16 mm;25;2.1;?;;;;;;
;1612726;ÇIT ÇIT;16,4 mm;26;1.8;30;;;;;;
;1613617;ÇAKMA DÜĞME;17 mm;27;3.2;16;;;;;;
?;1614617;?;17 mm;27;?;?;;;;;;
;APR285-5;KUŞGÖZÜ;?;;?;?;;;;;;
;16158010;BAĞ UCU;10mm;21;1.6;32;;;;;;
;16158013;BAĞ UCU;13 mm;16;?  ; ?;;;;;;
;1616820;BAĞ UCU;20 mm;32;2.92.;16;;;;;;
;16170100;YAKALIK;100mm;;8.4;8;;;;;;
;1618923;ÜSTTEN DİKME DÜĞME;23 mm;37;2.8;8;;;;;;
;1619015;TOKA;15 mm;24;1.2;48;;;;;;
;1620023;İKİ DELİKLİ DİKME DÜĞME;23 mm;37;0.01;FAAL;;;;;;
;1621080;TOKA;80 mm;128;24;2;;;;;;
;1622090;TOKA;90 mm;144;57.7;2;;;;;;
;1623025.5;AKSESUAR;25,50mm;;5,1+0,4;BELİRTİLMEMİŞ;;;;;;
;162405.5;TOKA;6 mm;10;15.7;BELİRTİLMEMİŞ;;;;;;
;1625020;BAĞ UCU;20 mm;32;3.5;BELİRTİLMEMİŞ;;;;;;
;APR286035;KISTIRMA;35 mm;56;?;?;;;;;;
;1626015;ALTTAN DİKME DÜĞME;15 mm ;24;?;?;;;;;;
;1626716.5;ALTTAN DİKME DÜĞME;17 mm;27;1.9;30;;;;;;
;APR287020/023;?;20 mm / 23 mm;32       37 ;?;?;;;;;;
;1627053;TOKA;53 mm;85;15;2;;;;;;
;1628020/016,2;ALTTAN DİKME DÜĞME;20 mm;32;4.2;12    16;;;;;;
;1629050;TOKA;50 mm;80;11.5;6;;;;;;
;163009.7;TOKA;9,7mm;;8,8+0,8 =9,6;2+2 Aynı kalıptalar;;;;;;
;1631024;TOKA;24 mm;38;11.6;12;;;;;;
;1632039;TOKA;39 mm;62;10.4;6;;;;;;
;1633040;TOKA;40 mm;64;15.6;4;;;;;;
;1634;PAPAĞAN;?;;4.9;8;;;;;;
;1635015/25;TOKA;15 mm / 25 mm;24     40;4,4 / 6,5;6+6 // 5+5 ;;;;;;
;1636049;TOKA;49mm;;16,6+4,7GR;3+3 aynı kalıptalar;;;;;;
;1637070;TOKA;70mm;;12;2;;;;;;
;1638025.4;TOKA;25,40mm;;13.5;2;;;;;;
;1639015;TOKA;15,16mm;;11.1;4;;;;;;
;1640011;TOKA;11mm;;4;12;;;;;;
?;16500020;ALTTAN DİKME DÜĞME;20 mm;32;4.72;20;;;;;;
;1641010.5;?;11 mm;18;1.4;8;;;;;;
;100012;ALTTAN DİKME DÜĞME;12 mm;19;?;?;;;;;;
;1642015;ALTTAN DİKME DÜĞME;15 mm;24;1.6;16;;;;;;
;1643014;TOKA;14mm;22;4.2;;;;;;;
;1643015;TOKA;15mm;24;6;;;;;;;
;1643020;TOKA; 20 mm;32;12.4;2 şerli göz aynı kalıptalar;;;;;;
;1644811;BAĞ UCU;11 mm;18;2.4;12;;;;;;
;1645011.3;ALTTAN DİKME DÜĞME;12 mm;19;1.4;32;;;;;;
;1646909;ÜSTTEN DİKME DÜĞME;09 mm;14;0.4;50;;;;;;
;1647025-A;TOKA;25 mm;40;9.7;2;;;;;;
;1647021-B;TOKA;21 mm;34;4.2;6;;;;;;
;1647022-C;TOKA;22 mm;35;2;6;;;;;;
;1648026;ALTTAN DİKME DÜĞME;26mm;42;5.6;10;;;;;;
;1648020;ALTTAN DİKME DÜĞME;20mm;32;2.7;12;;;;;;
;1648022;ALTTAN DİKME DÜĞME;22mm;36;4.2;12;;;;;;
;1648017;ALTTAN DİKME DÜĞME;17mm;28;1.9;12;;;;;;
;1648014;ALTTAN DİKME DÜĞME;14mm;22;1.1;32;;;;;;
;APR288417;ÇIT ÇIT;17 mm;27;?;?;;;;;;
;1649022;ALTTAN DİKME DÜĞME;22 mm;35;3.5;19;;;;;;
;"1651
Göz+Dil+Halka";PAPAĞAN;?;;4,49+1,46+2,25=8,2gr;8 / 16 /12 GÖZ;;;;;;
;"1652050
Maçalı / Maçasız";TOKA;50 mm;;11,55 / 14,40GR;2;;;;;;
;1653048;ALTTAN DİKME DÜĞME;48 mm;;15.3;2;;;;;;
;1654017;ALTTAN DİKME DÜĞME;17mm;28;1.7;20;;;;;;
;1654022;ALTTAN DİKME DÜĞME;22 mm;34;3;12;;;;;;
;1655012;SALLANTI;12 mm;;0.4;16;;;;;;
;1656019;ALTTAN DİKME DÜĞME;19mm;30;2.4;20;;;;;;
;"1656015
";ALTTAN DİKME DÜĞME;15 mm;24;1.6;24;;;;;;
;1657023;ALTTAN DİKME DÜĞME;23 mm;37;4.7;12;;;;;;
;1658909;ÜSTTEN DİKME DÜĞME;09 mm;14;0.5;50;;;;;;
;1659048;TOKA;48 mm;77;20.3;2;;;;;;
;1660918;ÜSTTEN DİKME DÜĞME;18 mm;29;2.2;12;;;;;;
;APR291006;;06mm;10;;;;;;;;
;APR291007;;07 mm;11;?;?;;;;;;
;1661015;TOKA;15 mm;24;2,8+24=5,2GR;16+16 (Ayrı Kalıptalar);;;;;;
;1662010;ALTTAN DİKME DÜĞME;10 mm;16;0.6;42;;;;;;
;1663011.5;ALTTAN DİKME DÜĞME;12 mm;19;1.2;42;;;;;;
;1664014;TOKA;14 mm;22;7;8;;;;;;
;1665030;TOKA;30 mm;48;8;4;;;;;;
;1666;TOKA;?;;1.5;"Maçalı 48 
Maçasız 24 GÖZ";;;;;;
;1667010;TOKA;10 mm;16;0.3;42;;;;;;
;1668014;TOKA;14 mm;22;1.5;16;;;;;;
;1669025;ALTTAN DİKME DÜĞME;25mm;40;3.7;E;;;;;;
;1669021;ALTTAN DİKME DÜĞME;21mm;34;2.4;E;;;;;;
;1669017;ALTTAN DİKME DÜĞME;17mm;28;1.7;20;;;;;;
;1669015;ALTTAN DİKME DÜĞME;15mm;24;1.3;24;;;;;;
;1669012;ALTTAN DİKME DÜĞME;12 mm;20;0.8;24;;;;;;
;1670015;TOKA;15 mm;24;2.8;8;;;;;;
;ABS008040/050;TOKA;40 mm / 50 mm;64 Boy / 80 Boy ;?;?;;;;;;
;1671010;ALTTAN DİKME DÜĞME;10 mm;16;0.8;40;;;;;;
;1672015;ALTTAN DİKME DÜĞME;15mm;24;2;24;;;;;;
;1672017;ALTTAN DİKME DÜĞME;17mm;27;2.7;20;;;;;;
;1672022;ALTTAN DİKME DÜĞME; 22 mm;35;5.6;20 ;;;;;;160
;1673013;ALTTAN DİKME DÜĞME;13 mm;21;1.1;24;;;;;;
;1674022;ALTTAN DİKME DÜĞME;22 mm;35;4;20;;;;;;
;1675015;ALTTAN DİKME DÜĞME;15mm;24;1.55;32;;;;;;
;1675017;ALTTAN DİKME DÜĞME;17 mm;27;3.1;12;;;;;;
;1676010;BAĞ UCU;10 mm;16;1;24;;;;;;
;1677015;ALTTAN DİKME DÜĞME;15mm;24;1.8;16;;;;;;
;1677017;ALTTAN DİKME DÜĞME;17mm;28;2.9;12 ;;;;;;
;1677020;ALTTAN DİKME DÜĞME;20mm;32;3.5;12;;;;;;
?;1677022;ALTTAN DİKME DÜĞME;22mm;32;4.8;10;;;;;;
;1678015;ALTTAN DİKME DÜĞME;15 mm;24;1,599.;32;;;;;;
;1679015/12;ALTTAN DİKME DÜĞME;15 mm;24;2;12;;;;;;
;1680018;ALTTAN DİKME DÜĞME;18mm;28;1.6;16;;;;;;
;1680015;ALTTAN DİKME DÜĞME;15mm;24;1,9GR İNCİLİ;E;;;;;;
;1681018;ALTTAN DİKME DÜĞME;18mm;29;2.9;8;;;;;;
;1681024-H;ALTTAN DİKME DÜĞME; 24 mm;38;3,23.;10;;;;;;
;1682015;ALTTAN DİKME DÜĞME;15 mm;24;1.2;16;;;;;;
;1683011;AYAR;11 mm;18;1.8;8;;;;;;
;1684019;ALTTAN DİKME DÜĞME;19 mm;30;5;20;;;;;;
;1685014;ALTTAN DİKME DÜĞME;"14 mm
";22;1.6;24;;;;;;
;1686023;ALTTAN DİKME DÜĞME;23 mm;37;4.1;12;;;;;;
;1687015;ALTTAN DİKME DÜĞME;15mm;24;1.8;16;;;;;;
;1687017;ALTTAN DİKME DÜĞME;17mm;28;2.1;16;;;;;;
;1687020;ALTTAN DİKME DÜĞME;20mm;32;3.4;12;;;;;;
;1687023;ALTTAN DİKME DÜĞME;23mm;36;4.5;12;;;;;;
;1687025;ALTTAN DİKME DÜĞME;25mm;40;7.2;8;;;;;;
;1688023;ALTTAN DİKME DÜĞME;23mm;36;3.46;16;;;;;;
;1688026;ALTTAN DİKME DÜĞME;26 mm;42;6.4;8;;;;;;
;1689010;AYAR;10 mm;16;0.7;34;;;;;;
;1690013;AYAR;"13 mm
";21;0.23;28;;;;;;
;1691013;AYAR;13 mm;21;1;16;;;;;;
;1692006;HALKA;06 mm;10;0.12;42;;;;;;
;1693010;AYAR;10 mm;16;0.4;30;;;;;;
;1694018;AYAR;18 mm;29;0.8;12;;;;;;
;1695020;HALKA;20 mm;32;1.5;10;;;;;;
;1696010;ÜSTTEN DİKME DÜĞME;10 mm ;16;0.636;48;;;;;;
;1696012;ÜSTTEN DİKME DÜĞME;12 mm;20;0.8;40;;;;;;
;1697024;SALLANTI;24 mm;38;3;10;;;;;;
;1698024;SALLANTI;24 mm;38;3.1;10;;;;;;
;1699026;SALLANTI;26 mm;42;2.9;16;;;;;;
;1700021;ALTTAN DİKME DÜĞME;21mm;34;4;12;;;;;;
;1700015;ALTTAN DİKME DÜĞME;15mm;24;1.4;16;;;;;;
;1700023;ALTTAN DİKME DÜĞME;23 mm;37;4.4;10;;;;;;
;1701013;ALTTAN DİKME DÜĞME;13 mm;21;1;24;;;;;;
;1702010;ALTTAN DİKME DÜĞME;10mm;16;0.8;20;;;;;;
;1702012;ALTTAN DİKME DÜĞME;12mm;20;1.4;20;;;;;;
;1702015;ALTTAN DİKME DÜĞME;15mm;24;2.8;16;;;;;;
;1702020;ALTTAN DİKME DÜĞME;20mm;32;6GR;12;;;;;;
;1703012;AYAR;12 mm;19;0.85;32;;;;;;
;1704008;AYAR;08 mm;13;0.45;42;;;;;;
;1705007;HALKA;07 mm;11;0.3;48;;;;;;
;1706006;AYAR;06 mm;10;0.13;40;;;;;;
;1707009;AYAR;09 mm;14;0.6;48;;;;;;
;1708014;ALTTAN DİKME DÜĞME;14 mm;22;2.15;12;;;;;;
;1709008;ALTTAN DİKME DÜĞME;08 mm;13;0.7;40;;;;;;
;1710010;AYAR;10 mm;16;0.7;32;;;;;;
;1711015;AYAR;15 mm;24;0.8;16;;;;;;
;1712019;AYAR;19 mm;30;0.7;24;;;;;;
;1713016;AYAR;16 mm;26;0.7;16;;;;;;
;1714015;AYAR;15 mm;24;2.8;12;;;;;;
;1715012;ALTTAN DİKME DÜĞME;12 mm;19;1.8;28;;;;;;
;1716015;ALTTAN DİKME DÜĞME;15 mm;24;3.2;14;;;;;;
;1717017.5;ALTTAN DİKME DÜĞME;17,5 mm;28;2.28;24;;;;;;
;1718015;TOKA;15 mm;24;4.8;6;;;;;;
;1719025;TOKA;25 mm;40;9.7;4;;;;;;
;1720020;ALTTAN DİKME DÜĞME;20 mm;32;2.5;BELİRTİLMEMİŞ;;;;;;
;1721010.7;ALTTAN DİKME DÜĞME;10,70mm;18;1,10.;48 ;;;;;;
;1721016;ALTTAN DİKME DÜĞME;16 mm;26;3,29.;12;;;;;;
YOK;1722016;TOKA;16 mm;26;0.7;16;;;;;;
YOK;1723011;TOKA;15 mm;24;4.7;8;;;;;;
;1724008;ALTTAN DİKME DÜĞME;08 mm;13;0.9;40;;;;;;
;1725045;TOKA;45 mm;72;15.7;2;;;;;;
;1726008;ALTTAN DİKME DÜĞME;08 mm;13;0.5;?;;;;;;
;1727040;TOKA;40 mm;64;7.8;8;;;;;;
;1728015;ALTTAN DİKME DÜĞME;12mm;19;1.1;32;;;;;;
;1728012;ALTTAN DİKME DÜĞME;12 mm ;24;3.1;24;;;;;;
;172907.5;ALTTAN  DİKME DÜĞME;8 mm;13;0.5;40;;;;;;
;1730030;TOKA;30 mm;;4.4;4;;;;;;
;1731014;ALTTAN DİKME DÜĞME;14 mm;22;1.9;28;;;;;;
;1732040;TOKA;40 mm;;24.5;2;;;;;;
;1733040;TOKA;40 mm;;18.4;6;;;;;;
;1734040;TOKA;40 mm;;15.8;6;;;;;;
;1735050;TOKA;50mm;56 taş;8,7.;;;;;;;
;1735060;TOKA;60 mm;68 taş;10.3;8;;;;;;
;1736030;TOKA;30 mm;;16.4;BELİRTİLMEMİŞ;;;;;;
;1737043;TOKA;43mm;;7;3;;;;;;
;1737075;TOKA;75mm;;36.4;2;;;;;;
;1737063;TOKA;63mm;;10.38;2;;;;;;
;1738015;TOKA;15 mm;;1.7;8;;;;;;
;1739;TOKA;;;1.7;12;;;;;;
;1740015;TOKA;15 mm;;1;12;;;;;;
;1741023;ALTTAN DİKME DÜĞME;23mm;;3;12;;;;;;
;1741025;ALTTAN DİKME DÜĞME; 25 mm;37;3.8;10;E;;;;;
;1742021;TOKA;21 mm;34;3.6;8;;;;;;
;1743010;ÜSTTEN DİKME DÜĞME;10 mm;16;0.6;48;;;;;;
;1744040;TOKA;40 mm;64;12.3;BELİRTİLMEMİŞ;E;;;;;
;1745820;BAĞ UCU;20 mm;32;2.44;12 / 12 Ayrı kalıptalar;;;;;;
;1746020;ALTTAN DİKME DÜĞME;20mm;32;3;12;;;;;;
;1746023;ALTTAN DİKME DÜĞME;23mm;37;3.3;12;;;;;;
;1746025;ALTTAN DİKME DÜĞME; 25 mm;40;4.5;10;;;;;;
;1747022/25;TOKA;22 mm / 25 mm;35 Boy / 40 Boy ;13.38;8;;;;;;
;1748910;ÜSTTEN DİKME DÜĞME;10 mm;16;0.81;42;;;;;;
;1749035;TOKA;35 mm;56;21.2;2;;;;;;
;1750070;TOKA;70 mm;112;24.4;2;;;;;;
;1751021;ALTTAN DİKME DÜĞME;21 mm;34;3.3;20/16GÖZ;;;;;;
;1752723;ÇIT ÇIT;23mm;36 boy;3,93.;10;;;;;;
;1752025;ALTTAN DİKME DÜĞME;25mm;40;4.2;10;;;;;;
;1752023;ALTTAN DİKME DÜĞME;23 mm ;36;3.4;10 ;;;;;;
;1753020;ALTTAN DİKME DÜĞME;20 mm;32;2.9;20;;;;;;
;1754022;ALTTAN DİKME DÜĞME;22 mm;34;3.3;20;;;;;;
;1755012;ÜSTEN DİKME DÜĞME;12 mm;20;1.1;42;;;;;;
;1755912;ÜSTTEN DİKME DÜĞME;12 mm;20;1.1;42;;;;;;
;1756040;PİERCİNG;40 mm;;7.8;10     8;;;;;;
;1756050;TOKA;50mm;;8,516.;8;;;;;;
;1757020;TOKA;20 mm;32;12.9;8;;;;;;
;1758040;TOKA;40 mm;64;13;8;;;;;;
;1759018;TOKA;18 mm;29;1.3;12;;;;;;
;1760018;TOKA;18 mm;29;1.1;16;;;;;;
;1761005;TOKA;05 mm;8;1;50;;;;;;
;1762050;TOKA;50 mm;80;10.1;4;;;;;;
;1763010;TOKA;10 mm;16;0.9;20;;;;;;
;1764009;TOKA;09 mm;14;1.2;20;;;;;;
;1765715.4;ÇIT ÇIT;16 mm;26;2.2;34;;;;;;
;1766010;TOKA;10 mm;16;1.2;20;;;;;;
;1767616;ÇAKMA DÜĞME;16 mm;26;2.6;10;;;;;;
;1768033;TOKA;33 mm;53;8.8;8;;;;;;
;1769022;ALTTAN DİKME DÜĞME;22mm;36;3.15;12;;;;;;
;1769017;ALTTAN DİKME DÜĞME;17mm;28;1.91;12;;;;;;
;1769015;ALTTAN DİKME DÜĞME;15mm;22;1.34;16/17;;;;;;
;1770015;ALTTAN DİKME DÜĞME;15mm;24;1.73;20;;;;;;
;1770017;ALTTAN DİKME DÜĞME;17mm;28;1.67;12;;;;;;
;1770020;ALTTAN DİKME DÜĞME;20mm;32;2.4;12;;;;;;
;1770022;ALTTAN DİKME DÜĞME;23mm;34;3.04;12;;;;;;
;1770023;ALTTAN DİKME DÜĞME;23mm;36;4.18;10;;;;;;
;1735050;TOKA;50 mm;80;8.4;8;;;;;;
;"1700023
 (ESKİ KALIP YENİ BOY)";ALTTAN DİKME DÜĞME;23 mm;37;?;?;;;;;;
;1700015;ALTTAN DİKME DÜĞME;15 mm;24;?;?;;;;;;
;1771014;TOKA;14 mm;22;1;16;;;;;;
;1772017;ALTTAN DİKME DÜĞME;17 mm;27;2.9;24;;;;;;
;1773010;TOKA;10 mm;16;1.9;8;;;;;;
;1774043;TOKA;43 mm;69;34;4;;;;;;
;1775057;TOKA;57mm;;23.07;4;;;;;;
;1775050;TOKA;50mm;;21,70.;4;;;;;;
;1775030;TOKA;30 mm;48;9.3;4;;;;;;
;1776040;TOKA;40 mm;64;2;20;;;;;;
;1777025;ALTTAN DİKME DÜĞME;25 mm;40;5.2;4;;;;;;
;1778012;ALTTAN DİKME DÜĞME;13mm;20;1.2;32;;;;;;
;1778024;ALTTAN DİKME DÜĞME;24mm;38;6.1;16;;;;;;
;1778015;ALTTAN DİKME DÜĞME;15mm;24;1.7;24;;;;;;
;1778020;ALTTAN DİKME DÜĞME;20mm;32;3.5;20;;;;;;
;1778017;ALTTAN DİKME DÜĞME;17mm;28;2.7;?;;;;;;
;1779910;ÜSTTEN DİKME DÜĞME;10 mm;16;0.6;40;;;;;;
;1780020;ALTTAN DİKME DÜĞME;20mm;32;2.88;12;;;;;;
;1780023;ALTTAN DİKME DÜĞME;23mm;36;3.93;12;;;;;;
;1780720;ÇIT ÇIT;20 mm;32;2.8;12;;;;;;
;1781020;ALTTAN DİKME DÜĞME;20mm;32;3.83;12;;;;;;
;1781017;ALTTAN DİKME DÜĞME;17 mm;28;1,7486.;40;;;;;;
;1782009;ALTTAN DİKME DÜĞME;09 mm;14;1.07;20;;;;;;
;1783015;ALTTAN DİKME DÜĞME;15mm;24;1.44;16;;;;;;
;1783017;ALTTAN DİKME DÜĞME;17mm;28;2.11;12;;;;;;
;1783020;ALTTAN DİKME DÜĞME;20mm;32;3.1;12;;;;;;
;1783023;ALTTAN DİKME DÜĞME;23mm;36;3.82;12;;;;;;
;1784023;ALTTAN DİKME DÜĞME;23 mm;37;3.5;10;;;;;;
;17859015;ÜSTTEN DİKME DÜĞME;15mm;24;2;16;;;;;;
;17859019;ÜSTTEN DİKME DÜĞME;19 mm;30;1.08;14;;;;;;
;1786010.5;ALTTAN DİKME DÜĞME;10,5mm;18;1;36;;;;;;
;1786012;ALTTAN DİKME DÜĞME;12mm;20;1.7;32;;;;;;
;1786017;ALTTAN DİKME DÜĞME;17mm;28;3.25;20;;;;;;
;1786020;ALTTAN DİKME DÜĞME;20mm;32;4.67;20;;;;;;
;"1700721
";ÇIT ÇIT;21 mm;34;3.63;12;;;;;;
;1787720;ÇIT ÇIT;20 mm;32;2.73;12;;;;;;
;1787015.5;ALTTAN DİKME DÜĞME;15.5mm;24;1.57;16;;;;;;
;1787018;ALTTAN DİKME DÜĞME;18mm;28;2GR;12;;;;;;
;1787723;ALTTAN DİKME DÜĞME;23mm;36;3.33;12;;;;;;
;1788010;ALTTAN DİKME DÜĞME;10 mm;16;0.9;40;;;;;;
;1789010;ALTTAN DİKME DÜĞME;10 mm;16;0.9;40;;;;;;
;1790010;ALTTAN DİKME DÜĞME;10 mm;16;0.8;40;;;;;;
;1791010;ALTTAN DİKME DÜĞME;10 mm;16;0.8;40;;;;;;
;1792035;TOKA;35 mm;38;2.3;8;;;;;;
;1793024;TOKA;24 mm;38;2.36;10;;;;;;
;1794015;ALTTAN DİKME DÜĞME;15mm;24;1.9;16;;;;;;
;1794017;ALTTAN DİKME DÜĞME;17mm;28;2.1;12;;;;;;
;1794020;ALTTAN DİKME DÜĞME;20mm;32;3.1;12;;;;;;
;1794023;ALTTAN DİKME DÜĞME;23mm;36;4.7;12;;;;;;
;1794025;ALTTAN DİKME DÜĞME;25mm;40;5.2;10;;;;;;
;1795015;ALTTAN DİKME DÜĞME;15mm;24;1.92;16;;;;;;
;1795017;ALTTAN DİKME DÜĞME;17mm;28;2.36;12;;;;;;
;1795020;ALTTAN DİKME DÜĞME;20mm;32;3.07;12;;;;;;
;1795023;ALTTAN DİKME DÜĞME;23mm;36;4.5;12;;;;;;
;1795025;ALTTAN DİKME DÜĞME;25mm;40;4.46;10;;;;;;
;1796915;ÜSTTEN DİKME DÜĞME;15 mm;24;1.538;32;;;;;;
;1797018;ALTTAN DİKME DÜĞME;18 mm;28;2.07;20;;;;;;
;1798010 (TAŞLI);ALTTAN DİKME DÜĞME;10 mm;16;0.8;40;;;;;;
;1799021;AGRAF;21 mm;;5.2;6+6;;;;;;
;1800020;AGRAF;20 mm;;4.5;6+6GÖZ;;;;;;
;1801040;TOKA;40 mm;;14.5;2;;;;;;
ÜRÜN YOK ;1802050;TOKA;50 mm;;17,13.;4;;;;;;
;1803025;?;25 mm;14;ÜRÜN YOK;?;;;;;;
;1804012;ALTTAN DİKME DÜĞME;12 mm;;1.8;32;;;;;;
;1805012;ALTTAN DİKME DÜĞME;12 mm;;1.8;32;;;;;;
;1806015;TOKA;15mm;;9.7;2+2+2 Aynı kalıptalar;;;;;;
;1807015;ALTTAN DİKME DÜĞME;15mm;24;2.3;24;;;;;;
;1807020;ALTTAN DİKME DÜĞME;20mm;23;3.1;12;;;;;;
;1807015021.5;ALTTAN DİKME DÜĞME;21,5 mm;34;3.7; 12;;;;;;
;1808015;ALTTAN DİKME DÜĞME;15mm;24;1.5;16;;;;;;
;1808020;ALTTAN DİKME DÜĞME;20mm;32;2.9;12;;;;;;
;18080 22 ;ALTTAN DİKME DÜĞME; 22 mm;35;4.2; 12 ;;;;;;
;1809915;ÜSTTEN DİKME DÜĞME;15 mm;24;1.2;32;;;;;;
;1810006;AYAR;06 mm;10;0.01;42;;;;;;
;1811030;TOKA;30 mm;48;6.6;4;;;;;;
;1812027;ALTTAN DİKME DÜĞME;27mm;43;5.2;10;;;;;;
;1812025;ALTTAN DİKME DÜĞME;25mm;40;4.7;YOK;;;;;;
;1812023;ALTTAN DİKME DÜĞME;23mm;36;3.6;16;;;;;;
;1812020;ALTTAN DİKME DÜĞME;20MM;32;3;12;;;;;;
;1812017;ALTTAN DİKME DÜĞME;17mm;28;1.9;12;;;;;;
;1812015;ALTTAN DİKME DÜĞME;15mm;24;1.4;10;;;;;;
;1813030;ALTTAN DİKME DÜĞME;30mm;48;7.8;10;;;;;;
;1813025;ALTTAN DİKME DÜĞME;25mm;40;5.1;10;;;;;;
;1813020;ALTTAN DİKME DÜĞME;20mm;32;3.6;12;;;;;;
;1813016;ALTTAN DİKME DÜĞME;16mm;26;2.4;16;;;;;;
;1813015;ALTTAN DİKME DÜĞME;15mm;24;2;16;;;;;;
;1814015/22;ALTTAN DİKME DÜĞME;15 mm;24;1.9;16/12;;;;;;
;1816011;AGRAF;11 mm;18;1G;16;;;;;;
;1817009;ALTTAN DİKME DÜĞME;09 mm;14;0.4;40;;;;;;
;1818023;ALTTAN DİKME DÜĞME;23mm;36;2.8;12;;;;;;
;1818020;ALTTAN DİKME DÜĞME;20mm;32;2.4;24;;;;;;
;1818015;ALTTAN DİKME DÜĞME;15mm;24;1.5;16;;;;;;
;1819026.5;ALTTAN DİKME DÜĞME;26,5mm;42;7.8;8;;;;;;
;1819022;ALTTAN DİKME DÜĞME;22mm;36;5.2;10;;;;;;
;1819020;ALTTAN DİKME DÜĞME;20mm;32;3,8.;12GÖZ;;;;;;
;1819018;ALTTAN DİKME DÜĞME;18mm;32 göz;1.588;;;;;;;
;1819016;ALTTAN DİKME DÜĞME;16mm;26;1,7.;12GÖZ;;;;;;
;1819015;ALTTAN DİKME DÜĞME;15mm;24;1.2;16;;;;;;
;1819012;ALTTAN DİKME DÜĞME;12mm;20;1.1;32;;;;;;
;1819011;ALTTAN DİKME DÜĞME;11mm;18;0.9;32;;;;;;
;1820008;TOKA;08 mm;80;1.1;10;;;;;;
;1821050;TOKA;50 mm;29;8.2;6;;;;;;
;1822022;ALTTAN DİKME DÜĞME;22mm;36;5.2;12;;;;;;
;1822020;ALTTAN DİKME DÜĞME;20mm;32;3;12;;;;;;
;1805012;ALTTAN DİKME DÜĞME;12mm;20;1.8;32;;;;;;
;1822017;ALTTAN DİKME DÜĞME;17mm;20;2.3;16;;;;;;
;1822011;ALTTAN DİKME DÜĞME;11mm;18;1;40;;;;;;
;1823011;ALTTAN DİKME DÜĞME;11mm;18;1;36;;;;;;
;1823009;ALTTAN DİKME DÜĞME;8,9 mm;14;0.72;40;;;;;;
;1824013;HALKA;13 mm;28;1;12;;;;;;
;18250130;YAKALIK;13cm;;25.6;4;;;;;;
;1826025;ALTTAN DİKME DÜĞME;25mm;40;4.01;10;;;;;;
;1826023;ALTTAN DİKME DÜĞME;23mm;36;3.1;10;;;;;;
;1826020;ALTTAN DİKME DÜĞME;20mm;32;1.99;12;;;;;;
;1826015;ALTTAN DİKME DÜĞME;15mm;24;1.46;16;;;;;;
;1827018;ALTTAN DİKME DÜĞME;18 mm;28;2.13;12;;;;;;
;1828017;ALTTAN DİKME DÜĞME;17 mm;26;2.26.;20;;;;;;
;1829022;ALTTAN DİKME DÜĞME;22mm;36;4;10;;;;;;
;1829021;ALTTAN DİKME DÜĞME;21mm;34 boy;2,81.;24;;;;;;
;1829020;ALTTAN DİKME DÜĞME;20mm;32;3.27;12;;;;;;
;1829017;ALTTAN DİKME DÜĞME;17mm;28;2.7;12;;;;;;
;1829015;ALTTAN DİKME DÜĞME;15mm;24;1.7;16;;;;;;
;1829011;ALTTAN DİKME DÜĞME;11mm;18;1;32;;;;;;
;1830024;ALTTAN DİKME DÜĞME;24mm;38;2.5;10;;;;;;
;1830023;ALTTAN DİKME DÜĞME;23mm;36;2.4;12;;;;;;
;1830020;ALTTAN DİKME DÜĞME;20mm;32;2.1;12;;;;;;
;1830017;ALTTAN DİKME DÜĞME;17mm;28;1.8;12;;;;;;
;1830015;ALTTAN DİKME DÜĞME;15mm;24;1;16;;;;;;
;1830012;ALTTAN DİKME DÜĞME;12mm;20;1;32;;;;;;
;1831050;KEMER TOKASI;5cm;;30;4 ;;;;;;
;1832025;ALTTAN DİKME DÜĞME;25mm;40;3.6;10;;;;;;
;1832020;ALTTAN DİKME DÜĞME;20mm;32;1.9;12;;;;;;
;1833025;ALTTAN DİKME DÜĞME;25mm;40;1;8;;;;;;
;1834065;V BALEN;65mm;;6.83;4;;;;;;
;1835050;U BALEN;50mm;;8.37.;4;;;;;;
;1836040;KANCALI AYAR TOKASI;40mm;;39.19;8;;;;;;
;1837011;ALTTAN DİKME DÜĞME;11mm;18;0.82;32 göz maçalı zergold;;;;;;
;1838040;PRSİNG HALKASI;40mm;;5.1;8 ;;;;;;
;1839010;ALTTAN DİKME DÜĞME;10mm;16;?;40;;;;;;
;1839012;ALTTAN DİKME;12mm;20;1,10.;32;;;;;;
;1839014;ALTTAN DİKME DÜĞME;14mm;22;?;28;;;;;;
;1840025;ALTTAN DİKME DÜĞME;25mm;40;5.2;8 ;;;;;;
;1841012;HALKA;12mm;;0.3;42;;;;;;
;1969112;PLAKA;12mm;20;0.7;8+8 ;;;;;;
;1842115;PLAKA;15mm;;0.8;12+12 ;;;;;;
;1843025;ALTTAN DİKME DÜĞME;25mm;40;4.5;8 ;;;;;;
;1844085;PİRSİNG;85mm;;15.9;2 ;;;;;;
;1845011;ALTTAN DİKME DÜĞME;11mm;18;1.2;40 ;;;;;;
;1845015;ALTTAN DİKME DÜĞME;15mm;24;2.2;16;;;;;;
;1845017;ALTTAN DİKME DÜĞME;17mm;28;2.7;12;;;;;;
;1845019;ALTTAN DİKME DÜĞME;19mm;30;2.7;12;;;;;;
;1845020;ALTTAN DİKME DÜĞME;20mm;32;4.1;12;;;;;;
;1846020;ALTTAN DİKME DÜĞME;20mm;32 boy;3,78.;12;;;;;;
;1846011;ALTTAN DİKME DÜĞME;11mm;18;1;40;;;;;;
;1846016;ALTTAN DİKME DÜĞME;16mm;26;2.3;16;;;;;;
;1846022;ALTTAN DİKME DÜĞME;22mm;36;3.8;12;;;;;;
;1846025;ALTTAN DİKME DÜĞME;25mm;40;6.1;10;;;;;;
;1847105;RİVET;0.5mm;;0.34;22;;;;;;
;1848005;BAŞLANTI TOKASI;0.5mm;;3.92;6 ;;;;;;
;1849015;ALTTAN DİKME DÜĞME;15mm;24;2.1;24;;;;;;
;1849017;ALTTAN DİKME DÜĞME;17mm;28;3.27;20 ;;;;;;
;18500917;İKİ DELİKLİ DİKME DÜĞME;19mm;30;2.1;14 ;;;;;;
;1851912.5;ÜSTTEN DİKME DÜĞME;12,5mm;20;1;32 ;;;;;;
;1852017;SALLANTI;17mm;;1.3;12 ;;;;;;
;1853024;ALTTAN DİKME DÜĞME;24mm;38;3.9;10;;;;;;
;1853021;ALTTAN DİKME DÜĞME;21mm;34;2.9;12;;;;;;
;1853015;ALTTAN DİKME DÜĞME;15mm;24;1.6;16;;;;;;
;1853012;ALTTAN DİKME DÜĞME;12mm;20;1;32;;;;;;
;1854050;PİRSİNG;50MM CUBUK;?;CUBUK 10GR 04 GR UÇ;ÇUBUK 32/24 göz;;;;;;
;1855023;BLAZER DÜĞME;22.9mm;36;3.9;12;;;;;;
;1856016;DİKDÖRTGEN HALKA;16mm;;0.27;28;;;;;;
;1857010;ALTTAN DİKME DÜĞME;10.02mm;16;0.9;36;;;;;;
;1858030;ALTTAN DİKME;30mm;48;6.1;10;;;;;;
;1858024;ALTTAN DİKME;24mm;38;3.7;10;;;;;;
;1858018;ALTTAN DİKME DÜĞME;18mm;28;;;;;;;;
;1859925;ÜSTTEN DİKME DÜĞME;25.4mm;40;5.2;10;;;;;;
;1860015;ALTTAN DİKME DÜĞME;15.2mm;24;1.6;24;;;;;;
;1861016;DESENLİ HALKA;16mm;;1.6;12;;;;;;
;1862010;DESENLİ HALKA;5mm;;0.33;24;;;;;;
;1863025;ALTTAN DİKME DÜĞME;25.4mm;40;3.01;20;;;;;;
;1864020;TOKA;20mm;;7.5;TOKA 6/TOP 24;;;;;;
;1865040;KEMER TOKASI;40mm;;34.9;4 / DİL 12 göz;;;;;;
;1866040;KEMER TOKASI;40mm;;26.7;2;;;;;;
;18677023;BLAZER ÇAKMA DÜĞME;23mm;36;4.5;12;;;;;;
;1868015;AYAR TOKASI;15mm;;0.91;36;;;;;;
;1868012;AYAR TOKASI;12mm;;0.8;36;;;;;;
;1868010;AYAR TOKASI;10mm;;0.5;36;;;;;;
;1869010;AYAR KANCA;10mm;;0.5;34;E;;;;;
;1870010;TOKA;10mm;;3.9;6;;;;;;
;1871111;VİDALI RİVET;11mm;18;12;20;;;;;;
;1872015;SALLANTI;15mm;;0.5;12;;;;;;
;1873040;TOKA;40mm;;29.6;TOKA 4 GÖZ DİL 12 GÖZ;;;;;;
;1874045;KEMER TOKASI;45mm;;15.2;4 GÖZ//DİL 12 GÖZ;;;;;;
;187507;DİKME KANCA;7mm;;0.4;34;;;;;;
;187606.5;DİKDÖRTGEN HALKA;6.5mm;;0.24;60;;;;;;
;1877004;HALKA;4mm;;0.18;60;;;;;;
;1878820;BAĞ UCU;20mm;;2.7;12;;;;;;
;1879012;ALTTAN DİKME DÜĞME;12mm;20;0.8;32;;;;;;
0;1880012;ALTTAN DİKME DÜĞME;12mm;20;1,4.;32;;;;;;
;1881017;ÇAKMA DÜĞME KAFASI;17mm;28;2.16;12;;;;;;
;1882020;ALTTAN DİKME DÜĞME;20mm;32;3.3;12;;;;;;
;1883026;ALTTAN DİKME DÜĞME;26mm;40;5.8;10;;;;;;
;1884065;İÇ ÇAMAŞI KÖPRÜ;65mm;;13.7;4;;;;;;
;1885015;İKİ DELİKLİ DİKME DÜĞME;15mm;;0.9;16;;;;;;
;1886023;AYAR;23mm;;2.3;16;;;;;;
;188705;TOKA;5mm;;1.5;16;;;;;;
;1888040;TOKA;40mm;;22;2+2 ;;;;;;
;1889007;TOKA;7mm;;0.47;44;;;;;;
;189012;AYAR;12mm;;0.4;56;;;;;;
;1891020;ALTTAN DİKME DÜĞME;20mm;32 BOY;2.1;26;;;;;;
;1891017;ALTTAN DİKME DÜĞME;17mm;28 BOY;1.8;26;;;;;;
;1891015;ALTTAN DİKME DÜĞME;15mm;24 BOY;1.4;32;;;;;;
;1891010;ALTTAN DİKME DÜĞME;10mm;16 Boy  ;0.5;40;;;;;;
;1892043-K;TOKA;43MM;;14.3;8;;;;;;
;1892043;HALKA;43mm;;8.5;8;;;;;;
;1893032;AYAR;32mm;;1.5;16;;;;;;
;1894009;İNCİ KASASI;9mm;;0.8;50;;;;;;
;1895010;AYAR;10mm;;1.2;16;;;;;;
;189607;ALTTAN DİKME DÜĞME;7mm;;1;20;;;;;;
;189705;KURU KAFA PİRSİNG;50mm;;1.77;16/24;;;;;;
;189806;HALKA;60mm;;16.9;2;;;;;;
;1899010;ALTTAN DİKME DÜĞME;10.2mm;;0.7;40;;;;;;
;1900011.7;ALTTAN DİKME DÜĞME;11,7mm;20 boy;0.8;32;;;;;;
;1900011.5;ALTTAN DİKME DÜĞME;11.4mm;18 boy;0.9;32;;;;;;
;1901033;ALTTAN DİKME DÜĞME;33 mm;54 boy;6,378.;4;;;;;;
;1901023;ALTTAN DİKME DÜĞME;23MM;36BOY;3.18;12;;;;;;
;1901020;ALTTAN DİKME DÜĞME;20MM;32BOY;2.25;12;;;;;;
;1901017;ALTTAN DİKME DÜĞME;17MM;28BOY;1.68;12;;;;;;
;1901015;ALTTAN DİKME DÜĞME;15MM;24BOY;1.3;32;;;;;;
;1902024.5;ALTTAN DİKME DÜĞME;24,5mm;38 BOY;3.15;12;;;;;;
;1902020.5;ALTTAN DİKME DÜĞME;20,5 mm;32 BOY;2.19;24;;;;;;
;1902014;ALTTAN DİKME DÜĞME;14mm;20 BOY;0.9;16;;;;;;
;1903912;ÜSTTEN DİKME DÜĞME;12.7mm;20;0.8;40;;;;;;
;1904020;TOKA;20mm;;1.1;20;;;;;;
;1905022;BRİT;20mm;;1.1;24;;;;;;
;1906010;ALTTAN DİKME DÜĞME;10.02mm;16;1;40;;;;;;
;1907015;ÜSTTEN DİKME DÜĞME;15.2mm;24;2.1;32;;;;;;
;190802;TOKA;20mm;;1,6.;16;;;;;;
;1909018;ALTTAN DİKME DÜĞME;18mm;28;2.5;12;;;;;;
;1910009;ALTTAN DİKME DÜĞME;9mm;14;0.6;40;;;;;;
;19100011;ALTTAN DİKME DÜĞME;11mm;18;0.7;40;;;;;;
;1911050;HALKA;50mm;;14.2;2;;;;;;
ÜRÜN YOK ;1912030;TOKA;30mm;;8,30.;2;;;;;;
;1913075;YAN AKSESUAR;75mm;;2.44.;12;;;;;;
;1914070;YAN AKSESUAR;70mm;;3.33;12;;;;;;
;191509.9;SALLANTI;9,90mm;;0.46;16;;;;;;
;1916010;ALTTAN DİKME DÜĞME;10mm;;0.63;40;e;;;;;
;1916013;ALTTAN DİKME DÜĞME;13mm;;1,10.;32;;;;;;
;1916016;ALTTAN DİKME DÜĞME;16mm;;1.61;12;;;;;;
;1916015;ALTTAN DİKME DÜĞME;15mm;;1.556;12;;;;;;
;1916020;ALTTAN DİKME DÜĞME;20mm;;2.198;12;;;;;;
;1916018;ALTTAN DİKME DÜĞME;18mm;;2.08;12;;;;;;
;1917022;ALTTAN DİKME DÜĞME;22mm;;3.2;12;;;;;;
;1918012-15;ALTTAN DİKME DÜĞME;15mm;;1,20.;32/24GÖZ;;;;;;
;1919039.5;TOKA;39,50mm;;12.98;2;;;;;;
;1920023;ALTTAN DİKME DÜĞME;23mm;38;4.7;12;;;;;;
;192109;AYAR;9mm;;0.8;16;;;;;;
;1922028;TOKA;28mm;;9.75;2;;;;;;
;19230110;AKSESUAR;110mm;;72.4;1+1;;;;;;
;1924022;ALTTAN DİKME DÜĞME;22mm;;5.27;12;;;;;;
;1925912;DİKME DÜĞME;12mm;;0.5;40;;;;;;
;1926015;ALTTAN DİKME DÜĞME;15mm;26;1.6;16;;;;;;
;1927037.5;TOKA;37,50mm;;5.2;2;;;;;;
;1928043.5;TOKA;43,50mm;;9.3;2;;;;;;
;192909;TOKA;9mm;;16,90.;2;;;;;;
;1930050;TOKA;50mm;;23;4;;;;;;
;1931011;STOPER;11mm;;2,40  1,20;12 - 34GÖZ;;;;;;
;1932-818;HUNİ BAĞUCU;18mm;;1.84;16;;;;;;
;1933020;TOKA;20mm;;4.98;12;;;;;;
;1934040;TOKA;40mm;;12,30.;tek göz çoklu kalıpta;;;;;;
;1935064;TOKA;64mm;;9.2;COKLU KALIP TEK GÖZ;;;;;;
;1935056;TOKA;56mm;;7;tek göz çoklu kalıpta;;;;;;
;1935045;TOKA;45mm;;5.82;tek göz çoklu kalıpta;;;;;;
;1935037;TOKA;37mm;;4.24;tek göz çoklu kalıpta;;;;;;
;1936034;NUMUNE;34mm;;5.47;tek göz çoklu kalıpta;;;;;;
;1936028;NUMUNE;28mm;;4;tek göz çoklu kalıpta;;;;;;
;1936016;NUMUNE;16mm;;2.05;tek göz numune;;;;;;
;1937017.8;DİKME AKSESUAR;17.8 mm;;8.4.;NUMUNE KALIBI 10 GÖZ;;;;;;
;1938023.4;ROZET;23.4 mm;;;16;;;;;;
;1939018;ROZET;18 mm;;32.7 ;16;;;;;;
;1940012.7;ROZET;12.7mm;20;1.59;16;;;;;;
;1941059.4;KEMER TOKASI;59.4mm;;10.03.;6.;;;;;;
;1942021.1;KEMER TOKASI;21.1mm;;7.89.;6;;;;;;
;1943819;BAĞ UCU;19 mm;;1.90.;16;;;;;;
;1944030;HALKA;30mm;;13.11;2;;;;;;
;1944020;HALKA;20mm;;6.43;4;;;;;;
;1945010;AKSESUAR;10mm;;1.328;4;;;;;;
;1946025;HALKA;25 mm;;2.99.;4;;;;;;
;1946037;HALKA;37mm;;6.25;1;;;;;;
;1946046;HALKA;46mm;;8.9;1;;;;;;
;1946057;HALKA;57mm;;12.4;1;;;;;;
;1946030;HALKA;30mm;;4.15;1;;;;;;
;1947013;HAMSİ;130mm;;35;4;;;;;;
;1948025;GECMELİ TOKA;25mm;;8,12.;2;;;;;;
;1949050;TOKA;50mm;;12.13;2;;;;;;
;195023;TOKA;23mm;;3.9;4;;;;;;
;1951020;TOKA;20mm;;1;20;;;;;;
;1952050;HALKA YASSI;İÇİ 50 MM ET KALINLIGI 2,08;;9.63;8;;;;;;
;195304.5;PİRSİNG;DIŞ 54,5MM  ENİ 10,5;;4.65;20;;;;;;
;1954008;E;8mm;;1;24;;;;;;
;1955015;TOKA;15mm;;4.7;12;;;;;;
;1956020;?;20mm;;2.8;16;;;;;;
;1957021;ALTTAN DİKME DÜĞME;21mm;34BOY;;24;;;;;;
;1958035;TOKA;35mm;;18.27;6;;;;;;
;1959030;TOKA;30mm;;10.84;6;;;;;;
;1960/20;ALTTAN DİKME DÜĞME;20mm;32;2;24;;;;;;
;1961008;ALTTAN DİKME DÜĞME;8mm;14;0.33;40;;;;;;
;1962006;AYAR;6mm;;0.4;24;;;;;;
;zmk1963;?;?;;;12;;;;;;
;1964808;BAĞUCU DELİKLİ;8mm İÇ 4,20;;0.9;16;;;;;;
;1965025;PLAKA;8,96mm BOY 24,70 EN;;2.14;16;;;;;;
;1966044;TOKA;ENİ 44,15mm BOYU 22,42;;;4;;;;;;
;1966033;TOKA;ENİ 33mm  BOYU 17.46MM;;8.5;6;;;;;;
;1967010;AYAR;10mm;;1.22;12;;;;;;
;1968025;ALTTAN DİKME DÜĞME;25mm;40;3.37;10;;;;;;
;zmk1968;TOKA;?;;?;TOKA VE PUL İKİSİDE TEK GÖZ;;;;;;
;1969050;TOKA;50mm;;5.3;4;;;;;;
;1970090;YAKALIK;90mm;;52.87;2;;;;;;
;1971025;ALTTAN DİKME DÜĞME;25mm;40;3.77;10;;;;;;
;1972050;TOKA;İÇİ 50mm UZUNLUK 30mm ET KALINLIĞI 2,48;;7.6;4;;;;;;
;1973035;TOKA;35mm;;14.212;6;;;;;;
;1973035;TOKA;35mm;;17.85;6;;;;;;
;1974010;ALTTAN DİKME DÜĞME;10mm;16 Boy  ;0.85;40;;;;;;
;ZMK 1973;DİKME AKSESUAR;15mm;;1.42;16;;;;;;
;ZMK 1974;PLAKA;30mm;;1.79;8;;;;;;
;197522.5;ÇIT ÇIT;22,5mm;;3.8;12;;;;;;
;ZMK 1975;LOGOLU;26.53mm;;;10;;;;;;
;1976110;RİVET;10mm;;0.76;20;;;;;;
;ZMK 1976;LOGOLU;;;0.9;16;;;;;;
;ZMK 1977;;;;10.2;2+2+2;;;;;;
;1977047;TOKA;47mm;;24.2;2;;;;;;
;1978030;TOKA;30mm;;13.1;24;;;;;;
;1979023;ALTTAN DİKME DÜĞME;23mm;36;4;24;;;;;;
;198040;TOKA;40mm;;14;3+3;;;;;;
;ZMK1980;PLAKA;;;1.23;10;;;;;;
;1981010.5;ALTTAN DİKME DÜĞME;10,5mm;16;0.6;48;;;;;;
;ZMK-1981;?;?;;5.15;8;;;;;;
;1982030;TOKA;30mm;;25.3;2;;;;;;
;1983040;PİRSİNG;40mm;;6.52;12;;;;;;
;1984064;TOKA;64mm;;17.6;2;;;;;;
;1985030;TOKA;30mm;;7.95;8;;;;;;
;1986020;TOKA;20mm;;5.57;12;;;;;;
;1987020;TOKA;20mm;;11.12;4;;;;;;
;1988030;TOKA;30mm;;7.12;6+6;;;;;;
;1989055;TOKA;55mm;;30.2;4;;;;;;
;1990709;ÇITÇIT KAFASI;9mm;;0.6;48;;;;;;
;1991045;TOKA;45mm;;19.96;12;;;;;;
;1992010;GECMELİ TOKA;10mm;;7.65;12;;;;;;
;1992028;GECMELİ TOKA;28mm;;9.54;12;;;;;;
;1993068;TOKA;68mm;;11.75;4;;;;;;
;1994040;TOKA;40mm;;22.75;2;;;;;;
;1995015;ALTTAN DİKME DÜĞME;15mm;24 boy;1.39;32;;;;;;
;1996025;ALTTAN DİKME DÜĞME;25mm;40 boy;1.303;24;;;;;;
;1997020;TOKA;20mm;;3.786;14;;;;;;
;1997/018;TOKA;18mm;;2.89;14;;;;;;
;1998017;ALTTAN DİKME DÜĞME;12mm;28 boy;1.881;24;;;;;;
;1999025;TOKA;25mm;;4.05;8;;;;;;
;2000030;TOKA;30mm;;14.66 ;2;;;;;;
;2001015;TOKA;15mm;;4.62;8;;;;;;
;2002030;TOKA;30mm;;12.64;10;;;;;;
;2003058;TOKA;58mm;;12.865;6;;;;;;
;2004029;TOKA;29mm;;20.255;2;;;;;;
;2005062;TOKA;62mm;; 15     20 ;4+2;;;;;;
;2006058;TOKA;58mm;;13.95;6;;;;;;
;2007015;TOKA;15mm;;3,186.;12;;;;;;
;2008040;TOKA;40mm;;14.86;8;;;;;;
;2009020;ALTTAN DİKME DÜĞME;20mm;32 boy;2,278.;24;;;;;;
;2009015;ALTTAN DİKME DÜĞME;15mm;24 boy;1,659.;24;;;;;;
;200917.5;ALTTAN DİKME DÜĞME;17,5mm;28 boy;2,20.;24;;;;;;
;201010;KÖPRÜ;10mm;;9,45.;6;;;;;;
;2010015;KÖPRÜ;15mm;;13,76.;6;;;;;;
;2011035;TOKA;35mm;;11,331.;4;;;;;;
;2012058;TOKA;36mm;;13,178.;6;;;;;;
;2013-pl;PUL;;;0,6995.;10;;;;;;
?;2014043;TOKA;43mm;;14.57;4;;;;;;
;2015015;ALTTAN DİKME DÜĞME;15mm;24 boy;1.81;24;;;;;;
;201605.5;BAĞ UCU;5,5mm;;0.755;16;;;;;;
;2017012;PİRSİNG;12mm;;1.844;14;;;;;;
;2018023;ALTTAN DİKME DÜĞME;23mm;36 boy;2.8;24;;;;;;
;2018020;ALTTAN DİKME DÜĞME;20mm;32 boy;2,815.;24;;;;;;
;2019051.5;TOKA;51.5 mm;;14.87;6;;;;;;
;;;;;;;;;;;;
;2021910;ÜSTTEN DİKME DÜĞME;10mm;16 Boy  ;0.4944;48;;;;;;
;2022960;ÜSTTEN DİKME DÜĞME;60mm;96 boy;27.68;2;;;;;;
;2023015;ALTTAN DİKME DÜĞME;15mm;24 boy;1,5455.;32;;;;;;
;2023022.5;ALTTAN DİKME DÜĞME;22,5mm; 36 boy;3.052;24;;;;;;
;2024053;TOKA;53mm;;20.75;3+3;;;;;;
;2025050;ALTTAN DİKME DÜĞME;50mm;80 boy;10.78;6;;;;;;
;202635.7;ALTTAN DİKME DÜĞME;35.70mm;;7,586.;6;;;;;;
;"
2027010";ALTTAN DİKME DÜĞME;10mm;16 Boy  ;0.735;40;;;;;;
;"
2028012";ALTTAN DİKME DÜĞME;12mm;20 boy;0.796;32;;;;;;
;"
2029020";ALTTAN DİKME DÜĞME;20mm;32 boy;1.955;24;;;;;;
;"
2030030";TOKA;30mm;;13.574;10;;;;;;
?;2031052;TOKA;52mm;;14.23;3;;;;;;
?;2032909;AKSESUAR;09mm;;0.6729;48;;;;;;
;2033050;HALKA;50mm;;19,455.;6;;;;;;
;2033060;HALKA;60mm;;27,046.;4;;;;;;
;2034035;TOKA;35mm;;16,115.;6;;;;;;
?;2035020;TOKA;22mm;;5.27;8;;;;;;
?;2036010;ALTTAN DİKME DÜĞME;10MM  YENİ KOD;16 Boy  ;0.752;40;;;;;;
?;2037023;ALTTAN DİKME DÜĞME;23mm;38 boy;3.08;10;;;;;;
?;2038045;TOKA;45mm;;8.88;2;;;;;;
;2039010.5;ALTTAN DİKME DÜĞME;10,5mm;16 Boy  ;1.4375;36;;;;;;
?;2040044.7;BİJUTERİ KÖPRÜ;44,74mm;;0.722;18;;;;;;
;2041023;ALTTAN DİKME DÜĞME;23 mm ;36 boy;2.7425;24;;;;;;
;2042018;ALTTAN DİKME DÜĞME;18 mm;30 boy;2.34;32;;;;;;
ÜRÜN YOK ;2043008;AYAR;8mm;;0.3705;40;;;;;;
?;2044007;HALKA;7mm;;0.22;40;;;;;;
;2045039-PUL;PUL;39mm;;2.65;8;;;;;;
?;2045039;TOKA;39mm;;16;6;;;;;;
?;2046032.7;KÖPRÜ;32,70mm;;17.17;8;;;;;;
?;2047010;BAĞ UCU;10mm;;2.66;24;;;;;;
?;2048025;ALTTAN DİKME DÜĞME;25mm;40 boy;4.316;10;;;;;;
;2049027;PİRSİNG;27mm;;7.7855.;6;;;;;;
;2050030;TOKA;30mm;;9,34.;8;;;;;;
;2051709;ÇIT ÇIT;9mm;;0.78.;48;;;;;;
;2052055;TOKA;55mm;;16,07.;6;;;;;;
;2053014;TOKA;14mm;;4.9;12;;;;;;
;2054030;TOKA;30mm;;8,27.;8;;;;;;
;2055018;TOKA;18mm;;25,77.;4;;;;;;
;205608;TOKA;8mm;;1,234.;16;;;;;;
;2057015;TOKA;15mm;;4,67.;10;;;;;;
;2058050;PİRSİNG;50mm;;7,91.;6;;;;;;
piercin topu;;;;;;;;;;;;
;2059050;PİRSİNG;50mm;;11.04.;6;;;;;;
;2060040;TOKA;40mm;;15,5.;6;;;;;;
;2061927;ÜSTTEN DİKME DÜĞME;27mm;43 boy;3,364.;12;;;;;;
;2062030;TOKA;30mm;;8,4.;8;;;;;;
;2063923;ÜSTTEN DİKME DÜĞME;23 mm ;36 boy;2,489.;24;;;;;;
;2064020;ALTTAN DİKME DÜĞME;20mm;32 boy;3,185.;24;;;;;;
;2065020;TOKA;20mm;;7,2485.;10;;;;;;
;2066020;ALTTAN DİKME DÜĞME;20mm;32 boy;2,18.;12;;;;;;
;2066025;ALTTAN DİKME DÜĞME;25mm;40 boy;4,2935.;24;;;;;;
;2067018;ALTTAN DİKME DÜĞME;18mm;28 boy;2,32.;20;;;;;;
;2068007;RİVET;7mm;;0,75.;58;;;;;;
;2069050;TOKA;50mm;;5,91.;16;;;;;;
;2070034;ALTTAN DİKME DÜĞME;34mm;55 boy;11,641.;8;;;;;;
;2070018;ALTTAN DİKME DÜĞME;18mm;28 boy;3,11.;24;;;;;;
;2071025;ALTTAN DİKME DÜĞME;25mm;40 boy;4,702.;10;;;;;;
;2071035;ALTTAN DİKME DÜĞME;35mm;56 boy;9,1555.;8;;;;;;
;2072045;ALTTAN DİKME DÜĞME;45mm;72 boy;7,444.;6;;;;;;
;2072040;ALTTAN DİKME DÜĞME;40mm;64 boy;5,752.;8;;;;;;
;2073018;ALTTAN DİKME DÜĞME;18mm;28 boy;2,2658.;32;;;;;;
;2074028;ALTTAN DİKME DÜĞME;28mm;45 boy;7,166.;8;;;;;;
;2075023;ALTTAN DİKME DÜĞME;23 mm ;36 boy;4,19.;24;;;;;;
;2076086.5;PİRSİNG;86.50mm;;14,376.;8;;;;;;
;2077040;PİRSİNG;40mm;;16,398.;8;;;;;;
;2078037;ALTTAN DİKME DÜĞME;37mm;59 boy;7,5.;8;;;;;;
;2079009;KÖPRÜ;9mm;;3,756.;12;;;;;;
;208006;KÖPRÜ;6mm;;9,798.;8;;;;;;
;2081023;ALTTAN DİKME DÜĞME;23mm;36 boy;4,942.;10;;;;;;
;2081015;ALTTAN DİKME DÜĞME;15mm;24 boy;1,8828.;14;;;;;;
;2082040;TOKA;40mm;;21,15.;4;;;;;;
;2083029;ALTTAN DİKME DÜĞME;83mm;46 boy;7,72.;8;;;;;;
;2084028;ALTTAN DİKME DÜĞME;28mm;45 boy;3,42.;24;;;;;;
;2085038;ALTTAN DİKME DÜĞME;38mm;60 boy;10,92.;8;;;;;;
;2085026;ALTTAN DİKME DÜĞME;26mm;42 boy;3,6.;24;;;;;;
;2086018;ALTTAN DİKME DÜĞME;18mm;28 boy;2,496.;12;;;;;;
;2086025;ALTTAN DİKME DÜĞME;25mm;40 boy;2,409.;24;;;;;;
;2086027;ALTTAN DİKME DÜĞME;27mm;43 boy;3.;24;;;;;;
;2086737;ÇIT ÇIT;37mm;59 boy;7,708.;8;;;;;;
;2087028;ALTTAN DİKME DÜĞME;28mm;45 boy;6,11.;12;;;;;;
;2087035;ALTTAN DİKME DÜĞME;;56 boy;;;;;;;;
;2087735;ÇIT ÇIT;35mm;56 boy;8,98.;8;;;;;;
;2088030;TOKA;30 mm;;14.;6;;;;;;
;2089030;TOKA;30mm;;10,226.;10;;;;;;
;2090040;TOKA;40mm;;28,189.;6;;;;;;
;2090040-D;DİL;40mm;;4.1608;12;;;;;;
;2095045;ALTTAN DİKME DÜĞME;45mm;72 boy;6,99.;8;;;;;;
;2091745;ÇIT ÇIT;45mm;;7.482;8;;;;;;
;2092025;TOKA;25mm;;8,737.;10;;;;;;
;2093023;ALTTAN DİKME DÜĞME;23mm;36 boy;3,322.;24;;;;;;
;2094020;ALTTAN DİKME DÜĞME;20mm;32 boy;2,661.;24;;;;;;
;2095;DİKME;90 mm;;15,725.;4;;;;;;
;Zmk1983;ALTTAN DİKME DÜĞME;20mm;32 boy;3,566.;12;;;;;;
;2009015;ALTTAN DİKME DÜĞME;15mm;24 boy;1,604.;32;;;;;;
;2096018;ALTTAN DİKME DÜĞME;18mm;28 boy;1,54.;32;;;;;;
;2096023;ALTTAN DİKME DÜĞME;23mm;36 boy;2,385.;24;;;;;;
;zmk1984;;;;0,303.;24;;;;;;
;2097022;ALTTAN DİKME DÜĞME;22mm;34 boy;2,935.;24;;;;;;
;2098020;ALTTAN DİKME DÜĞME;20mm;32 boy;2,566.;24;;;;;;
;2099011;ALTTAN DİKME DÜĞME;11mm;18 boy;1,10.;48;;;;;;
;2100811;BAĞ UCU;11mm;;1,22.;12;;;;;;
;2101050;TOKA;50mm;;9,278.;6;;;;;;
;2102023;ALTTAN DİKME DÜĞME;23mm;36 boy;3,666.;24;;;;;;
;ZMK1985110;TOKA;10mm;16 Boy  ;toka 0,962. pul 0,292.;takım 20 göz;;;;;;
;2103022;ALTTAN DİKME DÜĞME;22mm;34 boy;1,99.;24;;;;;;
;2103018;ALTTAN DİKME DÜĞME;18mm;28 boy;1,311.;24;;;;;;
;2104;TOKA;;;16,89.;2;;;;;;
;2105024;ALTTAN DİKME DÜĞME;24mm;38 boy;2,4655.;24;;;;;;
;2106050;PİRSİNG;50mm;;4.;12;;;;;;
;2107030;TOKA;30mm;;16,84.;2;;;;;;
;2108;TOKA;50mm;;11,222 pullu gramaj;4;;;;;;
;2110753;ÇIT ÇIT;53mm;;7,857.;6;;;;;;
;2111735;ÇIT ÇIT;35mm;;7,557.;10;;;;;;
;2112750;ÇIT ÇIT;50mm;;7,50.;6;;;;;;
;ZMK1987;PLAKA;;;0,7659.;12;;;;;;
;2113015;ALTTAN DİKME DÜĞME;15mm;24 boy;1,773.;32;;;;;;
alttaki modelin düğmesi;2114036;ALTTAN DİKME DÜĞME;36mm;;5,89.;8;;;;;;
;2114736;ÇIT ÇIT;36mm;;6,118.;8;;;;;;
;2115737;ÇIT ÇIT;37mm;;5,299.;8;;;;;;
;2116050;TOKA;50mm;;26,146.;6;;;;;;
;2117758;ÇIT ÇIT;58mm;;11,147.;2;;;;;;
;2117058;ALTTAN DİKME DÜĞME;58mm;;11,59.;2;;;;;;
;2117158-K;TOKA;58mm;;11,988.;2;;;;;;
;2118;TOKA;;;12,797.;8;;;;;;
;2119;SALLANTI;;;1,699.;20;;;;;;
;2120;KÖPRÜ;;;KÖPRÜ 31,46. PUL 10,17.;KÖPRÜ 4 PUL 4 ;;;;;;
;2121;TOKA;;;7,240.;8;;;;;;
;2122745;ÇIT ÇIT;45mm;;6,26.;8;;;;;;
;2122045;ALTTAN DİKME DÜĞME;45mm;;5,82.;8;;;;;;
;2112750;ÇIT ÇIT;50mm;;7,50.;6;;;;;;
;2112050;ALTTAN DİKME DÜĞME;50mm;;7,656.;6;;;;;;
;2123;KÖPRÜ;;;14,70.;4;;;;;;
;2124020;ALTTAN DİKME DÜĞME;20mm;;2,212.;20;;;;;;
;2126746;ÇIT ÇIT;46mm;;8,516.;6;;;;;;
;2127020;TOKA;20mm;;5,08.;4;;;;;;
;2133032;ALTTAN DİKME DÜĞME;32mm;51 boy;4,33.;12;;;;;;
;2137020;ALTTAN DİKME DÜĞME;20mm;32 boy;3,062.;24;;;;;;
;2137023;ALTTAN DİKME DÜĞME;23mm;36 boy;3,124.;24;;;;;;
;2138032;ALTTAN DİKME DÜĞME;32mm;51 boy;3,715.;8;;;;;;
;2139022;ALTTAN DİKME DÜĞME;22mm;35 boy;3,658.;12;;;;;;
;2134040;TOKA;40mm;;28,73.;4;;;;;;
;2134040;PUL;40mm;;2.475;24;;;;;;
;2117058;ALTTAN DİKME DÜĞME;58mm;93 boy;11,59.;2;;;;;;
;2135737;ÇIT ÇIT;37mm;59 boy;6,636.;10;;;;;;
;2111035;ALTTAN DİKME DÜĞME;35mm;56 boy;7,32.;10;;;;;;
;2111735;ÇIT ÇIT;35mm;56 boy;7,557.;10;;;;;;
;2135737;ÇIT ÇIT;37mm;59 boy;6,636.;10;;;;;;
;2130;TOKA;;;8,73.;8;;;;;;
;2131;TOKA;;;13,10.;4;;;;;;
;2132040;TOKA;40mm;;10,02.;6;;;;;;
;2129080;TOKA;80mm;;24,10.;2;;;;;;
;2136;PİRSİNG;;;11,2.;4;;;;;;
;ZMK1988;PLAKA;;;0,427.;12;;;;;;
;2140019;ALTTAN DİKME DÜĞME;19mm;32 boy;1,743.;32;;;;;;
;2141050;TOKA;50mm;;5,60.;4;;;;;;
;2142040;TOKA;40mm;;14,455.;6;;;;;;
;2143;ALTTAN DİKME DÜĞME;;;3,198.;24;;;;;;
;2128042;ALTTAN DİKME DÜĞME;42mm;67 boy;9,815.;8;;;;;;
;2110053;ALTTAN DİKME DÜĞME;53mm;83 boy;7,174.;6;;;;;;
;2144018;ALTTAN DİKME DÜĞME;18mm;28 boy;1,88.;32;;;;;;
;2145025;ALTTAN DİKME DÜĞME;25mm;40 boy;2,873.;10;;;;;;
;2146015;ALTTAN DİKME DÜĞME;15mm;24 boy;1,4765.;32;;;;;;
;2146020;ALTTAN DİKME DÜĞME;20mm;32 boy;;;;;;;;
;2146018;ALTTAN DİKME DÜĞME;18mm;28 boy;1,967.;40;;;;;;
;2147761;ÇIT ÇIT;61mm;98 boy;17,0285.;2;;;;;;
;2148030;TOKA;30mm;;12,90.;4;;;;;;
;2150018;ALTTAN DİKME DÜĞME;18mm;28 boy;2,1776.;32;;;;;;
;2149015.5;ALTTAN DİKME DÜĞME;15,5mm;26 boy;2,1446.;32;;;;;;
;2151819;BAĞ UCU;19mm;;6,30.;12;;;;;;
;2152;TOKA;;;8,89.;6;;;;;;
;2152-PL;PUL;;;0,59.;32;;;;;;
;2155078;TOKA;78mm;;20,984.;4;;;;;;
;2156050;TOKA;50mm;;14,279.;4;;;;;;
;2108;PUL;;;1,09.;24;;;;;;
;2157072;ALTTAN DİKME DÜĞME;72mm;115 boy;15,188.;4;;;;;;
;2158;PİRSİNG;;;16,8854.;6;;;;;;
;2159021;ALTTAN DİKME DÜĞME;21mm;34 boy;2,4098.;20;;;;;;
;2154025;TOKA;25mm;;8,21.;8;;;;;;
;2160018;ALTTAN DİKME DÜĞME;18mm;28 boy;1,874.;32;;;;;;
;2160030;TOKA;30mm;;13,246.;8;;;;;;
;2162063;TOKA;63mm;;10,529.;2;;;;;;
;2127020;TOKA;20mm;;5,08.;10;;;;;;
;1801060-K;TOKA;60mm;;18,667.;2;;;;;;
;2163030-K;TOKA;30mm;;5,351.;12;;;;;;
;2163037-K;TOKA;37mm;;5,84.;16;;;;;;
;ÜSTTEKİ ÜRÜNÜN PULU;PUL;;;2,3365.;24;;;;;;
;2164022;ALTTAN DİKME DÜĞME;22mm;34 boy;2,2354.;24;;;;;;
;2165023;ALTTAN DİKME DÜĞME;23mm;36 boy;3,72.;24;;;;;;
;2166027;ALTTAN DİKME DÜĞME;27mm ;43 boy;4,0842.;10;;;;;;
;2167;PLAKA;;;1,148.;24;;;;;;
;2167-2;PLAKA;;;1,07.;24;;;;;;
;2167-PL;PUL;;;0,54.;24;;;;;;
;2070933;ÜSTTEN DİKME DÜĞME;33 mm;53 boy;11,195.;8;;;;;;
;2167;PLAKA;;;1,148.;24;;;;;;
;2168015;TOKA;15 mm;;4,077.;12;;;;;;
;2169019;ALTTAN DİKME DÜĞME;19mm;;2,099.;32;;;;;;
;2170028;ALTTAN DİKME DÜĞME;28mm;45 boy;2,377.;24;;;;;;
;2171011;ALTTAN DİKME DÜĞME;11mm;17 boy;1,031.;48;;;;;;
;2172018;ALTTAN DİKME DÜĞME;18mm;28 boy;1,72.;32;;;;;;
;2173038;ALTTAN DİKME DÜĞME;38mm;60 boy;6,22.;8;;;;;;
;2174023;ALTTAN DİKME DÜĞME;23mm;;4,05.;10;;;;;;
;2175;TOKA;;;8,36.;2;;;;;;
;;;;;;;;;;;;
;ZMK1990;PLAKA;;;2,362.;8;;;;;;
;ZMK1991;PLAKA;;;3,74.;6;;;;;;
;ZMK1992;SALLANTI;;;1,22.;12;;;;;;
;;;;;;F;;;;;;
;2178034;ALTTAN DİKME DÜĞME;34mm;54 boy;5,509.;6;;;;;;
;2179037-K;KÖPRÜ;37mm;pul için 2152 kodlu sarmal tokanın pulu kullanılıyor;6,098.;6;;;;;;
yukardaki tokanın pulu;2152-PL;PUL;;;0,59.;32;;;;;;
;2180030;ALTTAN DİKME DÜĞME;30mm;48 boy;6,67.;8;;;;;;
;2181028;PİERCİNG;28mm;;5,04.;8;;;;;;
;2182020;HALKA;20mm;;6,90.;8;;;;;;
;2184034;ALTTAN DİKME DÜĞME;34mm;54 boy;3,93.;8;;;;;;
;2185029;ALTTAN DİKME DÜĞME;29mm;46 boy;3,696.;8;;;;;;
;2186032;ALTTAN DİKME DÜĞME;32mm;51 boy;9,010.;8;;;;;;
;2128742;ÇIT ÇIT;42mm;67 boy;;8;;;;;;
;2126746;ÇIT ÇIT;46mm;73 boy;8,516.;6;;;;;;
;21610228;ALTTAN DİKME DÜĞME;28mm;;2,441.;8;;;;;;
;182160;TOKA;60mm;;18,667.;2;;;;;;
;20860337;ALTTAN DİKME DÜĞME;37mm;59 boy;6,52.;8;;;;;;
;2107035;TOKA;35mm;;16.84;2;;;;;;
;19860110;DİKME PLAKA;10mm;16 boy;0,5437.;20;;;;;;
;1608015;ALTTAN DİKME DÜĞME;15mm;24 boy;;32;;;;;;
;21060;;;;;10;;;;;;
;2228;TOKA;;;10,715.;2;;;;;;
;2231021;TOKA;21mm;;18,08.;4;;;;;;
;2232;TOKA;;;8,38.;4+4;;;;;;
;2211750;ÇIT ÇIT;50mm;80 boy;9,76.;4;;;;;;
;2214035;TOKA;35mm;;11,38.;8;;;;;;
;2214035;TOKA;35mm;;1,033.;32;;;;;;
;2216020;TOKA;20mm;;12,49.;8;;;;;;
;2218020;TOKA;20mm;;7,854.;8;;;;;;
;222059;TOKA;59mm;;16,00.;4+4;;;;;;
;2221040;TOKA;40mm;;8,82.;4;;;;;;
;2213019;TOKA;19mm;;8,131.;8;;;;;;
;2215040;TOKA;40mm;;11,36.;2;;;;;;
;1606915;ÜSTTEN DİKME DÜĞME;15mm;24 boy;1,05.;16;;;;;;
;2078149;TOKA;49mm;;16 gr toka-1,356. pul;2+2;;;;;;
;2233;TOKA;;;2,354.;8;;;;;;
;223415;TOKA;15mm;;3,847.;8;;;;;;
;2235022;TOKA;22mm;;4,747.;10;;;;;;
;2236034;TOKA;34mm;;5,525.;8;;;;;;
;2227735;ÇIT ÇIT;35mm;;9,48.;4;;;;;;
;2241010;TOKA;10mm;;1,66.;12;;;;;;
;2243009;TOKA;09mm;;3,11.;10;;;;;;
;2242010;TOKA;10mm;;4,36.;12;;;;;;
;2276;BOYUNLUK;76mm;;15.63.;1;;;;;;
;2224075;TOKA;75mm;;;4+4;;;;;;
;2223010;ALTTAN DİKME DÜĞME;10mm;;0,7915.;40;;;;;;
;2225806;BAĞ UCU;06mm;;1.542;16;;;;;;
